PLT_CN,PDSI_ATA_bin
1.4167E+13,1
1.4167E+13,1
1.4167E+13,2
1.4167E+13,2
1.4167E+13,2
1.41671E+13,2
1.41671E+13,2
1.41671E+13,1
1.41671E+13,2
1.41671E+13,1
1.41671E+13,2
1.41671E+13,1
1.41671E+13,1
1.41671E+13,1
1.41671E+13,1
1.41671E+13,1
1.41671E+13,1
1.41671E+13,1
1.41671E+13,1
1.41671E+13,1
1.41671E+13,2
1.41671E+13,1
1.41671E+13,1
1.41671E+13,1
1.41671E+13,1
1.42629E+13,2
1.42629E+13,2
1.4511E+13,2
1.45111E+13,2
1.45111E+13,2
1.45111E+13,2
1.45111E+13,2
1.45113E+13,2
1.45113E+13,2
1.45113E+13,2
1.45114E+13,2
1.45114E+13,2
1.45114E+13,2
1.45114E+13,2
1.45114E+13,2
1.45114E+13,2
1.45114E+13,2
1.45114E+13,2
1.45114E+13,2
1.45115E+13,2
1.45115E+13,2
1.45115E+13,2
1.45116E+13,2
1.45116E+13,2
1.45116E+13,2
1.45116E+13,2
1.45117E+13,2
1.45117E+13,2
1.45117E+13,2
1.45117E+13,2
1.45117E+13,2
1.45117E+13,2
1.45117E+13,2
1.45117E+13,2
1.45117E+13,2
1.45117E+13,2
1.45117E+13,2
1.45117E+13,2
1.45118E+13,2
1.45141E+13,2
1.45143E+13,2
1.45144E+13,3
1.45145E+13,3
1.45147E+13,2
1.45147E+13,2
1.45147E+13,2
1.45147E+13,2
1.4515E+13,2
1.45151E+13,2
1.45151E+13,2
1.45151E+13,2
1.45151E+13,2
1.45152E+13,2
1.45152E+13,2
1.45152E+13,2
1.45152E+13,2
1.45153E+13,2
1.45153E+13,3
1.45168E+13,3
1.45174E+13,5
1.45178E+13,3
1.4518E+13,5
1.4518E+13,4
1.45181E+13,5
1.45182E+13,3
1.45182E+13,3
1.45182E+13,3
1.45202E+13,2
1.45202E+13,1
1.45202E+13,1
1.45202E+13,2
1.45202E+13,2
1.45202E+13,3
1.45202E+13,3
1.45202E+13,2
1.45202E+13,2
1.45202E+13,2
1.45202E+13,2
1.45203E+13,2
1.45203E+13,2
1.45203E+13,2
1.45203E+13,2
1.45203E+13,2
1.45203E+13,2
1.45203E+13,3
1.45203E+13,2
1.45203E+13,2
1.45204E+13,2
1.45206E+13,1
1.45206E+13,1
1.45206E+13,2
1.45206E+13,2
1.45206E+13,1
1.45206E+13,1
1.45206E+13,2
1.45206E+13,1
1.45206E+13,1
1.45206E+13,1
1.45206E+13,1
1.45206E+13,1
1.45206E+13,1
1.45207E+13,1
1.45207E+13,1
1.45207E+13,1
1.45207E+13,1
1.45207E+13,1
1.45207E+13,1
1.45207E+13,1
1.45207E+13,1
1.45207E+13,1
1.45207E+13,1
1.45207E+13,1
1.45207E+13,1
1.45207E+13,1
1.45207E+13,1
1.45207E+13,1
1.45207E+13,1
1.45207E+13,1
1.45207E+13,1
1.45207E+13,2
1.45207E+13,2
1.45207E+13,2
1.45207E+13,2
1.45207E+13,2
1.45207E+13,1
1.45207E+13,2
1.45207E+13,2
1.45207E+13,2
1.45207E+13,2
1.45207E+13,2
1.45207E+13,2
1.45207E+13,2
1.45208E+13,2
1.45208E+13,1
1.45208E+13,1
1.45208E+13,1
1.45212E+13,7
1.45213E+13,8
1.45214E+13,7
1.45215E+13,7
1.45215E+13,7
1.45217E+13,8
1.45218E+13,7
1.45218E+13,7
1.4522E+13,6
1.45221E+13,5
1.45222E+13,6
1.45222E+13,4
1.45223E+13,5
1.45224E+13,4
1.45224E+13,3
1.45225E+13,3
1.45248E+13,2
1.45248E+13,3
1.45252E+13,6
1.45252E+13,5
1.45253E+13,5
1.45254E+13,5
1.45255E+13,6
1.45256E+13,3
1.45257E+13,4
1.4526E+13,3
1.45261E+13,4
1.45277E+13,1
1.45278E+13,1
1.45278E+13,2
1.45281E+13,4
1.45281E+13,6
1.45282E+13,5
1.45282E+13,5
1.45282E+13,8
1.45282E+13,8
1.45282E+13,5
1.45282E+13,5
1.45282E+13,5
1.45282E+13,5
1.45282E+13,4
1.45282E+13,4
1.45283E+13,6
1.45283E+13,6
1.45285E+13,7
1.45312E+13,2
1.45312E+13,1
1.45312E+13,1
1.45312E+13,2
1.45313E+13,1
1.45313E+13,1
1.45313E+13,1
1.45313E+13,1
1.45313E+13,1
1.45313E+13,2
1.45313E+13,1
1.45313E+13,1
1.45314E+13,1
1.45314E+13,1
1.45314E+13,1
1.45314E+13,2
1.45314E+13,1
1.45315E+13,2
1.45315E+13,1
1.45315E+13,2
1.45315E+13,2
1.45315E+13,1
1.45315E+13,1
1.45316E+13,1
1.45316E+13,1
1.45316E+13,1
1.45316E+13,1
1.45316E+13,1
1.45316E+13,1
1.45316E+13,1
1.45316E+13,1
1.45316E+13,1
1.45316E+13,2
1.45316E+13,1
1.45317E+13,1
1.45317E+13,2
1.45317E+13,1
1.45317E+13,1
1.45317E+13,1
1.45317E+13,1
1.45317E+13,1
1.45317E+13,1
1.45318E+13,2
1.45318E+13,1
1.45318E+13,1
1.45318E+13,1
1.45318E+13,1
1.45318E+13,1
1.45318E+13,1
1.45318E+13,2
1.45318E+13,1
1.45318E+13,1
1.45318E+13,1
1.45318E+13,1
1.45318E+13,2
1.45318E+13,2
1.45318E+13,2
1.45318E+13,1
1.45318E+13,1
1.45318E+13,1
1.45318E+13,1
1.45319E+13,1
1.45319E+13,1
1.45319E+13,1
1.45319E+13,1
1.45319E+13,1
1.45319E+13,1
1.45319E+13,2
1.45319E+13,1
1.45319E+13,1
1.45319E+13,1
1.4532E+13,2
1.4532E+13,2
1.4532E+13,2
1.4532E+13,1
1.4532E+13,1
1.4532E+13,1
1.45321E+13,1
1.45321E+13,1
1.45321E+13,1
1.45321E+13,1
1.45321E+13,2
1.45321E+13,1
1.45321E+13,2
1.45321E+13,2
1.45321E+13,2
1.45321E+13,2
1.45321E+13,2
1.45321E+13,1
1.45321E+13,1
1.45321E+13,1
1.45322E+13,1
1.45322E+13,1
1.45322E+13,1
1.45322E+13,1
1.45322E+13,1
1.45322E+13,1
1.45322E+13,1
1.45322E+13,1
1.45322E+13,1
1.45323E+13,2
1.45323E+13,2
1.45323E+13,2
1.45323E+13,2
1.45323E+13,1
1.45323E+13,2
1.45323E+13,2
1.45323E+13,2
1.45323E+13,1
1.45323E+13,1
1.45324E+13,1
1.56506E+13,2
1.56506E+13,3
1.56507E+13,2
1.56507E+13,2
1.56507E+13,2
1.56507E+13,2
1.56507E+13,2
1.56508E+13,3
1.56508E+13,2
1.56508E+13,2
1.56508E+13,2
1.56508E+13,2
1.56508E+13,2
1.56509E+13,3
1.5651E+13,2
1.5651E+13,2
1.5651E+13,2
1.56511E+13,3
1.56511E+13,2
1.56512E+13,2
1.56512E+13,2
1.56513E+13,2
1.56513E+13,2
1.56513E+13,2
1.56514E+13,2
1.56514E+13,2
1.56514E+13,2
1.56514E+13,2
1.56516E+13,2
1.56516E+13,2
1.56516E+13,2
1.56516E+13,2
1.56516E+13,2
1.56516E+13,2
1.56516E+13,3
1.56516E+13,2
1.56517E+13,2
1.56517E+13,2
1.56517E+13,2
1.56517E+13,2
1.56517E+13,2
1.56517E+13,2
1.56517E+13,2
1.56518E+13,2
1.56662E+13,1
1.56662E+13,1
1.56662E+13,1
1.56662E+13,2
1.56663E+13,1
1.56663E+13,1
1.56664E+13,1
1.56664E+13,1
1.56665E+13,1
1.56665E+13,1
1.56665E+13,1
1.56665E+13,1
1.56665E+13,1
1.56666E+13,1
1.56666E+13,1
1.56666E+13,1
1.56667E+13,1
1.56667E+13,1
1.56667E+13,1
1.56668E+13,2
1.56668E+13,2
1.56668E+13,2
1.56668E+13,1
1.56668E+13,1
1.57219E+13,1
1.57219E+13,1
1.57219E+13,1
1.57219E+13,2
1.57219E+13,1
1.57219E+13,1
1.57219E+13,2
1.57219E+13,1
1.57219E+13,1
1.57219E+13,2
1.57219E+13,2
1.57219E+13,2
1.57219E+13,2
1.57219E+13,2
1.57219E+13,1
1.57219E+13,1
1.5722E+13,1
1.5722E+13,2
1.5722E+13,2
1.5722E+13,1
1.5722E+13,1
1.5722E+13,1
1.5722E+13,2
1.5722E+13,2
1.5722E+13,2
1.5722E+13,1
1.5722E+13,1
1.5722E+13,2
1.57221E+13,1
1.57221E+13,1
1.57221E+13,1
1.57221E+13,1
1.57221E+13,1
1.57221E+13,1
1.57221E+13,1
1.57221E+13,1
1.57221E+13,1
1.57221E+13,1
1.57221E+13,1
1.57221E+13,1
1.57221E+13,1
1.57221E+13,1
1.57221E+13,1
1.57221E+13,2
1.57221E+13,2
1.57221E+13,1
1.57221E+13,1
1.57221E+13,1
1.57221E+13,1
1.57222E+13,1
1.57222E+13,1
1.57222E+13,1
1.57222E+13,2
1.57222E+13,2
1.57222E+13,1
1.57222E+13,2
1.57222E+13,2
1.57222E+13,2
1.57222E+13,1
1.57222E+13,1
1.57222E+13,1
1.57222E+13,1
1.57222E+13,1
1.57222E+13,1
1.57222E+13,2
1.57222E+13,1
1.57222E+13,1
1.57222E+13,2
1.57222E+13,1
1.57222E+13,1
1.57222E+13,1
1.57222E+13,1
1.57222E+13,1
1.57222E+13,1
1.57223E+13,1
1.57223E+13,1
1.57223E+13,2
1.57223E+13,2
1.57223E+13,2
1.57223E+13,2
1.57223E+13,2
1.57223E+13,2
1.57223E+13,2
1.57224E+13,2
1.57224E+13,1
1.57224E+13,1
1.57224E+13,1
1.57224E+13,1
1.57224E+13,1
1.57224E+13,1
1.57224E+13,1
1.57224E+13,1
1.57224E+13,1
1.57224E+13,1
1.57224E+13,1
1.57224E+13,1
1.57224E+13,1
1.57224E+13,1
1.57224E+13,2
1.57224E+13,2
1.57224E+13,2
1.57225E+13,2
1.57225E+13,2
1.57225E+13,2
1.57225E+13,2
1.57225E+13,1
1.57225E+13,2
1.57225E+13,1
1.57225E+13,1
1.57225E+13,2
1.57225E+13,1
1.57225E+13,1
1.57225E+13,2
1.57225E+13,2
1.57225E+13,1
1.57225E+13,1
1.57226E+13,2
1.57226E+13,2
1.57226E+13,2
1.57226E+13,2
1.57226E+13,2
1.57226E+13,2
1.57226E+13,2
1.57226E+13,2
1.57227E+13,2
1.57227E+13,2
1.57227E+13,2
1.57228E+13,2
1.57228E+13,2
1.57228E+13,2
1.57228E+13,2
1.57228E+13,2
1.57228E+13,2
1.57229E+13,2
1.57229E+13,2
1.57229E+13,3
1.5723E+13,2
1.5723E+13,2
1.5723E+13,2
1.5723E+13,2
1.5723E+13,2
1.5723E+13,2
1.57231E+13,2
1.57231E+13,2
1.57231E+13,1
1.5739E+13,2
1.57392E+13,2
1.57394E+13,2
1.57394E+13,2
1.57395E+13,1
1.57396E+13,1
1.57396E+13,1
1.57396E+13,1
1.57396E+13,5
1.57398E+13,2
1.57399E+13,2
1.57399E+13,1
1.57399E+13,1
1.574E+13,1
1.57401E+13,1
1.57401E+13,2
1.57403E+13,1
1.57403E+13,1
1.57406E+13,1
1.57406E+13,2
1.57491E+13,2
1.57491E+13,3
1.57491E+13,2
1.57491E+13,3
1.57492E+13,3
1.57492E+13,3
1.57492E+13,2
1.57492E+13,2
1.57492E+13,3
1.57492E+13,2
1.57492E+13,3
1.57492E+13,3
1.57492E+13,2
1.57492E+13,2
1.57492E+13,2
1.57492E+13,2
1.57492E+13,2
1.57492E+13,2
1.57492E+13,2
1.57493E+13,3
1.57493E+13,3
1.57493E+13,3
1.57493E+13,3
1.57493E+13,3
1.57493E+13,3
1.57493E+13,3
1.57493E+13,3
1.57494E+13,3
1.57494E+13,3
1.57494E+13,3
1.57494E+13,3
1.57494E+13,3
1.57494E+13,3
1.57494E+13,3
1.57494E+13,3
1.57494E+13,3
1.57495E+13,3
1.57495E+13,3
1.57495E+13,3
1.57496E+13,3
1.57496E+13,3
1.57496E+13,3
1.57496E+13,3
1.57496E+13,3
1.57497E+13,3
1.57497E+13,2
1.57497E+13,2
1.57497E+13,3
1.57497E+13,2
1.57497E+13,3
1.57497E+13,3
1.57497E+13,2
1.57497E+13,2
1.57498E+13,3
1.57498E+13,3
1.57498E+13,3
1.57498E+13,3
1.57498E+13,2
1.57498E+13,2
1.57498E+13,3
1.57498E+13,3
1.57498E+13,2
1.57498E+13,3
1.57498E+13,3
1.57498E+13,3
1.57498E+13,2
1.57498E+13,3
1.57498E+13,2
1.57498E+13,2
1.57499E+13,2
1.57499E+13,2
1.57499E+13,3
1.57499E+13,3
1.57499E+13,3
1.57499E+13,2
1.57499E+13,3
1.57499E+13,2
1.57499E+13,2
1.57499E+13,2
1.57499E+13,2
1.57499E+13,2
1.57499E+13,2
1.57499E+13,3
1.57499E+13,3
1.575E+13,3
1.575E+13,3
1.575E+13,3
1.575E+13,3
1.575E+13,2
1.575E+13,2
1.575E+13,2
1.575E+13,2
1.575E+13,3
1.575E+13,2
1.575E+13,3
1.575E+13,2
1.57501E+13,2
1.57501E+13,2
1.57501E+13,2
1.57501E+13,2
1.57501E+13,2
1.57501E+13,3
1.57501E+13,3
1.57501E+13,3
1.57501E+13,3
1.57501E+13,2
1.57501E+13,2
1.57501E+13,2
1.57501E+13,2
1.57501E+13,2
1.57501E+13,2
1.57501E+13,2
1.57502E+13,2
1.57502E+13,2
1.57502E+13,2
1.57502E+13,2
1.57502E+13,2
1.57502E+13,3
1.57502E+13,3
1.57502E+13,2
1.57502E+13,2
1.57502E+13,3
1.57502E+13,3
1.57502E+13,3
1.57503E+13,3
1.57503E+13,2
1.57503E+13,2
1.57503E+13,2
1.57503E+13,2
1.57503E+13,2
1.57503E+13,2
1.57503E+13,2
1.57503E+13,2
1.57503E+13,2
1.57503E+13,2
1.57503E+13,2
1.57503E+13,2
1.57503E+13,3
1.57503E+13,3
1.57503E+13,2
1.57503E+13,2
1.57504E+13,2
1.57504E+13,2
1.57504E+13,2
1.57504E+13,2
1.57504E+13,2
1.57504E+13,2
1.57504E+13,3
1.57504E+13,2
1.57504E+13,2
1.57504E+13,2
1.57504E+13,2
1.57505E+13,2
1.57505E+13,2
1.57505E+13,2
1.57505E+13,2
1.57505E+13,2
1.57505E+13,3
1.57505E+13,2
1.58024E+13,1
1.58024E+13,1
1.58024E+13,1
1.58024E+13,2
1.58024E+13,2
1.58024E+13,1
1.58024E+13,2
1.58024E+13,1
1.58024E+13,1
1.58024E+13,1
1.58024E+13,1
1.58024E+13,1
1.58024E+13,1
1.58024E+13,1
1.58024E+13,1
1.58024E+13,1
1.58024E+13,1
1.58024E+13,2
1.58024E+13,1
1.58024E+13,1
1.58024E+13,1
1.58024E+13,1
1.58024E+13,1
1.58024E+13,1
1.58024E+13,1
1.58024E+13,1
1.58024E+13,1
1.58024E+13,1
1.58024E+13,1
1.58024E+13,1
1.58025E+13,1
1.58025E+13,1
1.58025E+13,2
1.58025E+13,1
1.58025E+13,1
1.58025E+13,1
1.58025E+13,1
1.58025E+13,1
1.58025E+13,1
1.58025E+13,1
1.58025E+13,1
1.58025E+13,1
1.58025E+13,1
1.58025E+13,1
1.58025E+13,1
1.58025E+13,1
1.58025E+13,1
1.58025E+13,1
1.58025E+13,1
1.58025E+13,1
1.58025E+13,1
1.58025E+13,1
1.58025E+13,1
1.58025E+13,1
1.58025E+13,1
1.58025E+13,1
1.58025E+13,1
1.58025E+13,1
1.58025E+13,2
1.58025E+13,1
1.58025E+13,1
1.58025E+13,1
1.58025E+13,1
1.58062E+13,1
1.58063E+13,1
1.58063E+13,1
1.58063E+13,1
1.58063E+13,1
1.58063E+13,1
1.58063E+13,1
1.58063E+13,1
1.58063E+13,1
1.58063E+13,1
1.58063E+13,1
1.58063E+13,1
1.58063E+13,1
1.58063E+13,1
1.58063E+13,1
1.58063E+13,1
1.58063E+13,1
1.58063E+13,1
1.58064E+13,1
1.58064E+13,1
1.58064E+13,1
1.58064E+13,1
1.58064E+13,1
1.58064E+13,1
1.58064E+13,2
1.58064E+13,1
1.58064E+13,1
1.58064E+13,1
1.58064E+13,1
1.58064E+13,1
1.58064E+13,1
1.58064E+13,1
1.58064E+13,1
1.58065E+13,1
1.58065E+13,1
1.58065E+13,1
1.58065E+13,2
1.58065E+13,1
1.58065E+13,2
1.58065E+13,2
1.58065E+13,1
1.58065E+13,1
1.58066E+13,1
1.58066E+13,1
1.58066E+13,1
1.58066E+13,1
1.58066E+13,1
1.58066E+13,1
1.58066E+13,1
1.58066E+13,1
1.58066E+13,1
1.58066E+13,1
1.58066E+13,2
1.58066E+13,1
1.58066E+13,1
1.58066E+13,1
1.58066E+13,1
1.58066E+13,1
1.58066E+13,1
1.58066E+13,1
1.58066E+13,1
1.58066E+13,1
1.58066E+13,2
1.58066E+13,1
1.58066E+13,1
1.58066E+13,1
1.58066E+13,1
1.58066E+13,1
1.58066E+13,1
1.58066E+13,2
1.58066E+13,1
1.58066E+13,1
1.58066E+13,1
1.58067E+13,1
1.58067E+13,1
1.58067E+13,1
1.58067E+13,1
1.58067E+13,1
1.58067E+13,1
1.58067E+13,1
1.58067E+13,1
1.58067E+13,1
1.58067E+13,1
1.58067E+13,2
1.58067E+13,1
1.58067E+13,1
1.58067E+13,1
1.58067E+13,2
1.58067E+13,2
1.58067E+13,1
1.58067E+13,1
1.58067E+13,1
1.58067E+13,1
1.58067E+13,1
1.58067E+13,1
1.58067E+13,1
1.58067E+13,1
1.58067E+13,1
1.58067E+13,1
1.58067E+13,1
1.58067E+13,1
1.58068E+13,2
1.58068E+13,1
1.58068E+13,1
1.58068E+13,1
1.58068E+13,1
1.58068E+13,1
1.58068E+13,1
1.58068E+13,1
1.58068E+13,1
1.58068E+13,1
1.58068E+13,1
1.58068E+13,1
1.58068E+13,1
1.58068E+13,1
1.58068E+13,1
1.58068E+13,1
1.58068E+13,1
1.58068E+13,1
1.58068E+13,1
1.58068E+13,1
1.58068E+13,2
1.58068E+13,1
1.58069E+13,1
1.58069E+13,1
1.58069E+13,1
1.58069E+13,1
1.58069E+13,1
1.58069E+13,1
1.58069E+13,1
1.58069E+13,1
1.58069E+13,1
1.58069E+13,1
1.58069E+13,1
1.58069E+13,1
1.58069E+13,1
1.58069E+13,1
1.58069E+13,1
1.58069E+13,1
1.58069E+13,1
1.58069E+13,1
1.5807E+13,1
1.5807E+13,1
1.5807E+13,1
1.5807E+13,1
1.5807E+13,1
1.5807E+13,1
1.5807E+13,2
1.5807E+13,1
1.5807E+13,1
1.5807E+13,1
1.5807E+13,1
1.5807E+13,1
1.5807E+13,1
1.5807E+13,1
1.5807E+13,1
1.5807E+13,1
1.5807E+13,1
1.5807E+13,1
1.5807E+13,1
1.5807E+13,1
1.5807E+13,1
1.5807E+13,1
1.5807E+13,1
1.5807E+13,1
1.5807E+13,1
1.5807E+13,1
1.5807E+13,1
1.5807E+13,1
1.5807E+13,1
1.5807E+13,1
1.5807E+13,1
1.5807E+13,1
1.5807E+13,1
1.5807E+13,1
1.5807E+13,1
1.5807E+13,2
1.58071E+13,1
1.58071E+13,1
1.58071E+13,1
1.58071E+13,1
1.58071E+13,1
1.58071E+13,1
1.58071E+13,1
1.58071E+13,1
1.58071E+13,1
1.58071E+13,1
1.58071E+13,1
1.58071E+13,1
1.58071E+13,1
1.58071E+13,1
1.58071E+13,1
1.58071E+13,1
1.58071E+13,1
1.58071E+13,1
1.58071E+13,1
1.58071E+13,2
1.58072E+13,1
1.58072E+13,1
1.58072E+13,1
1.58072E+13,1
1.58072E+13,1
1.58072E+13,1
1.58072E+13,2
1.58072E+13,1
1.58072E+13,1
1.58072E+13,1
1.58072E+13,1
1.58072E+13,2
1.58072E+13,2
1.58072E+13,1
1.58073E+13,1
1.58073E+13,1
1.58073E+13,1
1.58073E+13,1
1.58073E+13,1
1.58073E+13,1
1.58073E+13,1
1.58073E+13,2
1.62322E+13,2
1.62323E+13,2
1.62323E+13,2
1.62323E+13,2
1.62323E+13,2
1.62323E+13,2
1.62324E+13,2
1.62324E+13,2
1.62324E+13,3
1.62324E+13,2
1.62324E+13,2
1.62324E+13,2
1.62324E+13,2
1.62324E+13,2
1.62324E+13,2
1.62325E+13,1
1.62325E+13,1
1.62325E+13,2
1.62325E+13,2
1.62325E+13,2
1.62326E+13,2
1.62326E+13,2
1.62327E+13,2
1.62327E+13,2
1.62327E+13,2
1.62328E+13,1
1.62328E+13,2
1.62328E+13,2
1.62328E+13,2
1.62328E+13,2
1.62328E+13,2
1.62328E+13,2
1.62328E+13,2
1.62328E+13,1
1.62329E+13,2
1.62329E+13,1
1.62329E+13,1
1.62329E+13,2
1.62329E+13,2
1.62329E+13,2
1.62329E+13,2
1.62329E+13,2
1.62329E+13,2
1.62329E+13,1
1.62329E+13,1
1.62329E+13,2
1.6233E+13,2
1.6233E+13,2
1.6233E+13,2
1.6233E+13,1
1.6233E+13,2
1.6233E+13,2
1.6233E+13,2
1.6233E+13,2
1.6233E+13,2
1.62331E+13,2
1.62331E+13,2
1.62331E+13,2
1.62331E+13,2
1.62646E+13,1
1.62646E+13,1
1.62646E+13,1
1.62646E+13,1
1.62646E+13,1
1.62646E+13,1
1.62646E+13,1
1.62646E+13,2
1.62646E+13,1
1.62646E+13,1
1.62646E+13,1
1.62646E+13,1
1.62646E+13,2
1.62646E+13,1
1.62646E+13,2
1.62647E+13,2
1.62647E+13,1
1.62647E+13,1
1.62647E+13,1
1.62647E+13,1
1.62647E+13,1
1.62647E+13,1
1.62647E+13,1
1.62647E+13,1
1.62647E+13,1
1.62647E+13,1
1.62647E+13,1
1.62647E+13,1
1.62647E+13,1
1.62647E+13,1
1.62647E+13,1
1.62647E+13,1
1.62647E+13,1
1.62648E+13,1
1.62648E+13,1
1.62648E+13,1
1.62648E+13,1
1.62648E+13,1
1.62648E+13,2
1.62648E+13,2
1.62648E+13,1
1.62648E+13,1
1.62648E+13,1
1.62648E+13,1
1.62648E+13,1
1.62648E+13,1
1.62648E+13,1
1.62649E+13,1
1.62649E+13,1
1.62649E+13,1
1.62649E+13,1
1.62649E+13,1
1.62649E+13,1
1.62649E+13,1
1.62649E+13,1
1.62649E+13,1
1.62649E+13,1
1.62649E+13,1
1.62649E+13,1
1.62649E+13,1
1.62649E+13,1
1.62649E+13,1
1.6265E+13,1
1.6265E+13,1
1.6265E+13,1
1.6265E+13,1
1.6265E+13,1
1.6265E+13,1
1.6265E+13,2
1.6265E+13,1
1.62651E+13,1
1.62651E+13,1
1.62651E+13,2
1.62651E+13,1
1.62651E+13,1
1.62651E+13,1
1.62651E+13,1
1.62651E+13,1
1.62651E+13,1
1.62651E+13,1
1.62651E+13,1
1.62651E+13,1
1.62651E+13,1
1.62651E+13,1
1.62651E+13,1
1.62651E+13,1
1.62651E+13,1
1.62651E+13,1
1.62651E+13,1
1.62652E+13,1
1.62652E+13,1
1.62652E+13,2
1.62652E+13,1
1.62652E+13,1
1.62652E+13,1
1.62652E+13,1
1.62652E+13,1
1.62652E+13,1
1.62652E+13,2
1.62652E+13,1
1.62652E+13,1
1.62652E+13,2
1.62652E+13,2
1.62652E+13,1
1.62652E+13,1
1.62652E+13,2
1.62652E+13,1
1.62652E+13,1
1.62652E+13,1
1.62652E+13,1
1.62653E+13,1
1.62653E+13,1
1.62653E+13,2
1.62653E+13,2
1.62653E+13,1
1.62653E+13,1
1.62653E+13,1
1.62653E+13,1
1.62653E+13,1
1.62653E+13,2
1.62653E+13,1
1.62653E+13,2
1.62653E+13,1
1.62653E+13,1
1.62653E+13,1
1.62653E+13,1
1.62653E+13,1
1.62653E+13,1
1.62653E+13,1
1.62653E+13,1
1.62653E+13,1
1.62653E+13,1
1.62653E+13,1
1.62653E+13,1
1.62653E+13,1
1.62653E+13,1
1.62654E+13,1
1.62654E+13,1
1.62654E+13,1
1.62654E+13,2
1.62654E+13,1
1.62654E+13,1
1.62654E+13,1
1.62654E+13,1
1.62654E+13,1
1.62654E+13,1
1.62654E+13,1
1.62655E+13,2
1.62655E+13,1
1.62655E+13,1
1.62655E+13,1
1.62655E+13,1
1.62655E+13,1
1.62655E+13,1
1.62655E+13,1
1.62655E+13,2
1.62655E+13,2
1.62655E+13,1
1.62655E+13,1
1.63654E+13,1
1.63654E+13,1
1.63654E+13,1
1.63654E+13,1
1.63654E+13,1
1.63654E+13,1
1.63654E+13,1
1.63654E+13,1
1.63654E+13,1
1.63654E+13,1
1.63654E+13,1
1.63654E+13,1
1.63654E+13,1
1.63654E+13,1
1.63654E+13,1
1.63654E+13,1
1.63654E+13,1
1.63654E+13,1
1.63654E+13,1
1.63654E+13,1
1.63654E+13,1
1.63654E+13,2
1.63654E+13,1
1.63654E+13,2
1.63655E+13,1
1.63655E+13,1
1.63655E+13,1
1.63655E+13,1
1.63655E+13,1
1.63655E+13,1
1.63655E+13,1
1.63655E+13,1
1.63655E+13,1
1.63655E+13,1
1.63655E+13,1
1.63655E+13,1
1.63655E+13,1
1.63655E+13,1
1.63655E+13,1
1.63655E+13,1
1.63655E+13,1
1.63655E+13,1
1.63655E+13,1
1.63655E+13,1
1.63655E+13,1
1.63655E+13,1
1.63655E+13,1
1.63655E+13,1
1.63655E+13,1
1.63656E+13,1
1.63656E+13,1
1.63656E+13,1
1.63656E+13,1
1.63656E+13,1
1.63656E+13,1
1.63656E+13,1
1.63656E+13,1
1.63656E+13,1
1.63656E+13,1
1.63656E+13,1
1.63656E+13,1
1.63656E+13,1
1.63656E+13,1
1.63656E+13,1
1.63656E+13,1
1.63656E+13,1
1.63656E+13,1
1.63656E+13,1
1.63656E+13,1
1.63656E+13,2
2.0635E+13,2
2.0635E+13,2
2.06351E+13,1
2.06352E+13,1
2.06353E+13,2
2.06353E+13,1
2.06355E+13,1
2.06355E+13,2
2.06355E+13,2
2.06356E+13,2
2.0636E+13,2
2.06361E+13,2
2.06362E+13,2
2.06365E+13,2
2.06368E+13,2
2.0637E+13,2
2.06372E+13,2
2.06373E+13,1
2.06374E+13,2
2.06375E+13,1
2.06376E+13,1
2.06378E+13,1
2.0638E+13,2
2.0638E+13,2
2.06381E+13,2
2.06381E+13,2
2.06433E+13,2
2.06434E+13,2
2.06434E+13,2
2.06438E+13,2
2.06438E+13,2
2.06442E+13,1
2.06444E+13,3
2.06449E+13,3
2.06451E+13,1
2.06453E+13,2
2.06459E+13,2
2.06459E+13,2
2.06465E+13,1
2.06468E+13,2
2.06468E+13,2
2.06468E+13,2
2.06469E+13,2
2.06471E+13,2
2.06472E+13,2
2.06472E+13,1
2.06479E+13,1
2.06485E+13,2
2.0649E+13,2
2.06491E+13,2
2.06491E+13,2
2.06492E+13,1
2.06496E+13,2
2.06501E+13,2
2.06504E+13,2
2.06505E+13,1
2.06508E+13,2
2.06508E+13,2
2.06511E+13,1
2.06512E+13,1
2.06519E+13,1
2.06519E+13,2
2.06519E+13,2
2.06524E+13,1
2.06536E+13,2
2.06537E+13,1
2.06539E+13,1
2.06542E+13,1
2.0655E+13,1
2.06551E+13,2
2.06555E+13,1
2.06556E+13,1
2.06558E+13,2
2.06561E+13,2
2.06562E+13,2
2.06565E+13,2
2.06566E+13,2
2.06569E+13,1
2.06571E+13,1
2.06572E+13,1
2.06574E+13,2
2.06575E+13,1
2.06578E+13,2
2.06578E+13,2
2.06579E+13,2
2.06581E+13,1
2.06583E+13,2
2.06584E+13,2
2.06589E+13,1
2.06592E+13,1
2.06593E+13,1
2.06599E+13,2
2.066E+13,2
2.06601E+13,3
2.06603E+13,2
2.06604E+13,2
2.06604E+13,2
2.06604E+13,2
2.06604E+13,2
2.06606E+13,1
2.06609E+13,2
2.06612E+13,2
2.06612E+13,2
2.06613E+13,1
2.06613E+13,1
2.06618E+13,2
2.06618E+13,2
2.0662E+13,2
2.06621E+13,1
2.06621E+13,1
2.06624E+13,2
2.06625E+13,2
2.06625E+13,2
2.06626E+13,2
2.06629E+13,2
2.06633E+13,1
2.06636E+13,1
2.06639E+13,2
2.06639E+13,1
2.06651E+13,2
2.06654E+13,1
2.06659E+13,2
2.06662E+13,1
2.06663E+13,2
2.06664E+13,1
2.0667E+13,2
2.06671E+13,2
2.06672E+13,2
2.06675E+13,2
2.06675E+13,3
2.23005E+13,2
2.23005E+13,2
2.23007E+13,2
2.23008E+13,2
2.23012E+13,2
2.23015E+13,2
2.23019E+13,2
2.23021E+13,2
2.23022E+13,2
2.23022E+13,2
2.23026E+13,2
2.23031E+13,2
2.23032E+13,2
2.23037E+13,2
2.23044E+13,2
2.23045E+13,2
2.23049E+13,2
2.23051E+13,2
2.23051E+13,2
2.23055E+13,2
2.23059E+13,2
2.23064E+13,2
2.23064E+13,2
2.2307E+13,2
2.23311E+13,2
2.23313E+13,2
2.23315E+13,2
2.23319E+13,2
2.23323E+13,2
2.23324E+13,2
2.23324E+13,2
2.2333E+13,2
2.23332E+13,2
2.23332E+13,2
2.23336E+13,2
2.23337E+13,2
2.23339E+13,1
2.23344E+13,2
2.23344E+13,2
2.23349E+13,2
2.2335E+13,2
2.23352E+13,2
2.23354E+13,2
2.23355E+13,2
2.23356E+13,2
2.23357E+13,2
2.23359E+13,2
2.23362E+13,2
2.23365E+13,2
2.23368E+13,2
2.23371E+13,2
2.23379E+13,2
2.23381E+13,2
2.23384E+13,2
2.23384E+13,2
2.23389E+13,2
2.23389E+13,2
2.23391E+13,2
2.23392E+13,2
2.23393E+13,2
2.23394E+13,2
2.23396E+13,2
2.23399E+13,2
2.23412E+13,2
2.23415E+13,2
2.23418E+13,2
2.2343E+13,2
2.23431E+13,2
2.23432E+13,2
2.23436E+13,2
2.23443E+13,2
2.23443E+13,2
2.23449E+13,2
2.23449E+13,2
2.23451E+13,2
2.23452E+13,2
2.23458E+13,2
2.23463E+13,2
2.23463E+13,2
2.23466E+13,2
2.23476E+13,2
2.23482E+13,2
2.23484E+13,2
2.23484E+13,2
2.23486E+13,2
2.23488E+13,2
2.2349E+13,2
2.2349E+13,2
2.23493E+13,2
2.23498E+13,2
2.39797E+13,2
2.39844E+13,3
2.39888E+13,3
2.40093E+13,2
2.40251E+13,3
2.40303E+13,3
2.40312E+13,3
2.40321E+13,2
2.40427E+13,2
2.40451E+13,2
2.40487E+13,3
2.4049E+13,3
2.40524E+13,3
2.4057E+13,3
2.40622E+13,3
2.40774E+13,3
2.40777E+13,2
2.40799E+13,2
2.40855E+13,2
2.40875E+13,3
2.40918E+13,2
2.41034E+13,3
2.41095E+13,3
2.41129E+13,3
2.41189E+13,2
2.41221E+13,3
2.91029E+13,2
2.91031E+13,2
2.91036E+13,2
2.91084E+13,2
2.91128E+13,3
2.91152E+13,1
2.9123E+13,2
2.91231E+13,1
2.9125E+13,2
2.9126E+13,2
2.91681E+13,3
2.91754E+13,2
2.96371E+13,1
2.96371E+13,1
2.96371E+13,1
2.96371E+13,1
2.96371E+13,2
2.96371E+13,1
2.96371E+13,1
2.96371E+13,1
2.96371E+13,1
2.96371E+13,2
2.96371E+13,1
2.96371E+13,1
2.96371E+13,1
2.96372E+13,1
2.96372E+13,1
2.96372E+13,1
2.96372E+13,1
2.96372E+13,1
2.96372E+13,1
2.96372E+13,1
2.96372E+13,1
2.96372E+13,1
2.96372E+13,1
2.96372E+13,1
2.96372E+13,2
2.96372E+13,2
2.96372E+13,2
2.96372E+13,2
2.96372E+13,2
2.96372E+13,1
2.96372E+13,1
2.96372E+13,1
2.96372E+13,1
2.96372E+13,1
2.96372E+13,1
2.96372E+13,1
2.96372E+13,1
2.96373E+13,1
2.96373E+13,1
2.96373E+13,1
2.96373E+13,1
2.96373E+13,1
2.96373E+13,1
2.96373E+13,1
2.96373E+13,1
2.96373E+13,1
2.96373E+13,1
2.96373E+13,1
2.96373E+13,1
2.96373E+13,1
2.96373E+13,1
2.96373E+13,1
2.96373E+13,2
2.96373E+13,1
2.96373E+13,1
2.96373E+13,1
2.96373E+13,1
2.96374E+13,1
2.96374E+13,1
2.96374E+13,2
2.96374E+13,1
2.96374E+13,1
2.96374E+13,1
2.96374E+13,2
2.96374E+13,1
2.96374E+13,1
2.96374E+13,1
2.96374E+13,1
2.96374E+13,1
2.96374E+13,2
2.96374E+13,1
2.96374E+13,2
2.96374E+13,1
2.96374E+13,1
2.96374E+13,1
2.96374E+13,1
2.96374E+13,1
2.96374E+13,1
2.96374E+13,1
2.96374E+13,1
2.96374E+13,1
2.96374E+13,1
2.96374E+13,1
2.96374E+13,2
2.96374E+13,1
2.96375E+13,1
2.96375E+13,1
2.96375E+13,1
2.96375E+13,1
2.96375E+13,1
2.96375E+13,1
2.96375E+13,1
2.96375E+13,2
2.96375E+13,1
2.96375E+13,1
2.96375E+13,1
2.96375E+13,1
2.96375E+13,1
2.96375E+13,1
2.96375E+13,1
2.96375E+13,1
2.96375E+13,1
2.96375E+13,1
2.96375E+13,1
2.96375E+13,1
2.96375E+13,1
2.96376E+13,1
2.96376E+13,1
2.96376E+13,1
2.96376E+13,1
2.96376E+13,1
2.96376E+13,1
2.96376E+13,1
2.96376E+13,2
2.96376E+13,2
2.96376E+13,2
2.96376E+13,2
3.05271E+13,2
3.05289E+13,2
3.05366E+13,2
3.05557E+13,2
3.05727E+13,1
3.05923E+13,2
3.05983E+13,1
3.05986E+13,1
3.05997E+13,1
3.05999E+13,1
3.06006E+13,1
3.06096E+13,2
3.0626E+13,2
3.06292E+13,2
3.06329E+13,1
3.06342E+13,2
3.06408E+13,2
3.06452E+13,1
3.06875E+13,1
3.06896E+13,1
3.06936E+13,2
3.07087E+13,2
3.07189E+13,1
3.07386E+13,1
3.07525E+13,2
3.07589E+13,2
3.07627E+13,4
3.07628E+13,3
3.07629E+13,6
3.07629E+13,7
3.07632E+13,4
3.07632E+13,8
3.07632E+13,4
3.07633E+13,6
3.07633E+13,1
3.07634E+13,2
3.07634E+13,2
3.07634E+13,2
3.07634E+13,2
3.07634E+13,3
3.07634E+13,5
3.07634E+13,3
3.07634E+13,3
3.07634E+13,2
3.07634E+13,2
3.07634E+13,7
3.07634E+13,7
3.07635E+13,6
3.07635E+13,3
3.07635E+13,5
3.07635E+13,2
3.07635E+13,1
3.07636E+13,2
3.07636E+13,1
3.07636E+13,4
3.07636E+13,5
3.07636E+13,6
3.07636E+13,3
3.07636E+13,6
3.07636E+13,6
3.07636E+13,3
3.07636E+13,2
3.07636E+13,2
3.07636E+13,2
3.07636E+13,2
3.07637E+13,3
3.07637E+13,1
3.07637E+13,4
3.07637E+13,1
3.07637E+13,2
3.07637E+13,5
3.07638E+13,3
3.07638E+13,3
3.07638E+13,3
3.07638E+13,5
3.07638E+13,2
3.07638E+13,1
3.07638E+13,7
3.07638E+13,5
3.07638E+13,6
3.07638E+13,6
3.07638E+13,5
3.07639E+13,4
3.07639E+13,3
3.07639E+13,3
3.07639E+13,6
3.07639E+13,5
3.07639E+13,6
3.07639E+13,5
3.07639E+13,5
3.07639E+13,5
3.07639E+13,6
3.07639E+13,6
3.07639E+13,6
3.07639E+13,4
3.07639E+13,4
3.07639E+13,5
3.07639E+13,6
3.07639E+13,3
3.07639E+13,5
3.0764E+13,3
3.0764E+13,6
3.0764E+13,6
3.0764E+13,6
3.07641E+13,5
3.07641E+13,6
3.07641E+13,5
3.07641E+13,4
3.07641E+13,3
3.07641E+13,7
3.07641E+13,3
3.07642E+13,4
3.07642E+13,5
3.07642E+13,4
3.07642E+13,3
3.07642E+13,2
3.07642E+13,2
3.07642E+13,2
3.07642E+13,3
3.07642E+13,4
3.07642E+13,4
3.07642E+13,4
3.07643E+13,4
3.07643E+13,6
3.07643E+13,2
3.07643E+13,4
3.07643E+13,2
3.07643E+13,2
3.07643E+13,4
3.07643E+13,1
3.07643E+13,3
3.07643E+13,2
3.07643E+13,3
3.07643E+13,4
3.07644E+13,6
3.07644E+13,7
3.07644E+13,6
3.07644E+13,2
3.07645E+13,2
3.07645E+13,2
3.07645E+13,2
3.07645E+13,6
3.07645E+13,3
3.07645E+13,2
3.07645E+13,2
3.07645E+13,3
3.07645E+13,1
3.07645E+13,3
3.07645E+13,1
3.07645E+13,1
3.07646E+13,6
3.07646E+13,3
3.07646E+13,2
3.07646E+13,4
3.07646E+13,3
3.07646E+13,4
3.07646E+13,4
3.07646E+13,5
3.07646E+13,3
3.07646E+13,2
3.07646E+13,3
3.07646E+13,3
3.07647E+13,3
3.07647E+13,4
3.07647E+13,2
3.07647E+13,3
3.07647E+13,4
3.07647E+13,6
3.07647E+13,5
3.07647E+13,4
3.07647E+13,4
3.07647E+13,1
3.07648E+13,2
3.07648E+13,2
3.07648E+13,2
3.07648E+13,2
3.07648E+13,2
3.07649E+13,1
3.07649E+13,2
3.07649E+13,2
3.07649E+13,1
3.07649E+13,2
3.07649E+13,5
3.07649E+13,3
3.07649E+13,5
3.07649E+13,4
3.07649E+13,3
3.07649E+13,5
3.07649E+13,6
3.07649E+13,5
3.07649E+13,3
3.0765E+13,7
3.0765E+13,1
3.0765E+13,3
3.0765E+13,3
3.0765E+13,3
3.0765E+13,4
3.0765E+13,3
3.0765E+13,1
3.0765E+13,1
3.07651E+13,7
3.07651E+13,2
3.07651E+13,1
3.07651E+13,1
3.07652E+13,8
3.07652E+13,5
3.07662E+13,2
3.07699E+13,2
3.08044E+13,2
3.08067E+13,2
3.08162E+13,2
3.08239E+13,1
3.08374E+13,2
3.08407E+13,1
3.08415E+13,1
3.08469E+13,2
3.08813E+13,2
3.09012E+13,2
3.3472E+13,2
3.34721E+13,2
3.34721E+13,2
3.34721E+13,2
3.34721E+13,2
3.34721E+13,2
3.34721E+13,2
3.34722E+13,3
3.34722E+13,2
3.34722E+13,2
3.34722E+13,3
3.34722E+13,2
3.34723E+13,2
3.34723E+13,3
3.34723E+13,2
3.34723E+13,2
3.34724E+13,2
3.34724E+13,3
3.34724E+13,3
3.34724E+13,2
3.34724E+13,2
3.34725E+13,2
3.34725E+13,2
3.34725E+13,2
3.34725E+13,2
3.34725E+13,2
3.34725E+13,1
3.34725E+13,2
3.34725E+13,2
3.34725E+13,2
3.34726E+13,2
3.34726E+13,2
3.34726E+13,2
3.34727E+13,2
3.34727E+13,2
3.34727E+13,2
3.34727E+13,2
3.34727E+13,2
3.34728E+13,2
3.34728E+13,2
3.34728E+13,2
3.60994E+13,2
3.60994E+13,2
3.60994E+13,2
3.60994E+13,2
3.60994E+13,2
3.60994E+13,2
3.60994E+13,2
3.60994E+13,2
3.60994E+13,2
3.60994E+13,2
3.60994E+13,2
3.60994E+13,2
3.60994E+13,2
3.60994E+13,2
3.60995E+13,2
3.60995E+13,2
3.60995E+13,2
3.60995E+13,2
3.60995E+13,2
3.60995E+13,2
3.60995E+13,2
3.60995E+13,2
3.60995E+13,2
3.60995E+13,2
3.60995E+13,2
3.60996E+13,2
3.60996E+13,2
3.60996E+13,2
3.60996E+13,2
3.60996E+13,2
3.60996E+13,2
3.60996E+13,2
3.60996E+13,2
3.60996E+13,2
3.60996E+13,2
3.60997E+13,2
3.60997E+13,2
3.60997E+13,2
3.60997E+13,2
3.60997E+13,2
3.60997E+13,2
3.60997E+13,2
3.60997E+13,2
3.60997E+13,2
3.60998E+13,2
3.60998E+13,2
3.60998E+13,2
3.60998E+13,2
3.60998E+13,2
3.60998E+13,2
3.60998E+13,2
3.60998E+13,2
3.60998E+13,2
3.60998E+13,2
3.60998E+13,2
3.60998E+13,2
3.60999E+13,2
3.60999E+13,2
3.60999E+13,2
3.60999E+13,2
3.60999E+13,2
3.60999E+13,2
3.60999E+13,2
3.60999E+13,2
3.60999E+13,2
3.60999E+13,2
3.60999E+13,2
3.60999E+13,2
3.60999E+13,2
3.61E+13,3
3.61E+13,2
3.61E+13,2
3.61E+13,2
3.61E+13,2
3.61E+13,2
3.61E+13,2
3.61001E+13,2
3.61001E+13,2
3.61001E+13,2
3.61001E+13,2
3.61001E+13,1
3.61001E+13,2
3.61001E+13,2
3.61001E+13,2
3.61001E+13,2
3.61001E+13,2
3.61001E+13,2
3.61001E+13,2
3.61001E+13,2
3.61001E+13,2
3.61001E+13,2
3.72776E+13,8
3.72776E+13,7
3.72776E+13,8
3.72776E+13,7
3.72776E+13,8
3.72777E+13,6
3.72777E+13,5
3.72777E+13,6
3.72777E+13,5
3.72777E+13,3
3.72777E+13,3
3.72777E+13,3
3.72777E+13,6
3.72777E+13,8
3.72777E+13,7
3.72777E+13,6
3.72777E+13,9
3.72777E+13,9
3.72778E+13,8
3.72778E+13,5
3.72778E+13,9
3.72778E+13,3
3.72778E+13,6
3.72778E+13,8
3.72778E+13,5
3.72778E+13,8
3.72778E+13,9
3.72778E+13,7
3.72778E+13,7
3.72778E+13,8
3.72778E+13,8
3.72778E+13,8
3.72778E+13,8
3.72778E+13,8
3.72778E+13,7
3.72778E+13,9
3.72778E+13,8
3.72778E+13,8
3.72778E+13,8
3.72778E+13,9
3.72778E+13,5
3.72778E+13,8
3.72778E+13,7
3.72779E+13,9
3.72779E+13,8
3.72779E+13,6
3.72779E+13,7
3.72779E+13,9
3.72779E+13,9
3.72779E+13,8
3.72779E+13,9
3.72779E+13,8
3.72779E+13,9
3.7278E+13,9
3.7278E+13,9
3.7278E+13,8
3.7278E+13,6
3.7278E+13,7
3.7278E+13,8
3.7278E+13,4
3.7278E+13,7
3.7278E+13,8
3.72781E+13,6
3.72781E+13,8
3.72781E+13,4
3.72781E+13,6
3.72781E+13,8
3.72781E+13,8
3.72781E+13,6
3.72781E+13,8
3.72781E+13,8
3.72781E+13,7
3.72781E+13,9
3.72782E+13,8
3.72782E+13,8
3.72782E+13,8
3.72782E+13,7
3.72782E+13,5
3.72782E+13,7
3.72782E+13,5
3.72782E+13,4
3.72782E+13,4
3.72782E+13,3
3.72782E+13,4
3.72783E+13,4
3.72783E+13,5
3.72783E+13,8
3.72783E+13,8
3.72783E+13,8
3.72783E+13,8
3.72783E+13,8
3.72783E+13,8
3.72784E+13,6
3.72784E+13,4
3.72784E+13,5
3.72784E+13,4
3.72784E+13,5
3.72784E+13,6
3.72784E+13,6
3.72784E+13,9
3.72784E+13,6
3.88416E+13,2
3.88435E+13,2
3.88536E+13,2
3.88592E+13,2
3.88658E+13,2
3.88671E+13,2
3.88695E+13,2
3.88733E+13,2
3.88746E+13,2
3.8881E+13,2
3.88861E+13,2
3.88927E+13,2
3.88961E+13,2
3.89026E+13,2
3.89043E+13,2
3.8915E+13,2
3.89158E+13,2
3.89165E+13,2
3.8924E+13,2
3.89353E+13,2
3.89358E+13,2
3.89364E+13,2
3.89376E+13,2
3.89431E+13,2
3.89488E+13,2
3.89504E+13,1
3.89577E+13,2
3.90252E+13,2
4.03736E+13,6
4.03737E+13,6
4.03737E+13,5
4.03737E+13,6
4.03737E+13,7
4.03737E+13,3
4.03737E+13,3
4.03737E+13,4
4.03737E+13,5
4.03737E+13,4
4.03737E+13,8
4.03737E+13,8
4.03737E+13,8
4.03737E+13,7
4.03737E+13,8
4.03737E+13,6
4.03737E+13,6
4.03738E+13,9
4.03738E+13,9
4.03738E+13,7
4.03738E+13,8
4.03738E+13,8
4.03738E+13,5
4.03738E+13,9
4.03738E+13,9
4.03738E+13,9
4.03738E+13,6
4.03738E+13,9
4.03738E+13,9
4.03738E+13,9
4.03738E+13,5
4.03738E+13,8
4.03738E+13,8
4.03738E+13,9
4.03738E+13,6
4.03738E+13,7
4.03738E+13,9
4.03738E+13,7
4.03739E+13,8
4.03739E+13,9
4.03739E+13,7
4.03739E+13,9
4.03739E+13,8
4.03739E+13,9
4.03739E+13,8
4.03739E+13,8
4.0374E+13,7
4.0374E+13,8
4.0374E+13,8
4.0374E+13,7
4.0374E+13,9
4.0374E+13,9
4.0374E+13,9
4.0374E+13,9
4.0374E+13,9
4.0374E+13,9
4.0374E+13,9
4.0374E+13,8
4.0374E+13,8
4.03741E+13,8
4.03741E+13,8
4.03741E+13,8
4.03741E+13,6
4.03741E+13,6
4.03741E+13,8
4.03741E+13,7
4.03741E+13,8
4.03741E+13,8
4.03741E+13,7
4.03741E+13,5
4.03742E+13,7
4.03742E+13,9
4.03742E+13,9
4.03742E+13,9
4.03742E+13,5
4.03742E+13,6
4.03742E+13,8
4.03742E+13,6
4.03742E+13,5
4.03742E+13,8
4.03742E+13,6
4.03743E+13,3
4.03743E+13,4
4.03743E+13,6
4.03743E+13,4
4.03743E+13,4
4.03743E+13,5
4.03744E+13,7
4.03744E+13,8
4.03744E+13,8
4.03744E+13,8
4.03744E+13,8
4.03744E+13,6
4.03744E+13,7
4.03744E+13,4
4.03744E+13,5
4.03744E+13,5
4.03744E+13,6
4.03744E+13,8
4.03744E+13,9
4.03745E+13,9
4.03745E+13,7
4.03745E+13,9
4.03745E+13,6
4.03824E+13,8
4.03824E+13,9
4.03824E+13,7
4.03824E+13,8
4.03824E+13,8
4.03824E+13,8
4.03824E+13,9
4.03824E+13,8
4.03824E+13,9
4.03824E+13,7
4.03824E+13,3
4.03824E+13,7
4.03825E+13,5
4.03825E+13,7
4.03825E+13,7
4.03825E+13,9
4.03825E+13,8
4.03825E+13,8
4.03825E+13,8
4.03825E+13,6
4.03825E+13,9
4.03825E+13,9
4.03825E+13,7
4.03826E+13,6
4.03826E+13,5
4.03826E+13,6
4.03826E+13,9
4.03826E+13,9
4.03826E+13,8
4.03826E+13,9
4.03827E+13,8
4.03827E+13,8
4.03827E+13,9
4.03827E+13,9
4.03827E+13,8
4.03827E+13,7
4.03827E+13,8
4.03827E+13,8
4.03827E+13,8
4.03827E+13,8
4.03827E+13,7
4.03827E+13,7
4.03827E+13,8
4.03827E+13,7
4.03827E+13,8
4.03827E+13,7
4.03827E+13,7
4.03827E+13,7
4.03827E+13,9
4.03827E+13,9
4.03827E+13,6
4.03827E+13,9
4.03827E+13,9
4.03827E+13,7
4.03827E+13,9
4.03827E+13,9
4.03827E+13,8
4.03827E+13,9
4.03827E+13,9
4.03827E+13,9
4.03827E+13,9
4.03828E+13,9
4.03828E+13,9
4.03828E+13,9
4.03828E+13,9
4.03828E+13,9
4.03828E+13,9
4.03828E+13,9
4.03828E+13,9
4.03828E+13,9
4.03828E+13,8
4.03828E+13,9
4.03828E+13,9
4.03828E+13,9
4.03828E+13,9
4.03828E+13,9
4.03828E+13,9
4.03828E+13,9
4.03828E+13,9
4.03828E+13,9
4.03828E+13,8
4.03828E+13,9
4.03828E+13,8
4.03828E+13,9
4.03828E+13,9
4.03829E+13,9
4.03829E+13,9
4.03829E+13,9
4.0383E+13,9
4.0383E+13,9
4.0383E+13,9
4.0383E+13,9
4.03832E+13,9
4.03832E+13,9
4.03832E+13,9
4.03832E+13,9
4.03832E+13,9
4.03832E+13,9
4.03832E+13,9
4.03832E+13,8
4.03832E+13,9
4.03832E+13,8
4.03832E+13,8
4.03833E+13,9
4.03833E+13,9
4.03833E+13,9
4.03833E+13,9
4.03833E+13,9
4.03834E+13,9
4.03834E+13,9
4.03834E+13,9
4.03835E+13,9
4.03835E+13,9
4.03835E+13,9
4.03835E+13,9
4.03836E+13,8
4.03837E+13,7
4.03837E+13,7
4.03838E+13,8
4.03838E+13,5
4.03838E+13,6
4.03838E+13,5
4.03838E+13,6
4.03838E+13,7
4.03839E+13,6
4.03839E+13,8
4.03839E+13,7
4.03839E+13,5
4.03839E+13,6
4.03839E+13,6
4.03839E+13,6
4.03839E+13,7
4.03839E+13,4
4.03839E+13,8
4.03839E+13,7
4.03839E+13,8
4.0384E+13,6
4.0384E+13,6
4.0384E+13,8
4.0384E+13,5
4.0384E+13,5
4.0384E+13,8
4.0384E+13,8
4.0384E+13,9
4.0384E+13,9
4.0384E+13,8
4.0384E+13,9
4.03841E+13,8
4.03841E+13,8
4.03841E+13,5
4.03841E+13,8
4.03841E+13,6
4.03841E+13,8
4.03841E+13,9
4.03841E+13,8
4.03841E+13,8
4.03841E+13,7
4.03841E+13,7
4.03841E+13,8
4.03841E+13,9
4.03842E+13,9
4.03842E+13,9
4.03843E+13,9
4.03843E+13,9
4.03843E+13,6
4.03843E+13,8
4.03843E+13,8
4.03843E+13,8
4.03844E+13,8
4.03844E+13,6
4.03844E+13,9
4.03844E+13,9
4.03845E+13,9
4.03845E+13,8
4.03845E+13,7
4.03846E+13,8
4.03846E+13,8
4.03847E+13,5
4.03847E+13,6
4.03847E+13,9
4.03847E+13,4
4.03847E+13,8
4.03847E+13,8
4.03847E+13,7
4.03847E+13,7
4.03848E+13,8
4.03848E+13,9
4.03848E+13,8
4.03848E+13,9
4.03848E+13,8
4.03849E+13,7
4.03849E+13,7
4.03849E+13,4
4.03849E+13,6
4.03849E+13,8
4.03849E+13,6
4.03849E+13,7
4.03849E+13,8
4.03849E+13,6
4.03849E+13,8
4.03849E+13,8
4.03849E+13,4
4.0385E+13,5
4.0385E+13,4
4.03851E+13,4
4.03851E+13,3
4.03852E+13,8
4.03852E+13,8
4.03852E+13,8
4.03852E+13,8
4.03852E+13,6
4.03853E+13,6
4.03853E+13,5
4.03853E+13,6
4.03853E+13,5
4.03853E+13,4
4.03853E+13,5
4.03853E+13,5
4.03853E+13,6
4.03853E+13,8
4.03853E+13,8
4.03854E+13,9
4.03854E+13,9
4.03854E+13,6
4.03854E+13,7
4.03855E+13,9
4.03855E+13,7
4.03855E+13,7
4.03855E+13,8
4.03855E+13,8
4.03855E+13,8
4.03855E+13,8
4.03855E+13,9
4.03855E+13,8
4.03855E+13,8
4.03855E+13,8
4.03855E+13,8
4.03856E+13,8
4.03856E+13,8
4.03856E+13,4
4.03856E+13,7
4.03856E+13,4
4.03856E+13,5
4.03856E+13,8
4.03856E+13,7
4.03856E+13,8
4.03856E+13,9
4.03856E+13,9
4.03856E+13,9
4.03856E+13,8
4.03857E+13,7
4.03857E+13,9
4.03857E+13,8
4.03857E+13,9
4.03857E+13,9
4.03857E+13,9
4.03857E+13,9
4.03857E+13,9
4.03858E+13,9
4.03858E+13,9
4.03858E+13,9
4.03858E+13,9
4.03858E+13,9
4.03858E+13,9
4.03858E+13,9
4.03858E+13,9
4.03858E+13,7
4.03858E+13,9
4.03859E+13,8
4.03859E+13,9
4.03859E+13,9
4.03859E+13,7
4.03859E+13,9
4.03859E+13,6
4.03859E+13,9
4.03859E+13,5
4.03859E+13,8
4.03859E+13,8
4.03859E+13,9
4.03859E+13,9
4.03859E+13,8
4.03859E+13,8
4.03859E+13,9
4.0386E+13,8
4.0386E+13,8
4.0386E+13,9
4.0386E+13,9
4.0386E+13,9
4.0386E+13,8
4.0386E+13,8
4.0386E+13,9
4.0386E+13,5
4.0386E+13,6
4.0386E+13,9
4.0386E+13,6
4.0386E+13,9
4.0386E+13,8
4.03861E+13,7
4.03861E+13,8
4.03861E+13,7
4.03861E+13,8
4.03861E+13,8
4.03861E+13,8
4.03861E+13,8
4.03861E+13,8
4.03861E+13,8
4.03861E+13,7
4.03861E+13,7
4.03861E+13,8
4.03861E+13,8
4.03861E+13,7
4.03861E+13,8
4.03861E+13,8
4.03861E+13,8
4.03861E+13,8
4.03861E+13,8
4.03861E+13,7
4.03861E+13,8
4.03861E+13,7
4.03861E+13,7
4.03861E+13,5
4.03861E+13,8
4.03862E+13,9
4.03862E+13,8
4.03862E+13,7
4.03862E+13,7
4.03862E+13,9
4.03862E+13,9
4.03862E+13,9
4.03862E+13,9
4.03862E+13,9
4.03862E+13,9
4.03862E+13,7
4.03862E+13,9
4.03862E+13,9
4.03862E+13,9
4.03862E+13,9
4.03862E+13,9
4.03862E+13,9
4.03862E+13,9
4.03862E+13,9
4.03862E+13,9
4.03862E+13,9
4.03862E+13,9
4.03862E+13,9
4.03862E+13,9
4.03862E+13,9
4.03862E+13,9
4.03863E+13,9
4.03863E+13,9
4.03863E+13,9
4.03863E+13,9
4.03863E+13,9
4.03863E+13,9
4.03863E+13,9
4.03863E+13,9
4.03863E+13,9
4.03863E+13,9
4.03863E+13,9
4.03863E+13,9
4.03863E+13,9
4.03863E+13,9
4.03863E+13,9
4.03863E+13,9
4.03864E+13,9
4.03864E+13,9
4.03864E+13,8
4.03864E+13,8
4.03864E+13,8
4.03864E+13,8
4.03864E+13,7
4.03864E+13,9
4.03864E+13,9
4.03864E+13,9
4.03864E+13,9
4.03864E+13,9
4.03864E+13,9
4.03864E+13,9
4.03864E+13,9
4.03864E+13,9
4.03865E+13,9
4.03867E+13,9
4.03868E+13,9
4.03868E+13,9
4.03868E+13,9
4.03869E+13,9
4.03869E+13,9
4.0387E+13,9
4.0387E+13,9
4.0387E+13,9
4.0387E+13,9
4.0387E+13,9
4.0387E+13,9
4.0387E+13,9
4.0387E+13,9
4.0387E+13,9
4.0387E+13,9
4.0387E+13,9
4.0387E+13,9
4.0387E+13,9
4.0387E+13,8
4.0387E+13,9
4.03871E+13,9
4.03871E+13,9
4.03872E+13,9
4.03872E+13,9
4.03872E+13,8
4.03872E+13,9
4.03872E+13,8
4.03872E+13,9
4.03872E+13,8
4.03872E+13,9
4.03872E+13,8
4.03872E+13,8
4.03872E+13,9
4.03873E+13,9
4.03873E+13,9
4.03873E+13,9
4.03875E+13,9
4.03875E+13,9
4.03875E+13,9
4.03875E+13,9
4.03876E+13,9
4.03876E+13,9
4.03876E+13,9
4.03876E+13,9
4.03876E+13,8
4.03876E+13,9
4.03876E+13,9
4.03876E+13,9
4.03877E+13,9
4.03877E+13,9
4.03877E+13,9
4.03877E+13,9
4.03917E+13,7
4.03917E+13,3
4.03917E+13,3
4.03917E+13,3
4.03917E+13,5
4.03917E+13,5
4.03917E+13,4
4.03917E+13,3
4.03917E+13,1
4.03917E+13,8
4.03917E+13,6
4.03918E+13,4
4.03918E+13,4
4.03919E+13,7
4.03919E+13,8
4.03919E+13,2
4.03919E+13,3
4.03919E+13,6
4.03919E+13,8
4.03919E+13,4
4.03919E+13,3
4.03919E+13,4
4.03919E+13,4
4.03919E+13,4
4.03919E+13,2
4.03919E+13,6
4.03919E+13,3
4.03919E+13,3
4.03919E+13,6
4.03919E+13,5
4.03919E+13,6
4.0392E+13,4
4.0392E+13,8
4.0392E+13,7
4.0392E+13,3
4.0392E+13,3
4.0392E+13,5
4.0392E+13,8
4.0392E+13,4
4.0392E+13,6
4.0392E+13,9
4.0392E+13,8
4.0392E+13,3
4.0392E+13,8
4.0392E+13,4
4.0392E+13,3
4.0392E+13,8
4.03921E+13,3
4.03921E+13,2
4.03921E+13,2
4.03921E+13,5
4.03921E+13,5
4.03921E+13,5
4.03921E+13,6
4.03921E+13,7
4.03921E+13,6
4.03921E+13,6
4.03921E+13,5
4.03921E+13,4
4.03921E+13,3
4.03921E+13,2
4.03921E+13,3
4.03921E+13,3
4.03921E+13,3
4.03921E+13,4
4.03921E+13,7
4.03921E+13,2
4.03921E+13,7
4.03922E+13,5
4.03922E+13,7
4.03922E+13,8
4.03922E+13,6
4.03922E+13,8
4.03922E+13,8
4.03922E+13,8
4.03922E+13,8
4.03922E+13,6
4.03922E+13,8
4.03922E+13,2
4.03922E+13,4
4.03922E+13,5
4.03922E+13,3
4.03922E+13,7
4.03923E+13,6
4.03923E+13,8
4.03923E+13,5
4.03923E+13,6
4.03923E+13,3
4.03923E+13,3
4.03923E+13,4
4.03923E+13,5
4.03923E+13,4
4.03923E+13,4
4.03923E+13,4
4.03923E+13,3
4.03923E+13,3
4.03923E+13,2
4.03923E+13,4
4.03923E+13,2
4.03924E+13,3
4.03924E+13,3
4.03924E+13,3
4.03924E+13,3
4.03924E+13,2
4.03924E+13,3
4.03924E+13,5
4.03924E+13,2
4.03924E+13,4
4.03924E+13,4
4.03924E+13,4
4.03924E+13,3
4.03924E+13,4
4.03924E+13,3
4.03924E+13,2
4.03924E+13,2
4.03924E+13,3
4.03924E+13,3
4.03924E+13,8
4.03925E+13,4
4.03925E+13,2
4.03925E+13,3
4.03925E+13,3
4.03925E+13,3
4.03925E+13,6
4.03925E+13,5
4.03926E+13,2
4.03926E+13,2
4.03926E+13,1
4.03926E+13,2
4.03926E+13,4
4.03926E+13,3
4.03926E+13,3
4.03926E+13,6
4.03926E+13,3
4.03926E+13,4
4.03926E+13,4
4.03926E+13,6
4.03927E+13,3
4.03927E+13,3
4.03927E+13,2
4.03927E+13,3
4.03927E+13,6
4.03927E+13,7
4.03927E+13,5
4.03927E+13,8
4.03928E+13,8
4.03929E+13,4
4.03929E+13,8
4.03929E+13,8
4.03929E+13,5
4.03929E+13,3
4.03929E+13,3
4.03929E+13,8
4.03929E+13,6
4.03929E+13,7
4.0393E+13,8
4.0393E+13,3
4.0393E+13,2
4.0393E+13,3
4.0393E+13,7
4.0393E+13,4
4.0393E+13,8
4.0393E+13,8
4.0393E+13,7
4.0393E+13,8
4.0393E+13,8
4.03931E+13,7
4.03931E+13,6
4.03931E+13,4
4.03931E+13,3
4.03931E+13,2
4.03931E+13,8
4.03931E+13,8
4.03931E+13,8
4.03931E+13,8
4.03931E+13,7
4.03931E+13,5
4.03931E+13,8
4.03931E+13,8
4.03931E+13,7
4.03931E+13,6
4.03931E+13,8
4.03932E+13,8
4.03932E+13,4
4.03932E+13,4
4.03932E+13,3
4.03932E+13,3
4.03932E+13,6
4.03932E+13,2
4.03932E+13,3
4.03932E+13,4
4.03932E+13,4
4.03932E+13,5
4.03933E+13,4
4.03933E+13,5
4.03933E+13,4
4.03933E+13,4
4.03933E+13,4
4.03933E+13,5
4.03933E+13,4
4.03933E+13,3
4.03933E+13,3
4.03933E+13,4
4.03933E+13,4
4.03933E+13,3
4.03934E+13,4
4.03934E+13,5
4.03934E+13,4
4.03934E+13,4
4.03934E+13,8
4.03934E+13,8
4.03934E+13,7
4.03934E+13,5
4.03934E+13,7
4.03934E+13,5
4.03934E+13,4
4.03934E+13,8
4.03934E+13,7
4.03934E+13,7
4.03934E+13,7
4.03934E+13,7
4.03934E+13,6
4.03934E+13,8
4.03934E+13,7
4.03935E+13,3
4.03935E+13,8
4.03935E+13,3
4.03935E+13,7
4.03935E+13,3
4.03935E+13,3
4.03935E+13,2
4.03935E+13,1
4.03935E+13,5
4.03935E+13,3
4.03935E+13,2
4.03935E+13,3
4.03935E+13,4
4.03935E+13,4
4.03935E+13,3
4.03935E+13,3
4.03935E+13,3
4.03935E+13,4
4.03935E+13,3
4.03935E+13,3
4.03935E+13,3
4.03935E+13,3
4.03935E+13,3
4.03935E+13,3
4.03935E+13,4
4.03935E+13,3
4.03935E+13,6
4.03936E+13,7
4.03936E+13,3
4.03936E+13,3
4.03936E+13,2
4.03936E+13,3
4.03936E+13,1
4.03936E+13,3
4.03936E+13,2
4.03936E+13,2
4.03936E+13,8
4.03936E+13,9
4.03936E+13,5
4.03936E+13,4
4.03936E+13,8
4.03936E+13,3
4.03936E+13,3
4.03937E+13,3
4.03937E+13,3
4.03937E+13,3
4.03937E+13,5
4.03937E+13,3
4.03937E+13,5
4.03937E+13,3
4.30979E+13,2
4.30979E+13,2
4.30979E+13,2
4.3098E+13,1
4.3098E+13,1
4.3098E+13,2
4.3098E+13,2
4.3098E+13,2
4.3098E+13,2
4.3098E+13,2
4.30981E+13,1
4.30981E+13,3
4.30981E+13,2
4.30982E+13,2
4.30982E+13,2
4.30982E+13,2
4.30983E+13,1
4.30983E+13,1
4.30983E+13,1
4.30983E+13,1
4.30983E+13,1
4.30983E+13,2
4.30983E+13,2
4.30983E+13,2
4.30983E+13,2
4.30984E+13,2
4.30984E+13,2
4.30984E+13,1
4.30984E+13,1
4.30984E+13,1
4.30984E+13,1
4.30984E+13,1
4.30984E+13,1
4.30985E+13,2
4.30985E+13,1
4.30986E+13,3
4.30986E+13,1
4.30986E+13,2
4.30986E+13,2
4.30986E+13,1
4.30986E+13,3
4.30986E+13,2
4.30987E+13,2
4.32651E+13,3
4.32652E+13,2
4.32655E+13,2
4.32655E+13,1
4.32656E+13,3
4.32656E+13,3
4.32656E+13,3
4.32657E+13,3
4.32657E+13,2
4.32657E+13,3
4.32658E+13,3
4.32658E+13,3
4.32658E+13,3
4.32658E+13,3
4.32659E+13,3
4.32659E+13,2
4.32659E+13,3
4.3266E+13,2
4.3266E+13,3
4.3266E+13,2
4.3266E+13,3
4.3266E+13,2
4.32661E+13,3
4.32662E+13,4
4.32662E+13,3
4.32662E+13,3
4.32663E+13,2
4.38543E+13,3
4.38543E+13,2
4.38543E+13,2
4.38543E+13,2
4.38543E+13,2
4.38543E+13,2
4.38544E+13,2
4.38544E+13,2
4.38544E+13,2
4.38544E+13,2
4.38544E+13,2
4.38544E+13,2
4.38544E+13,2
4.38544E+13,2
4.38544E+13,2
4.38545E+13,2
4.38545E+13,2
4.38545E+13,2
4.38545E+13,2
4.38545E+13,2
4.38546E+13,2
4.38546E+13,3
4.38546E+13,3
4.38546E+13,3
4.38546E+13,4
4.38546E+13,5
4.38547E+13,4
4.38547E+13,3
4.38547E+13,3
4.38547E+13,2
4.38547E+13,4
4.38547E+13,2
4.38547E+13,2
4.38547E+13,2
4.38548E+13,3
4.38548E+13,3
4.38548E+13,3
4.38548E+13,2
4.38548E+13,3
4.38549E+13,4
4.38549E+13,2
4.38549E+13,2
4.38549E+13,2
4.38549E+13,4
4.38549E+13,2
4.38549E+13,2
4.38549E+13,2
4.38549E+13,2
4.3855E+13,3
4.3855E+13,2
4.3855E+13,3
4.3855E+13,4
4.38551E+13,4
4.38551E+13,2
4.38551E+13,2
4.38551E+13,3
4.38552E+13,3
4.38552E+13,3
4.38552E+13,4
4.38552E+13,3
4.38552E+13,4
4.38552E+13,3
4.38553E+13,4
4.38553E+13,4
4.38553E+13,4
4.38553E+13,2
4.38553E+13,3
4.38553E+13,3
4.38553E+13,3
4.38553E+13,2
4.38554E+13,4
4.38554E+13,4
4.38554E+13,4
4.38555E+13,4
4.38556E+13,2
4.61586E+13,4
4.61586E+13,4
4.61586E+13,4
4.61586E+13,4
4.61586E+13,4
4.61586E+13,3
4.61586E+13,3
4.61586E+13,3
4.61587E+13,4
4.61587E+13,3
4.61587E+13,5
4.61587E+13,5
4.61587E+13,4
4.61587E+13,4
4.61587E+13,4
4.61588E+13,3
4.61588E+13,3
4.61588E+13,3
4.61588E+13,4
4.61588E+13,3
4.61588E+13,4
4.61588E+13,5
4.61588E+13,4
4.61588E+13,5
4.61589E+13,4
4.61589E+13,4
4.61589E+13,4
4.61589E+13,4
4.61589E+13,3
4.61589E+13,4
4.61589E+13,4
4.61589E+13,4
4.61589E+13,3
4.6159E+13,2
4.6159E+13,3
4.6159E+13,3
4.6159E+13,5
4.6159E+13,5
4.6159E+13,4
4.6159E+13,4
4.6159E+13,4
4.6159E+13,4
4.61591E+13,4
4.61591E+13,3
4.61591E+13,3
4.61591E+13,4
4.61591E+13,3
4.61591E+13,3
4.61591E+13,3
4.61591E+13,3
4.61591E+13,3
4.61591E+13,5
4.61592E+13,4
4.61592E+13,2
4.61592E+13,2
4.61592E+13,2
4.61592E+13,2
4.61592E+13,3
4.61592E+13,3
4.61592E+13,3
4.61592E+13,3
4.61592E+13,3
4.61592E+13,2
4.61592E+13,2
4.61592E+13,2
4.61593E+13,2
4.61593E+13,3
4.61593E+13,3
4.61593E+13,3
4.61593E+13,2
4.82025E+13,6
4.82025E+13,7
4.82025E+13,8
4.82026E+13,6
4.82026E+13,6
4.82026E+13,4
4.82026E+13,6
4.82026E+13,6
4.82026E+13,7
4.82026E+13,6
4.82027E+13,6
4.82027E+13,5
4.82027E+13,5
4.82027E+13,8
4.82027E+13,7
4.82027E+13,4
4.82027E+13,6
4.82027E+13,5
4.82027E+13,5
4.82028E+13,6
4.82028E+13,6
4.82028E+13,3
4.82028E+13,3
4.82028E+13,4
4.82028E+13,4
4.82028E+13,6
4.82029E+13,5
4.82029E+13,5
4.82029E+13,6
4.82029E+13,4
4.82029E+13,5
4.8203E+13,4
4.8203E+13,3
4.8203E+13,4
4.8203E+13,4
4.8203E+13,5
4.8203E+13,4
4.8203E+13,3
4.82031E+13,4
4.82032E+13,4
4.82032E+13,8
4.82032E+13,5
4.82032E+13,6
4.82032E+13,6
4.82033E+13,9
4.82033E+13,5
4.82033E+13,5
4.82033E+13,6
4.82033E+13,6
4.82033E+13,7
4.82033E+13,6
4.82034E+13,7
4.82034E+13,2
4.82034E+13,5
4.82034E+13,8
4.82034E+13,7
4.82034E+13,4
4.82034E+13,6
4.82034E+13,6
4.82034E+13,7
4.82035E+13,6
4.82035E+13,8
4.82035E+13,8
4.82035E+13,6
4.82035E+13,5
4.82035E+13,5
4.82035E+13,8
4.82035E+13,6
4.82035E+13,4
4.82036E+13,2
4.82036E+13,3
4.82036E+13,2
4.82036E+13,5
4.82036E+13,3
4.82036E+13,5
4.82036E+13,2
4.82036E+13,2
4.82036E+13,3
4.82036E+13,3
4.82037E+13,3
4.82037E+13,3
4.82037E+13,3
4.82037E+13,3
4.82037E+13,4
4.82037E+13,6
4.82037E+13,6
4.82037E+13,5
4.82037E+13,3
4.82037E+13,4
4.82037E+13,5
4.82037E+13,4
4.82037E+13,3
4.82038E+13,4
4.82038E+13,3
4.82038E+13,4
4.82038E+13,3
4.82038E+13,3
4.82038E+13,5
4.82038E+13,3
4.82038E+13,5
4.82038E+13,5
4.82038E+13,5
4.82038E+13,6
4.82038E+13,4
4.82038E+13,5
4.82038E+13,1
4.82039E+13,2
4.82039E+13,5
4.82039E+13,4
4.82039E+13,5
4.82039E+13,5
4.82039E+13,4
4.82039E+13,4
4.82039E+13,4
4.82039E+13,3
4.82039E+13,4
4.82039E+13,3
4.82039E+13,4
4.82039E+13,5
4.82039E+13,4
4.82039E+13,4
4.82039E+13,2
4.8204E+13,5
4.8204E+13,7
4.8204E+13,7
4.82041E+13,3
4.82041E+13,6
4.82041E+13,3
4.82041E+13,6
4.82041E+13,5
4.82042E+13,3
4.82042E+13,7
4.82043E+13,4
4.82043E+13,6
4.82044E+13,5
4.82044E+13,3
4.82044E+13,5
4.82045E+13,7
4.82046E+13,8
4.82046E+13,8
4.82047E+13,8
4.82047E+13,4
4.82047E+13,5
4.82047E+13,7
4.82047E+13,4
4.82048E+13,4
4.82048E+13,3
4.82048E+13,5
4.82048E+13,8
4.82048E+13,3
4.82048E+13,5
4.82048E+13,3
4.82048E+13,6
4.82049E+13,2
4.82049E+13,2
4.82049E+13,7
4.82049E+13,6
4.82049E+13,6
4.82049E+13,6
4.82049E+13,4
4.82049E+13,8
4.8205E+13,7
4.8205E+13,6
4.8205E+13,6
4.8205E+13,5
4.8205E+13,2
4.8205E+13,6
4.8205E+13,6
4.8205E+13,2
4.8205E+13,5
4.8205E+13,5
4.82051E+13,5
4.82051E+13,6
4.82051E+13,4
4.82051E+13,4
4.82052E+13,3
4.82052E+13,4
4.82052E+13,2
4.82053E+13,6
4.82053E+13,7
4.82053E+13,5
4.82053E+13,5
4.82053E+13,6
4.82053E+13,6
4.82053E+13,8
4.82053E+13,5
4.82054E+13,3
4.82054E+13,5
4.82054E+13,4
4.82054E+13,7
4.82055E+13,5
4.82055E+13,8
4.82055E+13,6
4.82055E+13,4
4.82055E+13,5
4.82056E+13,5
4.82056E+13,7
4.82056E+13,3
4.82056E+13,3
4.82056E+13,8
4.82056E+13,5
4.82056E+13,8
4.82057E+13,6
4.82057E+13,5
4.82058E+13,2
4.82058E+13,5
4.82058E+13,4
4.82058E+13,3
4.82058E+13,8
4.82058E+13,6
4.82058E+13,2
4.82058E+13,4
4.82059E+13,3
4.82059E+13,5
4.82059E+13,5
4.82059E+13,4
4.82059E+13,5
4.82059E+13,4
4.82059E+13,3
4.82059E+13,3
4.8206E+13,8
4.8206E+13,2
4.8206E+13,4
4.8206E+13,6
5.2253E+13,1
5.22531E+13,2
5.22531E+13,2
5.22531E+13,2
5.22531E+13,3
5.22531E+13,3
5.22532E+13,1
5.22532E+13,2
5.22533E+13,2
5.22533E+13,2
5.22533E+13,2
5.22533E+13,2
5.22535E+13,2
5.22535E+13,2
5.22535E+13,3
5.22535E+13,3
5.22537E+13,2
5.22537E+13,2
5.22537E+13,2
5.22538E+13,2
5.22538E+13,2
5.29035E+13,3
5.29035E+13,3
5.29036E+13,3
5.29036E+13,3
5.29037E+13,2
5.29038E+13,2
5.34304E+13,2
5.34306E+13,2
5.34307E+13,2
5.34308E+13,3
5.34308E+13,3
5.34309E+13,2
5.3431E+13,2
5.3431E+13,2
5.34312E+13,2
5.34313E+13,2
5.34314E+13,3
5.48974E+13,2
5.49057E+13,2
5.49079E+13,1
5.49085E+13,1
5.49086E+13,1
5.49119E+13,2
5.49174E+13,1
5.49209E+13,1
5.49243E+13,2
5.49329E+13,2
5.49359E+13,1
5.49369E+13,1
5.49372E+13,1
5.49502E+13,1
5.49593E+13,2
5.49631E+13,1
5.49655E+13,2
5.49657E+13,2
5.49756E+13,2
5.49799E+13,2
5.49812E+13,2
5.49815E+13,2
5.49816E+13,2
5.49834E+13,2
5.49872E+13,1
5.49873E+13,2
5.4994E+13,2
5.49977E+13,2
5.49985E+13,1
5.49986E+13,1
5.50049E+13,1
5.50077E+13,2
5.50099E+13,2
5.50147E+13,2
5.50201E+13,2
5.50224E+13,1
5.50324E+13,1
5.50366E+13,2
5.50383E+13,2
5.50391E+13,2
5.5045E+13,1
5.50568E+13,2
5.50583E+13,2
5.50651E+13,1
5.50665E+13,2
5.50693E+13,1
5.50712E+13,2
5.50838E+13,2
5.50931E+13,2
5.50958E+13,2
5.5096E+13,2
5.51003E+13,1
5.51005E+13,1
5.51025E+13,2
5.51197E+13,1
5.51221E+13,2
5.51278E+13,1
5.51287E+13,2
5.51288E+13,2
5.5129E+13,2
5.51325E+13,2
5.51347E+13,1
5.58712E+13,1
5.58884E+13,2
5.58907E+13,2
5.58921E+13,1
5.58949E+13,1
5.58949E+13,1
5.58994E+13,1
5.59046E+13,1
5.59102E+13,2
5.59179E+13,2
5.59218E+13,1
5.59264E+13,2
5.5928E+13,1
5.59289E+13,1
5.5929E+13,1
5.59292E+13,1
5.59316E+13,2
5.59366E+13,1
5.59429E+13,1
5.59529E+13,1
5.59531E+13,1
5.59549E+13,1
5.5964E+13,1
5.5966E+13,1
5.97751E+13,2
5.97762E+13,2
5.97769E+13,1
5.99124E+13,2
5.99152E+13,2
5.99179E+13,2
6.02593E+13,1
6.02594E+13,1
6.02604E+13,1
6.02607E+13,1
6.02608E+13,1
6.0261E+13,1
6.02614E+13,2
6.02621E+13,1
6.02629E+13,1
6.02643E+13,1
6.0265E+13,2
6.02652E+13,1
6.02657E+13,1
6.02675E+13,1
6.02677E+13,1
6.02682E+13,1
6.02684E+13,1
6.02693E+13,2
6.02708E+13,1
6.02715E+13,2
6.02717E+13,2
6.0273E+13,1
6.02735E+13,1
6.02738E+13,1
6.02739E+13,1
6.02742E+13,1
6.02744E+13,1
6.02747E+13,1
6.02749E+13,1
6.02758E+13,1
6.02782E+13,1
6.02796E+13,1
6.02813E+13,2
6.02824E+13,2
6.0285E+13,1
6.02856E+13,1
6.02866E+13,1
6.02877E+13,1
6.10411E+13,2
6.10469E+13,3
6.10569E+13,3
6.10575E+13,2
6.10676E+13,3
6.10718E+13,2
6.10758E+13,2
6.10785E+13,3
6.10976E+13,2
6.11201E+13,3
6.11202E+13,3
6.11264E+13,3
6.1137E+13,2
6.11501E+13,2
6.11518E+13,3
6.11629E+13,2
6.11682E+13,2
6.11694E+13,2
6.11728E+13,2
6.11889E+13,3
6.11912E+13,3
6.12051E+13,2
6.12158E+13,1
6.12236E+13,2
6.12246E+13,3
6.12278E+13,3
6.12286E+13,3
6.12291E+13,2
6.12421E+13,3
6.12493E+13,2
6.12512E+13,2
6.12563E+13,3
6.12621E+13,2
6.12671E+13,2
6.12749E+13,4
6.12776E+13,2
6.12836E+13,2
6.12867E+13,2
6.1291E+13,3
6.13025E+13,2
6.13289E+13,3
6.1329E+13,3
6.13348E+13,2
6.13455E+13,3
6.13564E+13,3
6.13613E+13,2
6.13937E+13,2
6.13992E+13,3
6.14081E+13,2
6.14165E+13,2
6.1419E+13,3
6.14223E+13,2
6.14228E+13,3
6.14286E+13,2
6.14336E+13,3
6.14358E+13,3
6.1444E+13,1
6.14558E+13,2
6.14571E+13,2
6.14625E+13,2
6.14737E+13,1
6.1474E+13,1
6.14791E+13,2
6.14828E+13,2
6.14889E+13,3
6.14897E+13,2
6.14904E+13,2
6.1495E+13,2
6.15041E+13,2
6.15053E+13,2
6.15192E+13,1
6.15261E+13,3
6.1528E+13,2
6.15363E+13,3
6.15382E+13,3
6.15472E+13,2
6.15493E+13,4
6.15535E+13,2
6.15668E+13,3
6.15704E+13,1
6.15709E+13,3
6.15729E+13,1
6.1592E+13,3
6.15935E+13,2
6.15964E+13,2
6.16046E+13,2
6.16056E+13,3
6.16115E+13,2
6.16319E+13,3
6.22308E+13,1
6.22311E+13,1
6.22341E+13,1
6.22432E+13,2
6.22457E+13,1
6.22645E+13,1
6.22657E+13,1
6.22685E+13,1
6.22779E+13,1
6.22853E+13,1
6.229E+13,2
6.53132E+13,3
6.53176E+13,2
6.53265E+13,2
6.53561E+13,2
6.54003E+13,2
6.67349E+13,1
6.67361E+13,1
6.67363E+13,1
6.67364E+13,1
6.6739E+13,1
6.67475E+13,1
6.67477E+13,1
6.67478E+13,1
6.67484E+13,1
6.67506E+13,1
6.67519E+13,1
6.67523E+13,1
6.67566E+13,2
6.67585E+13,1
6.67594E+13,1
6.67623E+13,1
6.67664E+13,1
6.67669E+13,1
6.6767E+13,1
6.67684E+13,1
6.67732E+13,1
6.67738E+13,1
6.67753E+13,1
6.6778E+13,1
6.82723E+13,2
6.82735E+13,1
6.82744E+13,1
6.82784E+13,1
6.82788E+13,1
6.82809E+13,1
6.82814E+13,1
6.82816E+13,1
6.82839E+13,1
6.8284E+13,2
6.82887E+13,1
6.82894E+13,1
6.829E+13,1
6.82925E+13,1
6.82963E+13,1
6.82967E+13,1
6.82997E+13,1
6.83001E+13,1
6.83006E+13,1
6.83029E+13,1
6.83052E+13,1
6.83065E+13,1
6.83075E+13,2
6.83078E+13,2
6.83083E+13,1
6.83096E+13,2
6.83189E+13,1
6.83192E+13,1
6.83196E+13,1
6.83203E+13,1
6.83205E+13,1
6.83227E+13,1
6.83233E+13,1
6.83293E+13,1
6.83297E+13,2
7.03673E+13,1
7.03711E+13,1
7.03733E+13,1
7.03745E+13,1
7.03774E+13,1
7.03812E+13,1
7.0382E+13,1
7.03825E+13,1
7.0384E+13,1
7.0385E+13,1
7.03852E+13,1
7.03873E+13,1
7.03875E+13,1
7.03879E+13,1
7.03916E+13,1
7.03942E+13,1
7.03956E+13,1
7.03959E+13,1
7.04023E+13,1
7.04042E+13,2
7.04052E+13,2
7.04061E+13,2
7.04073E+13,2
7.04097E+13,2
7.04163E+13,1
7.0417E+13,1
7.04226E+13,1
7.0423E+13,1
7.04238E+13,1
7.04246E+13,1
7.04272E+13,1
7.04357E+13,1
7.04359E+13,1
7.04368E+13,1
7.04374E+13,1
7.04395E+13,1
7.04416E+13,1
7.04419E+13,1
7.04433E+13,2
7.04498E+13,1
7.04514E+13,1
7.04523E+13,1
7.05428E+13,1
7.05443E+13,1
7.0545E+13,1
7.05459E+13,1
7.05514E+13,1
7.05532E+13,2
7.05547E+13,2
7.05571E+13,2
7.05595E+13,2
7.05615E+13,1
7.05663E+13,1
7.05667E+13,1
7.05671E+13,1
7.05709E+13,1
7.05711E+13,1
7.05716E+13,1
7.05746E+13,1
7.05823E+13,1
7.05871E+13,1
7.05903E+13,1
7.0594E+13,1
7.05954E+13,1
7.05969E+13,1
7.05974E+13,1
7.06027E+13,1
7.06065E+13,1
7.06068E+13,1
7.06085E+13,1
7.06117E+13,1
7.06149E+13,1
7.06174E+13,2
7.06177E+13,2
7.06207E+13,2
7.06214E+13,2
7.06222E+13,2
7.06253E+13,1
7.30717E+13,1
7.3072E+13,1
7.30724E+13,1
7.30743E+13,1
7.30771E+13,1
7.30799E+13,1
7.30818E+13,1
7.30866E+13,1
7.349E+13,2
7.34919E+13,2
7.35874E+13,1
7.35952E+13,1
7.36022E+13,1
7.36037E+13,1
7.36054E+13,1
7.36057E+13,1
7.36065E+13,1
7.36089E+13,1
7.36138E+13,1
7.3616E+13,1
7.42009E+13,2
7.42012E+13,2
7.42021E+13,2
7.42031E+13,2
7.42031E+13,2
7.42067E+13,2
7.42071E+13,2
7.42097E+13,2
7.43357E+13,2
7.43371E+13,1
7.43378E+13,1
7.43407E+13,2
7.43692E+13,2
7.43695E+13,2
7.43712E+13,1
7.43748E+13,1
7.43777E+13,2
7.45202E+13,2
7.5099E+13,1
7.50992E+13,1
7.51057E+13,1
7.5107E+13,1
7.51071E+13,1
7.51074E+13,1
7.51121E+13,1
7.5113E+13,1
7.51135E+13,1
7.51154E+13,1
7.51188E+13,1
7.51199E+13,1
7.51211E+13,1
7.51211E+13,1
7.51213E+13,1
7.51229E+13,1
7.51241E+13,1
7.51251E+13,1
7.51258E+13,1
7.51272E+13,2
7.51295E+13,1
7.513E+13,1
7.51305E+13,1
7.51313E+13,2
7.51315E+13,2
7.51323E+13,2
7.51347E+13,1
7.51353E+13,1
7.5136E+13,1
7.51366E+13,1
7.51368E+13,1
7.51374E+13,1
7.514E+13,1
7.51403E+13,1
7.51405E+13,1
7.51406E+13,1
7.51441E+13,1
7.5145E+13,1
7.51463E+13,1
7.55758E+13,1
7.55764E+13,2
7.55768E+13,1
7.55771E+13,1
7.55793E+13,1
7.55822E+13,2
7.55853E+13,1
7.55861E+13,1
7.55868E+13,1
7.55885E+13,1
7.559E+13,2
7.55915E+13,1
7.55927E+13,1
7.5593E+13,1
7.55936E+13,1
7.55944E+13,1
7.55945E+13,1
7.56016E+13,1
7.56033E+13,1
7.56088E+13,1
7.56089E+13,2
7.56108E+13,1
7.56114E+13,1
7.56122E+13,2
7.56186E+13,2
7.56189E+13,2
7.56195E+13,1
7.56849E+13,3
7.56918E+13,3
7.56975E+13,2
7.57116E+13,2
7.57158E+13,3
7.57262E+13,3
7.57264E+13,3
7.57361E+13,3
7.5738E+13,3
7.57386E+13,3
7.5739E+13,3
7.57532E+13,1
7.57555E+13,1
7.57572E+13,1
7.57597E+13,1
7.57629E+13,2
7.57631E+13,1
7.57638E+13,1
7.57645E+13,1
7.57648E+13,1
7.57671E+13,1
7.57691E+13,1
7.5771E+13,1
7.57836E+13,1
7.57844E+13,1
7.57846E+13,1
7.57867E+13,1
7.57871E+13,1
7.57873E+13,1
7.57878E+13,1
7.57902E+13,1
7.57906E+13,1
7.57908E+13,1
7.57918E+13,1
7.57944E+13,1
7.5796E+13,1
7.57961E+13,1
7.58028E+13,1
7.58047E+13,1
7.58055E+13,1
7.58061E+13,1
7.58082E+13,1
7.58111E+13,2
7.58135E+13,1
7.58199E+13,1
7.58227E+13,1
7.58249E+13,2
7.58274E+13,1
7.5828E+13,1
7.58289E+13,1
7.58302E+13,1
7.58336E+13,1
7.58385E+13,1
7.58388E+13,1
7.58411E+13,1
7.58518E+13,2
7.59756E+13,1
7.59756E+13,1
7.59757E+13,1
7.59757E+13,1
7.59757E+13,2
7.59757E+13,1
7.59758E+13,1
7.59758E+13,1
7.59759E+13,1
7.59759E+13,1
7.59759E+13,1
7.59759E+13,1
7.59759E+13,1
7.5976E+13,1
7.5976E+13,1
7.59762E+13,2
7.59762E+13,1
7.59763E+13,1
7.59764E+13,1
7.59764E+13,1
7.59765E+13,2
7.59765E+13,2
7.59765E+13,2
7.59766E+13,1
7.59766E+13,1
7.59767E+13,1
7.59767E+13,1
7.59768E+13,1
7.59768E+13,2
7.59768E+13,1
7.59769E+13,1
7.59769E+13,1
7.59769E+13,1
7.63173E+13,3
7.6319E+13,2
7.63205E+13,3
7.63225E+13,2
7.6324E+13,2
7.63245E+13,3
7.63342E+13,2
7.6335E+13,3
7.63518E+13,3
7.63635E+13,2
7.63639E+13,2
7.6367E+13,2
7.63709E+13,3
7.63739E+13,3
7.63778E+13,3
7.63797E+13,2
7.63801E+13,2
7.63881E+13,3
7.63888E+13,2
7.63888E+13,2
7.63889E+13,2
7.63889E+13,2
7.6389E+13,2
7.6389E+13,2
7.6389E+13,1
7.6389E+13,2
7.63891E+13,2
7.63891E+13,2
7.63891E+13,1
7.63891E+13,2
7.63892E+13,2
7.63892E+13,2
7.63892E+13,2
7.63893E+13,2
7.63893E+13,2
7.63893E+13,2
7.63895E+13,2
7.63897E+13,2
7.63898E+13,2
7.63898E+13,2
7.63899E+13,2
7.63902E+13,2
7.63916E+13,3
7.63981E+13,1
7.63992E+13,3
7.64067E+13,3
7.64099E+13,2
7.64176E+13,3
7.6715E+13,3
7.67272E+13,3
7.67355E+13,1
7.67401E+13,2
7.67547E+13,2
7.67567E+13,3
7.67572E+13,3
7.67596E+13,2
7.67691E+13,3
7.67703E+13,4
7.67783E+13,2
7.67797E+13,2
7.67798E+13,2
7.67803E+13,2
7.67856E+13,2
7.67858E+13,2
7.67887E+13,2
7.68153E+13,3
7.68265E+13,3
7.68277E+13,3
7.68442E+13,1
7.68446E+13,1
7.68448E+13,1
7.68459E+13,1
7.68463E+13,1
7.68468E+13,2
7.68526E+13,1
7.68545E+13,1
7.68547E+13,1
7.68575E+13,1
7.68582E+13,1
7.68584E+13,1
7.68585E+13,1
7.68624E+13,2
7.68642E+13,1
7.68645E+13,1
7.68659E+13,1
7.68663E+13,1
7.68672E+13,1
7.6868E+13,1
7.68699E+13,2
7.68712E+13,1
7.68713E+13,1
7.6872E+13,1
7.68723E+13,2
7.68725E+13,1
7.68753E+13,2
7.68758E+13,1
7.68787E+13,2
7.6879E+13,1
7.68805E+13,1
7.68833E+13,1
7.68834E+13,1
7.68842E+13,2
7.68847E+13,1
7.68869E+13,1
7.68882E+13,1
7.68885E+13,1
7.68894E+13,1
7.68902E+13,1
7.68917E+13,1
7.68919E+13,3
7.68928E+13,2
7.68953E+13,2
7.6896E+13,1
7.68965E+13,1
7.69007E+13,2
7.69008E+13,2
7.69009E+13,2
7.69027E+13,1
7.69043E+13,2
7.69046E+13,1
7.69064E+13,1
7.69074E+13,1
7.69101E+13,1
7.69109E+13,1
7.69138E+13,1
7.69204E+13,3
7.69244E+13,2
7.69274E+13,2
7.6935E+13,2
7.69353E+13,1
7.69355E+13,2
7.69361E+13,2
7.69369E+13,3
7.69376E+13,3
7.69439E+13,2
7.69457E+13,2
7.69553E+13,3
7.69568E+13,3
7.91688E+13,1
7.91746E+13,1
7.91804E+13,2
7.91878E+13,1
7.9195E+13,2
7.91959E+13,2
7.92034E+13,1
7.92044E+13,2
7.92062E+13,2
7.92067E+13,2
7.92078E+13,2
7.92103E+13,1
7.92161E+13,2
7.92167E+13,2
7.92287E+13,2
8.16008E+13,2
8.16012E+13,2
8.16045E+13,2
8.16046E+13,2
8.16073E+13,2
8.16094E+13,2
8.16112E+13,2
8.16129E+13,2
8.16135E+13,2
8.16178E+13,2
8.16238E+13,2
8.16289E+13,2
8.16447E+13,2
8.16542E+13,2
8.1656E+13,2
8.16573E+13,2
8.16601E+13,2
8.1661E+13,2
8.16671E+13,2
8.24951E+13,2
8.24971E+13,3
8.25022E+13,2
8.25023E+13,2
8.25029E+13,2
8.25037E+13,2
8.25055E+13,2
8.25064E+13,2
8.25085E+13,3
8.25129E+13,2
8.25148E+13,2
8.25167E+13,3
8.25207E+13,3
8.25211E+13,3
8.25214E+13,3
8.25224E+13,2
8.25261E+13,2
8.25276E+13,2
8.25279E+13,2
8.2529E+13,3
8.25318E+13,2
8.2532E+13,2
8.25358E+13,2
8.25395E+13,2
8.25484E+13,2
8.25558E+13,2
8.2556E+13,2
8.25564E+13,2
8.7095E+13,2
8.7095E+13,3
8.70951E+13,3
8.70951E+13,3
8.70951E+13,2
8.70951E+13,3
8.70951E+13,1
8.70951E+13,2
8.70951E+13,3
8.70951E+13,3
8.70951E+13,3
8.70952E+13,3
8.70952E+13,3
8.70952E+13,3
8.70952E+13,3
8.70952E+13,3
8.70952E+13,3
8.70952E+13,1
8.70952E+13,3
8.70953E+13,3
8.70953E+13,3
8.70953E+13,3
8.70953E+13,3
8.70953E+13,3
8.70953E+13,3
8.70953E+13,3
8.70953E+13,3
8.70953E+13,2
8.70953E+13,3
8.70954E+13,2
8.70954E+13,2
8.70954E+13,3
8.70954E+13,3
8.70954E+13,3
8.70954E+13,3
8.70954E+13,3
8.70954E+13,3
8.70954E+13,3
8.70955E+13,3
8.70955E+13,3
8.70955E+13,3
8.70955E+13,3
8.70955E+13,3
8.70955E+13,2
8.70955E+13,2
8.70955E+13,3
8.70956E+13,3
8.70956E+13,3
8.70956E+13,3
8.70956E+13,3
8.70956E+13,3
8.70956E+13,2
8.70957E+13,3
8.70957E+13,3
8.70957E+13,3
8.70957E+13,3
9.05435E+13,2
9.05439E+13,2
9.05515E+13,2
9.05541E+13,2
9.05553E+13,2
9.05564E+13,2
9.05676E+13,2
9.05677E+13,2
9.05683E+13,2
9.05689E+13,2
9.05695E+13,2
9.09226E+13,2
9.09255E+13,2
9.093E+13,2
9.09362E+13,2
9.094E+13,2
9.0942E+13,2
9.21172E+13,2
9.21202E+13,2
9.21271E+13,2
9.2129E+13,2
9.21293E+13,2
9.21295E+13,2
9.21314E+13,2
9.21387E+13,2
9.21393E+13,2
9.21395E+13,2
9.21451E+13,2
9.2146E+13,2
9.21578E+13,2
9.21593E+13,2
9.21734E+13,2
9.21776E+13,2
9.21792E+13,2
9.21844E+13,2
9.21907E+13,2
9.21986E+13,3
9.22018E+13,3
9.22109E+13,1
9.22111E+13,1
9.22116E+13,1
9.2245E+13,1
9.22465E+13,1
9.22488E+13,1
9.22532E+13,1
9.22553E+13,1
9.2257E+13,1
9.22573E+13,1
9.22583E+13,2
9.22596E+13,1
9.22624E+13,1
9.22631E+13,1
9.22829E+13,1
9.2283E+13,1
9.22844E+13,1
9.22885E+13,1
9.22944E+13,3
9.23022E+13,1
9.23141E+13,2
9.23254E+13,1
9.23256E+13,1
9.23286E+13,1
9.23287E+13,1
9.23396E+13,3
9.23406E+13,1
9.23461E+13,2
9.23505E+13,1
9.23522E+13,1
9.23525E+13,2
9.23548E+13,1
9.23669E+13,2
9.23716E+13,1
9.24031E+13,2
9.26315E+13,1
9.2636E+13,1
9.26404E+13,2
9.38059E+13,2
9.38066E+13,1
9.38071E+13,2
9.38087E+13,2
9.38088E+13,2
9.38136E+13,2
9.38144E+13,2
9.38193E+13,1
9.38204E+13,2
9.38205E+13,2
9.38206E+13,2
9.38213E+13,1
9.38249E+13,1
9.3832E+13,1
9.38329E+13,2
9.38335E+13,2
9.38365E+13,2
9.38368E+13,2
9.38376E+13,2
9.38395E+13,2
9.38404E+13,2
9.38443E+13,1
9.38492E+13,1
9.38502E+13,1
9.38509E+13,2
9.38515E+13,1
9.38545E+13,2
9.38585E+13,2
9.45714E+13,2
9.45731E+13,1
9.4576E+13,2
9.458E+13,3
9.45825E+13,1
9.45886E+13,2
9.45969E+13,1
9.46019E+13,2
9.46069E+13,2
9.46086E+13,3
9.46147E+13,2
9.46185E+13,2
9.46211E+13,1
9.46375E+13,1
9.46382E+13,2
9.4639E+13,2
9.52779E+13,2
9.52784E+13,1
9.52807E+13,1
9.52809E+13,2
9.52812E+13,1
9.52815E+13,2
9.52822E+13,1
9.52826E+13,1
9.52855E+13,1
9.52868E+13,2
9.52869E+13,2
9.5289E+13,1
9.52896E+13,2
9.52901E+13,2
9.52908E+13,1
9.52916E+13,1
9.52918E+13,1
9.5292E+13,2
9.5292E+13,2
9.52943E+13,2
9.52952E+13,1
9.52956E+13,1
9.5297E+13,2
9.52972E+13,2
9.52979E+13,1
9.52995E+13,1
9.53E+13,1
9.53006E+13,1
9.53027E+13,1
9.53039E+13,1
9.53056E+13,1
9.53058E+13,1
9.53059E+13,1
9.5306E+13,1
9.53062E+13,1
9.53067E+13,1
9.53072E+13,2
9.53095E+13,1
9.53114E+13,1
9.53127E+13,2
9.5313E+13,1
9.53132E+13,1
9.53144E+13,1
9.5316E+13,2
9.53172E+13,1
9.53186E+13,1
9.53195E+13,1
9.53201E+13,1
9.53212E+13,1
9.53213E+13,1
9.53214E+13,1
9.53216E+13,1
9.53219E+13,2
9.53228E+13,2
9.58331E+13,2
9.58344E+13,2
9.58346E+13,2
9.58355E+13,2
9.58366E+13,2
9.58382E+13,2
9.5844E+13,2
9.58444E+13,2
9.5849E+13,2
9.58497E+13,2
9.58515E+13,2
9.58516E+13,2
9.58541E+13,2
9.58549E+13,2
9.58558E+13,2
9.58623E+13,3
9.58665E+13,2
9.58668E+13,2
9.58671E+13,2
9.58736E+13,2
9.58758E+13,3
9.61593E+13,2
9.61688E+13,1
9.61836E+13,1
9.61858E+13,2
9.61859E+13,2
9.62079E+13,1
9.62099E+13,1
9.62212E+13,1
9.62247E+13,1
9.62346E+13,1
9.62348E+13,1
9.62532E+13,2
9.62539E+13,2
9.62562E+13,1
9.62612E+13,1
9.62626E+13,1
9.62767E+13,1
9.62781E+13,1
9.62815E+13,2
9.74735E+13,3
9.74808E+13,3
9.74872E+13,3
9.74894E+13,3
9.74909E+13,2
9.74915E+13,2
9.74936E+13,2
9.74961E+13,2
9.75033E+13,2
9.75053E+13,3
9.75076E+13,2
9.75078E+13,2
9.75102E+13,2
9.75114E+13,2
9.75162E+13,2
9.75195E+13,3
9.75225E+13,2
9.75231E+13,2
9.75242E+13,2
9.75258E+13,2
9.75279E+13,2
9.75323E+13,2
9.7534E+13,3
9.75364E+13,2
9.75366E+13,3
9.75384E+13,3
9.75392E+13,2
9.89348E+13,1
9.89395E+13,2
9.89444E+13,2
9.89607E+13,1
9.89879E+13,2
9.89892E+13,1
9.89935E+13,2
9.90062E+13,1
9.90104E+13,2
9.90217E+13,1
9.90227E+13,1
9.90297E+13,1
9.90481E+13,2
9.90511E+13,1
9.92194E+13,1
9.92333E+13,1
9.92335E+13,2
9.92739E+13,1
9.92755E+13,1
9.92762E+13,1
9.92771E+13,1
1.00172E+14,1
1.00173E+14,2
1.00174E+14,2
1.00176E+14,2
1.00181E+14,1
1.00182E+14,2
1.00185E+14,2
1.00186E+14,2
1.00187E+14,1
1.00188E+14,1
1.00188E+14,2
1.00188E+14,1
1.00189E+14,2
1.0019E+14,1
1.00191E+14,1
1.00191E+14,1
1.00191E+14,1
1.00193E+14,1
1.00194E+14,2
1.00194E+14,2
1.00196E+14,2
1.00197E+14,2
1.002E+14,2
1.00201E+14,2
1.00201E+14,2
1.00204E+14,1
1.00204E+14,1
1.00205E+14,2
1.00209E+14,2
1.00209E+14,2
1.00212E+14,2
1.00216E+14,2
1.00217E+14,1
1.00218E+14,1
1.0022E+14,2
1.00222E+14,1
1.00222E+14,2
1.00223E+14,2
1.00225E+14,2
1.00226E+14,1
1.00228E+14,1
1.00228E+14,1
1.00231E+14,2
1.00233E+14,1
1.00233E+14,1
1.00233E+14,1
1.00234E+14,1
1.00237E+14,2
1.00238E+14,1
1.00238E+14,2
1.00239E+14,2
1.0024E+14,2
1.00242E+14,1
1.00243E+14,1
1.00244E+14,1
1.00245E+14,2
1.00247E+14,2
1.00247E+14,2
1.00248E+14,1
1.00252E+14,2
1.00252E+14,2
1.00255E+14,2
1.00255E+14,1
1.00256E+14,1
1.02076E+14,2
1.02077E+14,2
1.02077E+14,2
1.02077E+14,3
1.02077E+14,2
1.02077E+14,2
1.02078E+14,2
1.02078E+14,2
1.0208E+14,2
1.02096E+14,2
1.02096E+14,2
1.02097E+14,2
1.02097E+14,1
1.02097E+14,2
1.02097E+14,2
1.02098E+14,2
1.02098E+14,2
1.02099E+14,2
1.02102E+14,7
1.02106E+14,2
1.02106E+14,2
1.02106E+14,2
1.02106E+14,2
1.02106E+14,2
1.02106E+14,2
1.02107E+14,2
1.02107E+14,2
1.02107E+14,2
1.02107E+14,2
1.02107E+14,2
1.02107E+14,2
1.02107E+14,1
1.02107E+14,1
1.02108E+14,1
1.02108E+14,1
1.02108E+14,1
1.02108E+14,1
1.02108E+14,2
1.02108E+14,1
1.02108E+14,2
1.02108E+14,1
1.02108E+14,1
1.02108E+14,1
1.02108E+14,1
1.02108E+14,1
1.02108E+14,1
1.02108E+14,2
1.02109E+14,1
1.02109E+14,2
1.02109E+14,1
1.02109E+14,1
1.02117E+14,4
1.02129E+14,6
1.0213E+14,5
1.0213E+14,5
1.0213E+14,5
1.0213E+14,5
1.0213E+14,4
1.0213E+14,4
1.02131E+14,6
1.02132E+14,1
1.02132E+14,2
1.02132E+14,1
1.02133E+14,2
1.02133E+14,1
1.02133E+14,1
1.02133E+14,1
1.02133E+14,1
1.02133E+14,1
1.02133E+14,1
1.02134E+14,1
1.02134E+14,2
1.02134E+14,1
1.02135E+14,1
1.02135E+14,1
1.02135E+14,1
1.02135E+14,2
1.02135E+14,1
1.02139E+14,2
1.0214E+14,2
1.0214E+14,2
1.02141E+14,2
1.02142E+14,2
1.02142E+14,2
1.02143E+14,1
1.02143E+14,1
1.02143E+14,1
1.02143E+14,1
1.02143E+14,1
1.02144E+14,1
1.02144E+14,1
1.02145E+14,1
1.02145E+14,1
1.02145E+14,1
1.02145E+14,1
1.02146E+14,2
1.02146E+14,2
1.02147E+14,2
1.02148E+14,1
1.02148E+14,1
1.02148E+14,1
1.02149E+14,2
1.02149E+14,2
1.0215E+14,2
1.02151E+14,2
1.02151E+14,2
1.02151E+14,2
1.02151E+14,2
1.02152E+14,2
1.02153E+14,2
1.02153E+14,2
1.02153E+14,2
1.02154E+14,2
1.02159E+14,2
1.02159E+14,3
1.02159E+14,2
1.02159E+14,2
1.02159E+14,3
1.02159E+14,3
1.0216E+14,2
1.0216E+14,2
1.0216E+14,3
1.0216E+14,2
1.0216E+14,2
1.0216E+14,3
1.0216E+14,3
1.02161E+14,2
1.02161E+14,2
1.02161E+14,2
1.02161E+14,3
1.02161E+14,2
1.02161E+14,3
1.02161E+14,3
1.02161E+14,3
1.02161E+14,3
1.02162E+14,3
1.02162E+14,3
1.02162E+14,2
1.02162E+14,2
1.02163E+14,2
1.02163E+14,3
1.02163E+14,3
1.02163E+14,3
1.02163E+14,2
1.02163E+14,2
1.02164E+14,2
1.02164E+14,2
1.02165E+14,2
1.02166E+14,2
1.02166E+14,3
1.02166E+14,2
1.02166E+14,2
1.02167E+14,2
1.02274E+14,2
1.02309E+14,2
1.02309E+14,2
1.02309E+14,2
1.02309E+14,2
1.0231E+14,2
1.0231E+14,3
1.02311E+14,4
1.02311E+14,4
1.02316E+14,2
1.02367E+14,2
1.02442E+14,2
1.02442E+14,2
1.02442E+14,2
1.02442E+14,2
1.02442E+14,2
1.02442E+14,2
1.02443E+14,2
1.02443E+14,2
1.02443E+14,2
1.02443E+14,1
1.02443E+14,2
1.02443E+14,2
1.02443E+14,2
1.02443E+14,1
1.02443E+14,2
1.02443E+14,1
1.02443E+14,2
1.02443E+14,2
1.02443E+14,2
1.02443E+14,2
1.02443E+14,2
1.02443E+14,2
1.02443E+14,1
1.02443E+14,1
1.02443E+14,1
1.02444E+14,1
1.02444E+14,1
1.02444E+14,1
1.02444E+14,2
1.02444E+14,1
1.02444E+14,1
1.02444E+14,1
1.02444E+14,2
1.02444E+14,2
1.02444E+14,1
1.02444E+14,1
1.02444E+14,1
1.02444E+14,1
1.02444E+14,1
1.02444E+14,1
1.02444E+14,1
1.02444E+14,2
1.02444E+14,2
1.02444E+14,1
1.02444E+14,2
1.02444E+14,1
1.02444E+14,1
1.02444E+14,1
1.02445E+14,2
1.02445E+14,1
1.02445E+14,2
1.02445E+14,1
1.02445E+14,2
1.02453E+14,1
1.02453E+14,1
1.02453E+14,1
1.02453E+14,1
1.02453E+14,1
1.02454E+14,1
1.02454E+14,1
1.02454E+14,1
1.02454E+14,1
1.02454E+14,2
1.02454E+14,1
1.02455E+14,1
1.02456E+14,2
1.02457E+14,1
1.02463E+14,2
1.02463E+14,2
1.02463E+14,2
1.02464E+14,2
1.02464E+14,2
1.02464E+14,2
1.02464E+14,2
1.02464E+14,2
1.02464E+14,3
1.02464E+14,2
1.02464E+14,2
1.02464E+14,2
1.02464E+14,2
1.02464E+14,3
1.02464E+14,3
1.02464E+14,2
1.02464E+14,3
1.02464E+14,3
1.02464E+14,2
1.02465E+14,2
1.02465E+14,2
1.02465E+14,3
1.02465E+14,3
1.02465E+14,2
1.02465E+14,3
1.02465E+14,2
1.02465E+14,2
1.02466E+14,3
1.02466E+14,2
1.02466E+14,2
1.02466E+14,3
1.02466E+14,3
1.02466E+14,3
1.02467E+14,3
1.02467E+14,2
1.02468E+14,3
1.02468E+14,3
1.02469E+14,4
1.02472E+14,7
1.02472E+14,5
1.02473E+14,6
1.02474E+14,3
1.02475E+14,3
1.02481E+14,5
1.02481E+14,5
1.02482E+14,5
1.02482E+14,5
1.02482E+14,5
1.02483E+14,1
1.02483E+14,2
1.02483E+14,2
1.02483E+14,1
1.02484E+14,2
1.02484E+14,2
1.02484E+14,1
1.02484E+14,1
1.02484E+14,1
1.02484E+14,1
1.02484E+14,1
1.02484E+14,1
1.02484E+14,2
1.02484E+14,1
1.02484E+14,1
1.02484E+14,1
1.02485E+14,1
1.02485E+14,1
1.02485E+14,1
1.02485E+14,1
1.02485E+14,1
1.02485E+14,2
1.02485E+14,1
1.02485E+14,2
1.02486E+14,1
1.02486E+14,1
1.0249E+14,2
1.02492E+14,2
1.02492E+14,3
1.02493E+14,3
1.02493E+14,3
1.02494E+14,2
1.02494E+14,2
1.02494E+14,2
1.02494E+14,2
1.02495E+14,2
1.02495E+14,2
1.02495E+14,2
1.02495E+14,2
1.02495E+14,2
1.02495E+14,2
1.02495E+14,2
1.02498E+14,2
1.02499E+14,3
1.02499E+14,2
1.02499E+14,2
1.02499E+14,2
1.02502E+14,3
1.02505E+14,8
1.02507E+14,2
1.02508E+14,2
1.02508E+14,2
1.02508E+14,2
1.02508E+14,2
1.02508E+14,2
1.02508E+14,2
1.02509E+14,2
1.02509E+14,2
1.02509E+14,2
1.02509E+14,2
1.02509E+14,2
1.02509E+14,2
1.02509E+14,2
1.0251E+14,1
1.0251E+14,1
1.0251E+14,1
1.0251E+14,1
1.0251E+14,1
1.0251E+14,1
1.0251E+14,1
1.0251E+14,1
1.0251E+14,1
1.0251E+14,1
1.02511E+14,1
1.02511E+14,1
1.02511E+14,1
1.02511E+14,1
1.02511E+14,2
1.0253E+14,2
1.0253E+14,2
1.0253E+14,2
1.0253E+14,2
1.0253E+14,2
1.0253E+14,2
1.0253E+14,3
1.0253E+14,2
1.0253E+14,3
1.0253E+14,2
1.0253E+14,2
1.0253E+14,2
1.0253E+14,2
1.0253E+14,2
1.0253E+14,3
1.0253E+14,2
1.0253E+14,2
1.0253E+14,2
1.02531E+14,3
1.02531E+14,2
1.02531E+14,2
1.02531E+14,2
1.02531E+14,2
1.02531E+14,3
1.02531E+14,3
1.02532E+14,3
1.02532E+14,3
1.02533E+14,3
1.02533E+14,3
1.02533E+14,3
1.02533E+14,2
1.02533E+14,2
1.02533E+14,3
1.02534E+14,2
1.02534E+14,3
1.02534E+14,2
1.02536E+14,5
1.02538E+14,8
1.02538E+14,7
1.02538E+14,8
1.02538E+14,8
1.02538E+14,8
1.02546E+14,7
1.02548E+14,5
1.02549E+14,7
1.02549E+14,2
1.02549E+14,2
1.02549E+14,2
1.0255E+14,1
1.0255E+14,1
1.0255E+14,1
1.0255E+14,1
1.0255E+14,1
1.0255E+14,1
1.0255E+14,1
1.0255E+14,1
1.0255E+14,1
1.02551E+14,1
1.02551E+14,2
1.02551E+14,2
1.02551E+14,1
1.02551E+14,1
1.02551E+14,1
1.02551E+14,1
1.02551E+14,1
1.02551E+14,1
1.02551E+14,1
1.02551E+14,1
1.02551E+14,1
1.02552E+14,2
1.02552E+14,2
1.02552E+14,1
1.02552E+14,2
1.02552E+14,1
1.02552E+14,1
1.02552E+14,1
1.02552E+14,1
1.02552E+14,1
1.02552E+14,2
1.02552E+14,1
1.02557E+14,1
1.02558E+14,1
1.02558E+14,1
1.02558E+14,2
1.02558E+14,1
1.02559E+14,1
1.02559E+14,1
1.02559E+14,2
1.0256E+14,2
1.02561E+14,1
1.02561E+14,1
1.02561E+14,1
1.02561E+14,1
1.02561E+14,1
1.06266E+14,2
1.06276E+14,2
1.06287E+14,2
1.06288E+14,2
1.06296E+14,2
1.06299E+14,2
1.06302E+14,2
1.06309E+14,2
1.06316E+14,2
1.0632E+14,2
1.06321E+14,2
1.06321E+14,2
1.06335E+14,2
1.06338E+14,2
1.07107E+14,2
1.07107E+14,1
1.07107E+14,1
1.07107E+14,2
1.07107E+14,2
1.07108E+14,2
1.07108E+14,2
1.07108E+14,1
1.07108E+14,1
1.07108E+14,1
1.07108E+14,2
1.07108E+14,1
1.07109E+14,1
1.07109E+14,1
1.07109E+14,1
1.07109E+14,1
1.07109E+14,1
1.07109E+14,1
1.07109E+14,1
1.07109E+14,2
1.0711E+14,1
1.0711E+14,1
1.0711E+14,2
1.0711E+14,1
1.0711E+14,2
1.0711E+14,1
1.0711E+14,1
1.07545E+14,2
1.07545E+14,2
1.07545E+14,1
1.07545E+14,2
1.07546E+14,2
1.07546E+14,2
1.07546E+14,1
1.07546E+14,1
1.07546E+14,1
1.07546E+14,1
1.07546E+14,1
1.07546E+14,1
1.07546E+14,1
1.07546E+14,1
1.07546E+14,1
1.07546E+14,1
1.07546E+14,1
1.07546E+14,1
1.07546E+14,1
1.07546E+14,1
1.07546E+14,1
1.07546E+14,1
1.07546E+14,1
1.07546E+14,1
1.07546E+14,1
1.07546E+14,1
1.07546E+14,1
1.07546E+14,1
1.07546E+14,1
1.07546E+14,1
1.07546E+14,1
1.07546E+14,1
1.07546E+14,1
1.07546E+14,1
1.0786E+14,2
1.0786E+14,2
1.0786E+14,2
1.07861E+14,2
1.07861E+14,2
1.07861E+14,2
1.07861E+14,2
1.07861E+14,2
1.07861E+14,2
1.07861E+14,2
1.07861E+14,2
1.07861E+14,2
1.07861E+14,2
1.07861E+14,1
1.07862E+14,2
1.07862E+14,2
1.07862E+14,2
1.07862E+14,2
1.07862E+14,1
1.07862E+14,2
1.07862E+14,2
1.07862E+14,2
1.07862E+14,2
1.07862E+14,2
1.07862E+14,2
1.07862E+14,1
1.07862E+14,1
1.07862E+14,2
1.07862E+14,2
1.07863E+14,2
1.07863E+14,1
1.07863E+14,2
1.07863E+14,1
1.07863E+14,1
1.07863E+14,1
1.07863E+14,1
1.07863E+14,1
1.07863E+14,1
1.07863E+14,1
1.07863E+14,2
1.07863E+14,2
1.07863E+14,1
1.07863E+14,1
1.07863E+14,2
1.07863E+14,2
1.07864E+14,2
1.07864E+14,1
1.07864E+14,2
1.07865E+14,2
1.07865E+14,2
1.07866E+14,2
1.07866E+14,2
1.07866E+14,2
1.07866E+14,2
1.07867E+14,3
1.07867E+14,2
1.07868E+14,2
1.07868E+14,2
1.07868E+14,2
1.08287E+14,2
1.08287E+14,2
1.08287E+14,2
1.08287E+14,2
1.08287E+14,2
1.08287E+14,2
1.08287E+14,2
1.08287E+14,2
1.08288E+14,2
1.08288E+14,2
1.08288E+14,2
1.08288E+14,2
1.08289E+14,2
1.08295E+14,2
1.08295E+14,2
1.08295E+14,1
1.08295E+14,1
1.08295E+14,2
1.08296E+14,1
1.08296E+14,1
1.08296E+14,1
1.08296E+14,1
1.08296E+14,1
1.08296E+14,1
1.08297E+14,1
1.08297E+14,2
1.08297E+14,1
1.08297E+14,1
1.08297E+14,1
1.08297E+14,1
1.08299E+14,2
1.083E+14,1
1.08489E+14,2
1.08489E+14,2
1.08492E+14,3
1.08493E+14,4
1.08624E+14,2
1.08624E+14,2
1.08624E+14,2
1.08624E+14,3
1.08624E+14,3
1.08624E+14,2
1.08624E+14,3
1.08624E+14,3
1.08624E+14,2
1.08625E+14,2
1.08625E+14,3
1.08625E+14,3
1.08625E+14,3
1.08625E+14,3
1.08625E+14,2
1.08625E+14,3
1.08625E+14,2
1.08625E+14,2
1.08625E+14,2
1.08625E+14,2
1.08625E+14,3
1.08626E+14,2
1.08626E+14,2
1.08626E+14,3
1.08626E+14,3
1.08626E+14,3
1.08626E+14,2
1.08626E+14,3
1.08627E+14,3
1.08628E+14,3
1.08628E+14,2
1.08628E+14,2
1.08628E+14,3
1.08629E+14,3
1.08631E+14,6
1.08632E+14,7
1.08632E+14,7
1.08717E+14,7
1.08718E+14,5
1.08718E+14,5
1.08718E+14,4
1.08718E+14,5
1.08718E+14,5
1.09828E+14,2
1.09828E+14,2
1.09828E+14,2
1.09828E+14,1
1.09828E+14,2
1.09828E+14,2
1.09828E+14,2
1.09828E+14,1
1.09828E+14,1
1.09828E+14,1
1.09828E+14,2
1.09828E+14,2
1.09828E+14,2
1.09828E+14,2
1.09828E+14,2
1.09828E+14,2
1.09829E+14,2
1.09829E+14,2
1.09829E+14,2
1.09829E+14,2
1.09829E+14,2
1.09829E+14,2
1.09829E+14,2
1.09829E+14,2
1.09829E+14,2
1.09829E+14,2
1.09829E+14,2
1.09829E+14,2
1.09829E+14,2
1.13492E+14,1
1.13492E+14,2
1.13492E+14,1
1.13492E+14,1
1.13492E+14,1
1.13492E+14,1
1.13493E+14,1
1.13493E+14,2
1.13493E+14,1
1.13493E+14,1
1.13493E+14,2
1.13493E+14,1
1.13493E+14,2
1.13493E+14,2
1.13493E+14,2
1.13493E+14,1
1.13493E+14,2
1.13493E+14,1
1.13493E+14,1
1.13493E+14,1
1.13493E+14,1
1.13493E+14,1
1.13493E+14,1
1.13493E+14,1
1.13494E+14,2
1.13494E+14,1
1.13494E+14,1
1.13494E+14,1
1.13494E+14,1
1.13494E+14,1
1.13494E+14,1
1.13494E+14,1
1.13494E+14,1
1.13494E+14,2
1.13494E+14,2
1.16425E+14,2
1.16425E+14,2
1.16425E+14,2
1.16425E+14,2
1.16425E+14,1
1.16425E+14,2
1.16425E+14,1
1.18137E+14,1
1.18137E+14,1
1.18137E+14,1
1.18138E+14,1
1.18138E+14,1
1.18138E+14,1
1.18138E+14,2
1.18138E+14,2
1.18138E+14,1
1.18138E+14,1
1.18138E+14,1
1.18138E+14,1
1.18182E+14,1
1.18182E+14,2
1.18182E+14,1
1.18182E+14,2
1.18182E+14,1
1.18182E+14,1
1.18182E+14,1
1.18182E+14,1
1.18182E+14,1
1.18183E+14,1
1.18183E+14,1
1.18183E+14,1
1.18183E+14,1
1.18183E+14,1
1.18183E+14,1
1.18183E+14,1
1.18183E+14,1
1.18183E+14,1
1.18183E+14,1
1.18183E+14,1
1.18183E+14,1
1.18183E+14,1
1.18183E+14,1
1.18183E+14,2
1.18183E+14,1
1.18183E+14,1
1.18183E+14,1
1.18184E+14,1
1.18184E+14,2
1.18184E+14,2
1.18184E+14,1
1.18184E+14,1
1.18184E+14,1
1.18184E+14,1
1.18184E+14,1
1.18184E+14,1
1.18184E+14,1
1.18184E+14,1
1.18184E+14,2
1.18184E+14,1
1.18184E+14,1
1.18184E+14,1
1.19148E+14,1
1.19148E+14,1
1.19148E+14,1
1.19148E+14,1
1.19148E+14,1
1.19148E+14,1
1.19148E+14,1
1.19774E+14,1
1.19774E+14,1
1.19774E+14,1
1.19774E+14,1
1.20045E+14,2
1.20045E+14,2
1.21294E+14,2
1.213E+14,2
1.21305E+14,2
1.2132E+14,2
1.21326E+14,2
1.21327E+14,2
1.21332E+14,2
1.21333E+14,2
1.21334E+14,2
1.21334E+14,2
1.21335E+14,2
1.21337E+14,2
1.21338E+14,2
1.2134E+14,3
1.21343E+14,3
1.21343E+14,3
1.21344E+14,2
1.21345E+14,2
1.21347E+14,2
1.21347E+14,2
1.21352E+14,2
1.22407E+14,1
1.22407E+14,1
1.22407E+14,1
1.22407E+14,1
1.22407E+14,1
1.22407E+14,1
1.22407E+14,1
1.22556E+14,1
1.22556E+14,2
1.22556E+14,1
1.22556E+14,2
1.22556E+14,2
1.22556E+14,1
1.22556E+14,1
1.22557E+14,1
1.22557E+14,1
1.22557E+14,1
1.22557E+14,2
1.22557E+14,3
1.22557E+14,3
1.22558E+14,2
1.22558E+14,1
1.22558E+14,2
1.22559E+14,2
1.2256E+14,2
1.2256E+14,2
1.2256E+14,2
1.2256E+14,2
1.2256E+14,2
1.2256E+14,2
1.2256E+14,1
1.2256E+14,1
1.2256E+14,1
1.2256E+14,1
1.2256E+14,1
1.2256E+14,1
1.2256E+14,1
1.2256E+14,1
1.2256E+14,2
1.2256E+14,1
1.2256E+14,1
1.2256E+14,1
1.2256E+14,1
1.2256E+14,1
1.2256E+14,1
1.2256E+14,1
1.2256E+14,1
1.2256E+14,1
1.2256E+14,1
1.2256E+14,1
1.2256E+14,1
1.22561E+14,1
1.22561E+14,1
1.22561E+14,1
1.22561E+14,1
1.22561E+14,1
1.22561E+14,1
1.22561E+14,1
1.22561E+14,1
1.22561E+14,1
1.22561E+14,1
1.22561E+14,1
1.22561E+14,1
1.22561E+14,1
1.22561E+14,1
1.22561E+14,1
1.22561E+14,1
1.22561E+14,1
1.22561E+14,1
1.22561E+14,1
1.22561E+14,1
1.22561E+14,1
1.22561E+14,1
1.22561E+14,1
1.22561E+14,1
1.22561E+14,1
1.22561E+14,1
1.22561E+14,1
1.22561E+14,1
1.22561E+14,2
1.22562E+14,2
1.22562E+14,2
1.22562E+14,2
1.22562E+14,2
1.22562E+14,2
1.22562E+14,1
1.22562E+14,2
1.22562E+14,2
1.22562E+14,1
1.22562E+14,1
1.22562E+14,2
1.22562E+14,1
1.22562E+14,1
1.22562E+14,1
1.22562E+14,1
1.22562E+14,1
1.22562E+14,1
1.22562E+14,1
1.22562E+14,1
1.22562E+14,2
1.22563E+14,1
1.22563E+14,1
1.22563E+14,1
1.22563E+14,1
1.22563E+14,1
1.22563E+14,1
1.22567E+14,1
1.22567E+14,1
1.22567E+14,1
1.22567E+14,1
1.22567E+14,1
1.22567E+14,1
1.22567E+14,1
1.22567E+14,1
1.22567E+14,1
1.22567E+14,1
1.239E+14,2
1.23901E+14,2
1.23907E+14,3
1.2391E+14,3
1.23911E+14,3
1.23926E+14,2
1.23927E+14,3
1.23928E+14,3
1.23929E+14,3
1.23933E+14,2
1.23939E+14,3
1.23942E+14,3
1.23944E+14,1
1.23945E+14,3
1.23969E+14,3
1.23971E+14,3
1.23978E+14,1
1.23986E+14,2
1.23987E+14,3
1.23995E+14,3
1.24002E+14,3
1.24003E+14,3
1.26128E+14,2
1.26129E+14,3
1.26129E+14,2
1.26133E+14,3
1.26143E+14,1
1.26144E+14,3
1.26145E+14,3
1.26145E+14,3
1.26148E+14,3
1.26149E+14,2
1.2615E+14,2
1.26152E+14,3
1.26162E+14,2
1.26164E+14,3
1.26169E+14,3
1.26174E+14,3
1.26175E+14,2
1.26177E+14,3
1.26181E+14,2
1.26181E+14,2
1.26182E+14,2
1.31542E+14,1
1.31558E+14,1
1.31561E+14,2
1.31562E+14,2
1.31565E+14,1
1.31566E+14,2
1.31567E+14,2
1.31567E+14,1
1.31567E+14,2
1.31569E+14,2
1.3157E+14,2
1.3157E+14,2
1.3157E+14,2
1.31571E+14,2
1.31572E+14,1
1.31573E+14,3
1.31573E+14,3
1.31574E+14,2
1.31576E+14,2
1.31579E+14,1
1.3158E+14,2
1.31582E+14,1
1.31582E+14,2
1.31583E+14,2
1.31584E+14,2
1.31585E+14,1
1.31589E+14,1
1.3159E+14,1
1.31591E+14,3
1.31592E+14,2
1.34678E+14,2
1.34678E+14,2
1.34678E+14,4
1.34678E+14,2
1.34678E+14,2
1.34678E+14,3
1.34678E+14,2
1.34678E+14,3
1.34679E+14,2
1.34679E+14,4
1.34679E+14,3
1.34679E+14,3
1.34679E+14,3
1.3468E+14,2
1.3468E+14,2
1.3468E+14,2
1.3468E+14,2
1.3468E+14,2
1.3468E+14,2
1.3468E+14,3
1.3468E+14,2
1.3468E+14,2
1.3468E+14,2
1.34681E+14,2
1.38038E+14,2
1.38038E+14,2
1.38038E+14,2
1.38038E+14,2
1.38038E+14,2
1.38038E+14,2
1.38038E+14,2
1.38038E+14,2
1.38038E+14,2
1.38038E+14,2
1.38038E+14,2
1.38038E+14,2
1.38038E+14,2
1.38039E+14,2
1.38039E+14,2
1.38039E+14,2
1.38039E+14,2
1.38039E+14,2
1.38039E+14,2
1.38039E+14,2
1.38039E+14,2
1.38039E+14,2
1.38039E+14,2
1.38039E+14,2
1.38039E+14,2
1.38039E+14,2
1.38039E+14,2
1.38039E+14,2
1.38039E+14,2
1.38039E+14,2
1.38039E+14,2
1.38039E+14,2
1.38039E+14,2
1.38039E+14,2
1.38039E+14,2
1.38039E+14,2
1.38039E+14,2
1.39994E+14,2
1.39994E+14,2
1.39994E+14,2
1.39994E+14,2
1.39994E+14,2
1.39994E+14,2
1.39995E+14,2
1.39995E+14,2
1.39995E+14,2
1.39995E+14,2
1.39995E+14,2
1.39995E+14,2
1.39995E+14,2
1.39995E+14,2
1.39995E+14,2
1.39995E+14,2
1.39995E+14,2
1.39995E+14,2
1.39995E+14,2
1.39995E+14,2
1.39995E+14,2
1.42935E+14,2
1.42936E+14,2
1.42937E+14,1
1.42939E+14,2
1.42939E+14,2
1.4294E+14,2
1.42944E+14,2
1.42945E+14,1
1.42946E+14,1
1.42946E+14,2
1.42947E+14,2
1.4295E+14,2
1.4296E+14,1
1.42962E+14,1
1.42965E+14,2
1.42968E+14,1
1.42982E+14,2
1.42985E+14,2
1.44444E+14,3
1.44448E+14,3
1.44455E+14,1
1.44456E+14,1
1.44461E+14,1
1.44462E+14,1
1.44463E+14,3
1.44465E+14,2
1.44465E+14,2
1.44468E+14,2
1.44479E+14,3
1.44481E+14,3
1.44485E+14,2
1.44488E+14,3
1.4449E+14,3
1.44496E+14,1
1.44497E+14,3
1.44498E+14,3
1.44498E+14,3
1.44505E+14,3
1.44506E+14,3
1.44509E+14,2
1.4451E+14,3
1.44512E+14,2
1.44514E+14,3
1.44516E+14,3
1.44517E+14,3
1.44518E+14,3
1.4452E+14,2
1.44531E+14,3
1.44536E+14,3
1.44953E+14,2
1.44953E+14,2
1.44953E+14,2
1.44953E+14,2
1.44953E+14,2
1.44953E+14,2
1.44953E+14,1
1.44954E+14,2
1.44954E+14,2
1.44954E+14,1
1.44954E+14,2
1.44954E+14,1
1.44954E+14,2
1.44954E+14,2
1.44954E+14,2
1.44954E+14,2
1.44954E+14,2
1.44954E+14,2
1.44955E+14,2
1.44955E+14,2
1.44955E+14,2
1.44955E+14,2
1.44955E+14,2
1.44955E+14,2
1.44955E+14,2
1.44955E+14,2
1.44978E+14,1
1.44978E+14,1
1.44978E+14,1
1.44978E+14,1
1.44978E+14,1
1.44978E+14,1
1.44978E+14,1
1.44987E+14,1
1.44987E+14,1
1.44988E+14,1
1.44988E+14,1
1.44988E+14,1
1.44988E+14,1
1.44988E+14,1
1.44989E+14,2
1.44989E+14,1
1.44989E+14,1
1.44989E+14,1
1.44989E+14,1
1.4499E+14,2
1.4499E+14,1
1.44993E+14,2
1.44993E+14,1
1.44994E+14,1
1.44995E+14,1
1.44998E+14,1
1.44998E+14,1
1.44998E+14,1
1.45006E+14,2
1.45006E+14,2
1.45006E+14,2
1.45006E+14,3
1.45006E+14,2
1.45007E+14,2
1.45007E+14,3
1.45007E+14,1
1.45007E+14,3
1.45007E+14,2
1.45007E+14,2
1.45007E+14,2
1.45007E+14,1
1.45007E+14,1
1.45007E+14,1
1.45007E+14,1
1.45007E+14,1
1.45007E+14,1
1.45007E+14,1
1.45008E+14,1
1.45008E+14,1
1.45008E+14,1
1.45008E+14,1
1.45008E+14,1
1.45008E+14,1
1.45008E+14,1
1.45008E+14,1
1.45008E+14,1
1.45008E+14,1
1.45008E+14,1
1.45008E+14,1
1.45008E+14,1
1.45008E+14,1
1.45008E+14,1
1.45008E+14,1
1.45008E+14,2
1.45008E+14,1
1.45008E+14,1
1.45008E+14,2
1.45008E+14,1
1.45008E+14,1
1.45008E+14,2
1.45008E+14,1
1.45008E+14,1
1.45008E+14,1
1.45008E+14,1
1.45008E+14,2
1.45008E+14,1
1.45008E+14,1
1.45008E+14,1
1.45008E+14,1
1.45008E+14,1
1.4502E+14,1
1.4502E+14,1
1.4502E+14,1
1.4502E+14,2
1.4502E+14,1
1.4502E+14,1
1.4502E+14,1
1.4502E+14,1
1.4502E+14,1
1.4502E+14,2
1.4502E+14,2
1.4502E+14,2
1.4502E+14,2
1.4502E+14,1
1.4502E+14,1
1.4502E+14,2
1.4502E+14,1
1.4502E+14,1
1.4502E+14,2
1.4502E+14,1
1.4502E+14,1
1.4502E+14,1
1.45021E+14,1
1.45021E+14,1
1.45021E+14,1
1.45021E+14,1
1.45021E+14,1
1.45021E+14,1
1.45021E+14,1
1.45021E+14,1
1.45021E+14,1
1.45021E+14,1
1.45021E+14,1
1.45021E+14,1
1.45021E+14,1
1.45022E+14,1
1.45022E+14,2
1.45022E+14,1
1.45022E+14,2
1.45022E+14,1
1.45022E+14,1
1.45022E+14,1
1.45022E+14,1
1.45022E+14,1
1.45022E+14,1
1.45022E+14,1
1.45022E+14,1
1.45022E+14,1
1.45022E+14,1
1.45022E+14,1
1.45022E+14,1
1.45022E+14,1
1.45022E+14,1
1.45022E+14,1
1.45022E+14,1
1.45022E+14,1
1.45023E+14,1
1.45023E+14,1
1.45023E+14,2
1.45023E+14,1
1.45023E+14,1
1.45023E+14,1
1.45023E+14,1
1.45023E+14,1
1.45023E+14,2
1.45023E+14,1
1.45023E+14,1
1.45023E+14,1
1.45023E+14,2
1.45023E+14,1
1.45023E+14,1
1.45023E+14,1
1.45023E+14,1
1.45023E+14,1
1.45023E+14,1
1.45023E+14,1
1.45024E+14,1
1.45024E+14,2
1.45024E+14,2
1.45024E+14,1
1.45024E+14,1
1.45024E+14,1
1.45024E+14,2
1.45024E+14,1
1.45024E+14,1
1.45024E+14,1
1.45024E+14,1
1.45024E+14,1
1.45024E+14,1
1.45024E+14,1
1.45024E+14,1
1.45024E+14,1
1.45024E+14,1
1.45025E+14,1
1.45025E+14,1
1.45025E+14,1
1.45025E+14,1
1.45025E+14,1
1.45025E+14,1
1.45025E+14,1
1.45025E+14,1
1.45025E+14,1
1.45025E+14,1
1.45025E+14,1
1.45722E+14,2
1.45725E+14,2
1.45734E+14,2
1.45739E+14,1
1.45739E+14,1
1.45739E+14,1
1.45746E+14,2
1.45757E+14,2
1.45758E+14,2
1.45759E+14,2
1.45759E+14,2
1.45771E+14,1
1.45781E+14,1
1.4579E+14,1
1.45791E+14,2
1.45799E+14,1
1.45805E+14,1
1.45805E+14,1
1.45805E+14,2
1.45805E+14,2
1.45805E+14,2
1.45805E+14,2
1.45805E+14,2
1.45805E+14,2
1.45805E+14,2
1.45805E+14,2
1.45805E+14,2
1.45805E+14,2
1.45805E+14,2
1.45805E+14,1
1.45805E+14,1
1.45805E+14,1
1.45805E+14,2
1.45805E+14,2
1.45805E+14,2
1.45805E+14,2
1.45805E+14,2
1.45805E+14,1
1.45806E+14,1
1.45806E+14,1
1.45806E+14,2
1.45806E+14,1
1.45806E+14,2
1.45806E+14,2
1.45806E+14,2
1.45806E+14,2
1.45806E+14,2
1.45806E+14,2
1.45806E+14,2
1.45806E+14,2
1.45806E+14,2
1.45806E+14,2
1.45806E+14,1
1.45806E+14,1
1.45806E+14,1
1.45806E+14,1
1.46685E+14,2
1.46685E+14,1
1.46685E+14,2
1.46685E+14,2
1.46685E+14,2
1.46685E+14,2
1.46685E+14,1
1.46685E+14,1
1.46685E+14,1
1.46685E+14,1
1.46685E+14,1
1.46685E+14,2
1.46685E+14,1
1.46685E+14,1
1.46685E+14,1
1.46685E+14,1
1.46685E+14,1
1.46776E+14,2
1.46776E+14,2
1.46776E+14,1
1.46776E+14,2
1.46776E+14,2
1.46776E+14,2
1.46776E+14,1
1.46776E+14,2
1.46776E+14,2
1.46776E+14,2
1.46776E+14,2
1.46776E+14,2
1.46776E+14,2
1.46776E+14,2
1.46776E+14,2
1.46776E+14,1
1.46776E+14,2
1.46777E+14,2
1.46777E+14,1
1.46777E+14,1
1.46777E+14,1
1.46777E+14,1
1.46777E+14,1
1.46777E+14,2
1.46777E+14,1
1.46777E+14,1
1.46777E+14,2
1.46777E+14,2
1.46777E+14,3
1.46777E+14,3
1.46777E+14,3
1.46777E+14,3
1.46777E+14,3
1.46777E+14,2
1.46777E+14,3
1.46777E+14,2
1.46777E+14,3
1.46777E+14,2
1.46777E+14,3
1.46777E+14,3
1.46777E+14,3
1.46777E+14,3
1.46777E+14,3
1.46777E+14,2
1.46777E+14,3
1.46777E+14,3
1.48438E+14,2
1.48446E+14,2
1.48452E+14,2
1.48456E+14,2
1.48464E+14,2
1.48465E+14,2
1.48491E+14,2
1.48497E+14,2
1.48497E+14,2
1.48508E+14,2
1.48509E+14,2
1.53666E+14,2
1.53666E+14,2
1.53666E+14,2
1.53666E+14,2
1.53666E+14,3
1.53666E+14,2
1.53666E+14,2
1.53666E+14,2
1.53666E+14,2
1.53666E+14,2
1.53666E+14,2
1.53666E+14,1
1.53666E+14,1
1.53666E+14,2
1.53666E+14,2
1.53666E+14,2
1.53666E+14,2
1.53666E+14,2
1.53666E+14,3
1.53666E+14,2
1.53666E+14,2
1.53666E+14,2
1.53666E+14,2
1.53666E+14,1
1.53666E+14,2
1.53666E+14,2
1.53666E+14,2
1.53666E+14,2
1.53666E+14,2
1.53666E+14,2
1.53666E+14,2
1.53666E+14,2
1.53666E+14,2
1.53666E+14,2
1.53666E+14,2
1.53846E+14,2
1.53847E+14,3
1.53847E+14,3
1.53847E+14,3
1.53847E+14,3
1.53847E+14,2
1.53847E+14,3
1.53847E+14,2
1.53847E+14,3
1.53847E+14,3
1.53847E+14,3
1.53847E+14,3
1.53847E+14,2
1.53847E+14,2
1.53847E+14,2
1.53847E+14,3
1.53847E+14,3
1.53849E+14,2
1.53849E+14,2
1.53849E+14,2
1.53849E+14,2
1.53849E+14,2
1.53849E+14,2
1.53849E+14,1
1.53849E+14,1
1.53849E+14,2
1.53849E+14,1
1.5385E+14,2
1.5385E+14,2
1.5385E+14,2
1.5385E+14,2
1.5385E+14,2
1.5385E+14,2
1.5385E+14,1
1.5385E+14,2
1.5385E+14,1
1.5385E+14,1
1.5385E+14,1
1.5385E+14,1
1.5385E+14,1
1.5385E+14,1
1.5385E+14,1
1.5385E+14,1
1.5385E+14,1
1.5385E+14,2
1.5385E+14,1
1.5385E+14,1
1.5385E+14,2
1.5385E+14,2
1.5385E+14,2
1.5385E+14,2
1.5385E+14,2
1.5385E+14,2
1.5385E+14,1
1.5385E+14,2
1.5385E+14,2
1.5385E+14,1
1.5385E+14,1
1.5385E+14,1
1.5385E+14,1
1.5385E+14,2
1.5385E+14,2
1.5385E+14,2
1.5385E+14,1
1.5385E+14,2
1.5385E+14,2
1.5385E+14,2
1.5385E+14,1
1.5385E+14,1
1.5385E+14,1
1.5385E+14,1
1.55444E+14,1
1.55444E+14,2
1.55446E+14,1
1.55448E+14,1
1.55449E+14,1
1.55449E+14,1
1.55449E+14,1
1.55449E+14,1
1.55451E+14,2
1.55453E+14,1
1.55454E+14,1
1.55454E+14,2
1.55456E+14,1
1.55457E+14,2
1.55461E+14,2
1.55462E+14,1
1.55462E+14,1
1.55465E+14,1
1.55468E+14,2
1.55469E+14,1
1.55471E+14,1
1.55471E+14,1
1.55471E+14,1
1.55473E+14,2
1.55473E+14,2
1.55473E+14,2
1.55475E+14,1
1.55476E+14,2
1.55477E+14,1
1.55478E+14,2
1.55478E+14,2
1.55479E+14,2
1.55481E+14,1
1.55484E+14,2
1.55484E+14,2
1.55486E+14,2
1.55488E+14,1
1.55532E+14,2
1.55532E+14,2
1.55532E+14,1
1.55532E+14,2
1.55532E+14,2
1.55532E+14,2
1.55532E+14,1
1.55532E+14,2
1.55532E+14,2
1.55532E+14,2
1.55532E+14,2
1.55532E+14,1
1.55532E+14,2
1.55532E+14,2
1.55532E+14,2
1.55532E+14,2
1.55532E+14,1
1.55532E+14,2
1.55532E+14,2
1.55532E+14,1
1.55532E+14,1
1.55533E+14,2
1.55533E+14,2
1.55533E+14,2
1.55533E+14,2
1.55533E+14,2
1.55533E+14,2
1.55533E+14,2
1.664E+14,2
1.664E+14,1
1.664E+14,1
1.664E+14,2
1.664E+14,2
1.664E+14,2
1.664E+14,2
1.664E+14,2
1.664E+14,1
1.664E+14,2
1.664E+14,2
1.664E+14,2
1.664E+14,1
1.664E+14,1
1.664E+14,1
1.664E+14,2
1.664E+14,2
1.664E+14,1
1.664E+14,2
1.664E+14,1
1.66401E+14,1
1.66401E+14,1
1.66401E+14,1
1.66401E+14,1
1.66401E+14,1
1.66401E+14,1
1.66401E+14,1
1.66401E+14,2
1.66401E+14,2
1.66401E+14,1
1.66401E+14,2
1.66401E+14,2
1.66401E+14,2
1.66401E+14,2
1.66401E+14,2
1.66401E+14,2
1.66401E+14,2
1.66401E+14,1
1.66401E+14,1
1.66401E+14,1
1.66401E+14,1
1.66401E+14,2
1.66401E+14,1
1.67527E+14,4
1.67527E+14,2
1.67527E+14,3
1.67527E+14,5
1.67527E+14,5
1.67527E+14,2
1.67527E+14,3
1.67527E+14,2
1.67527E+14,2
1.67527E+14,2
1.67527E+14,3
1.67527E+14,3
1.67527E+14,3
1.67527E+14,2
1.67527E+14,2
1.67527E+14,3
1.68236E+14,7
1.68237E+14,6
1.68237E+14,7
1.68237E+14,5
1.68237E+14,5
1.68237E+14,3
1.68239E+14,5
1.6824E+14,6
1.6824E+14,5
1.6824E+14,4
1.6824E+14,3
1.68241E+14,3
1.68241E+14,3
1.68241E+14,4
1.68241E+14,6
1.68242E+14,4
1.68243E+14,6
1.68243E+14,8
1.68243E+14,8
1.68243E+14,8
1.68243E+14,6
1.68243E+14,6
1.68243E+14,5
1.68244E+14,5
1.68246E+14,7
1.68246E+14,4
1.68246E+14,7
1.68246E+14,7
1.68246E+14,4
1.68246E+14,7
1.68246E+14,5
1.68246E+14,5
1.68246E+14,5
1.68246E+14,5
1.68246E+14,7
1.68246E+14,7
1.68246E+14,6
1.68246E+14,6
1.68247E+14,7
1.68247E+14,5
1.68249E+14,2
1.68249E+14,2
1.68249E+14,1
1.68249E+14,1
1.68249E+14,2
1.68249E+14,1
1.68249E+14,1
1.68249E+14,2
1.68249E+14,2
1.68249E+14,2
1.68249E+14,1
1.68249E+14,2
1.68249E+14,1
1.68249E+14,1
1.68249E+14,1
1.68249E+14,1
1.68249E+14,1
1.68249E+14,1
1.68249E+14,1
1.68249E+14,1
1.68249E+14,1
1.68249E+14,1
1.68249E+14,1
1.68259E+14,2
1.68259E+14,2
1.68259E+14,2
1.68259E+14,3
1.68259E+14,3
1.6826E+14,2
1.6826E+14,2
1.6826E+14,2
1.6826E+14,2
1.6826E+14,2
1.6826E+14,2
1.6826E+14,2
1.6826E+14,2
1.6826E+14,2
1.6826E+14,2
1.6826E+14,2
1.6826E+14,2
1.6826E+14,2
1.6826E+14,2
1.68262E+14,2
1.68262E+14,2
1.68262E+14,1
1.68262E+14,1
1.68262E+14,1
1.68262E+14,1
1.68262E+14,2
1.68262E+14,2
1.68262E+14,2
1.68262E+14,2
1.68262E+14,2
1.68262E+14,2
1.68262E+14,2
1.68262E+14,2
1.68262E+14,2
1.68262E+14,3
1.68262E+14,2
1.68262E+14,2
1.68262E+14,2
1.68262E+14,2
1.68262E+14,3
1.68262E+14,2
1.68262E+14,2
1.68263E+14,1
1.68263E+14,2
1.68263E+14,1
1.68263E+14,2
1.68263E+14,2
1.68263E+14,2
1.68263E+14,1
1.68263E+14,1
1.68263E+14,1
1.68263E+14,1
1.68263E+14,1
1.68263E+14,1
1.68263E+14,1
1.68263E+14,1
1.68263E+14,1
1.68263E+14,1
1.68263E+14,1
1.68263E+14,1
1.68263E+14,1
1.68263E+14,1
1.68263E+14,1
1.68263E+14,1
1.68263E+14,1
1.68263E+14,1
1.68263E+14,1
1.68263E+14,1
1.68263E+14,1
1.68263E+14,2
1.68263E+14,2
1.68263E+14,2
1.68263E+14,2
1.68263E+14,2
1.68263E+14,2
1.68263E+14,1
1.68263E+14,1
1.68263E+14,2
1.68263E+14,1
1.68263E+14,1
1.68263E+14,1
1.68263E+14,2
1.68271E+14,1
1.68271E+14,1
1.68271E+14,1
1.68271E+14,2
1.68271E+14,2
1.68271E+14,2
1.68271E+14,1
1.68271E+14,1
1.68271E+14,1
1.68271E+14,1
1.68271E+14,1
1.68271E+14,1
1.68271E+14,1
1.68271E+14,2
1.68271E+14,1
1.68271E+14,1
1.68271E+14,1
1.68271E+14,1
1.68271E+14,1
1.68271E+14,1
1.68271E+14,1
1.68271E+14,1
1.68271E+14,2
1.68271E+14,1
1.68271E+14,2
1.68271E+14,2
1.68271E+14,1
1.68271E+14,1
1.68271E+14,1
1.68271E+14,1
1.68271E+14,1
1.68271E+14,1
1.68271E+14,2
1.68271E+14,2
1.68271E+14,2
1.68271E+14,1
1.68271E+14,1
1.68271E+14,1
1.68271E+14,1
1.68271E+14,1
1.68271E+14,1
1.68271E+14,1
1.68271E+14,1
1.68271E+14,1
1.68271E+14,1
1.68271E+14,1
1.68271E+14,1
1.68271E+14,1
1.68271E+14,1
1.68271E+14,2
1.68271E+14,1
1.68271E+14,1
1.68271E+14,1
1.68271E+14,1
1.68271E+14,2
1.68271E+14,2
1.68271E+14,1
1.68271E+14,1
1.68271E+14,1
1.68271E+14,1
1.68271E+14,1
1.68271E+14,1
1.68271E+14,2
1.68271E+14,1
1.68271E+14,1
1.68271E+14,1
1.68271E+14,1
1.68271E+14,1
1.68271E+14,1
1.68271E+14,1
1.68271E+14,1
1.68271E+14,1
1.68271E+14,1
1.68271E+14,1
1.68271E+14,1
1.68271E+14,1
1.68271E+14,1
1.68271E+14,1
1.68271E+14,1
1.68271E+14,1
1.68271E+14,1
1.68271E+14,1
1.68271E+14,1
1.68271E+14,2
1.68271E+14,1
1.68271E+14,1
1.68271E+14,2
1.68271E+14,2
1.68271E+14,2
1.68271E+14,2
1.68271E+14,2
1.68271E+14,1
1.68271E+14,2
1.68271E+14,2
1.68271E+14,2
1.68271E+14,2
1.68271E+14,2
1.68271E+14,1
1.68271E+14,1
1.68271E+14,1
1.68271E+14,1
1.68271E+14,1
1.68271E+14,1
1.68271E+14,1
1.68271E+14,1
1.68272E+14,2
1.68272E+14,2
1.68272E+14,2
1.68272E+14,1
1.68272E+14,1
1.68272E+14,1
1.68272E+14,1
1.68272E+14,1
1.68272E+14,1
1.68272E+14,1
1.68272E+14,1
1.68272E+14,1
1.68272E+14,1
1.68272E+14,2
1.68272E+14,2
1.68272E+14,1
1.68272E+14,2
1.68272E+14,1
1.68272E+14,1
1.68272E+14,2
1.68272E+14,1
1.68272E+14,1
1.68922E+14,2
1.68923E+14,2
1.68923E+14,2
1.68924E+14,2
1.68924E+14,2
1.68925E+14,3
1.68925E+14,4
1.68925E+14,5
1.68926E+14,6
1.68928E+14,1
1.68928E+14,1
1.68928E+14,2
1.68928E+14,1
1.68928E+14,1
1.68929E+14,1
1.68929E+14,1
1.68929E+14,1
1.68929E+14,1
1.68929E+14,1
1.68929E+14,1
1.68929E+14,1
1.68929E+14,1
1.68929E+14,1
1.68929E+14,1
1.68929E+14,1
1.68929E+14,1
1.68929E+14,1
1.68929E+14,1
1.68929E+14,1
1.68929E+14,1
1.68931E+14,1
1.68931E+14,1
1.68931E+14,1
1.68931E+14,1
1.68931E+14,2
1.68931E+14,2
1.68932E+14,2
1.68932E+14,2
1.68932E+14,2
1.68932E+14,2
1.68933E+14,2
1.68933E+14,2
1.68934E+14,2
1.68934E+14,2
1.68935E+14,2
1.68936E+14,2
1.68936E+14,2
1.68948E+14,2
1.68948E+14,2
1.68948E+14,3
1.68948E+14,2
1.68948E+14,2
1.68948E+14,2
1.68948E+14,2
1.68976E+14,2
1.68976E+14,2
1.68976E+14,2
1.68976E+14,1
1.68977E+14,1
1.68977E+14,1
1.68977E+14,1
1.68977E+14,2
1.68977E+14,2
1.68977E+14,2
1.68977E+14,2
1.68977E+14,2
1.68977E+14,2
1.68978E+14,2
1.68978E+14,2
1.68978E+14,2
1.68978E+14,2
1.68978E+14,2
1.68978E+14,2
1.68978E+14,2
1.68978E+14,2
1.68978E+14,2
1.68978E+14,2
1.68978E+14,1
1.68978E+14,2
1.68978E+14,2
1.68978E+14,2
1.68978E+14,2
1.68978E+14,2
1.68979E+14,2
1.68979E+14,1
1.68979E+14,2
1.68979E+14,2
1.68979E+14,1
1.68979E+14,2
1.68979E+14,1
1.68979E+14,2
1.68979E+14,2
1.68979E+14,1
1.68979E+14,2
1.68979E+14,1
1.68979E+14,2
1.68979E+14,2
1.68979E+14,1
1.68979E+14,1
1.68979E+14,1
1.68979E+14,1
1.68979E+14,2
1.68979E+14,1
1.68979E+14,1
1.68979E+14,2
1.68979E+14,1
1.68979E+14,2
1.68979E+14,1
1.68979E+14,1
1.68979E+14,2
1.6898E+14,2
1.68987E+14,7
1.68987E+14,8
1.68987E+14,2
1.68987E+14,2
1.68987E+14,2
1.68987E+14,1
1.68988E+14,1
1.68988E+14,1
1.68988E+14,1
1.68988E+14,1
1.68988E+14,1
1.68989E+14,2
1.68989E+14,2
1.68989E+14,2
1.68989E+14,2
1.68989E+14,1
1.68989E+14,2
1.68989E+14,1
1.68989E+14,1
1.68989E+14,1
1.68989E+14,2
1.68989E+14,1
1.68989E+14,1
1.68989E+14,1
1.68989E+14,1
1.68989E+14,1
1.68989E+14,1
1.68989E+14,1
1.68989E+14,1
1.68989E+14,2
1.68989E+14,1
1.68989E+14,1
1.68989E+14,1
1.68989E+14,1
1.68989E+14,1
1.68989E+14,1
1.68989E+14,1
1.68989E+14,1
1.68989E+14,2
1.68989E+14,1
1.68989E+14,1
1.68989E+14,1
1.68989E+14,1
1.68989E+14,1
1.68989E+14,1
1.68989E+14,1
1.68989E+14,1
1.68989E+14,1
1.68989E+14,1
1.68989E+14,1
1.68989E+14,1
1.68989E+14,1
1.68989E+14,1
1.68989E+14,1
1.68989E+14,2
1.68989E+14,1
1.68989E+14,1
1.68989E+14,2
1.68989E+14,2
1.68989E+14,1
1.68989E+14,1
1.68989E+14,1
1.68989E+14,1
1.68989E+14,1
1.68989E+14,1
1.68989E+14,1
1.68989E+14,1
1.68989E+14,2
1.68989E+14,1
1.68989E+14,1
1.68989E+14,1
1.68989E+14,1
1.68989E+14,1
1.68989E+14,2
1.68989E+14,1
1.68989E+14,1
1.68989E+14,1
1.68989E+14,1
1.68989E+14,1
1.68989E+14,1
1.68989E+14,1
1.68989E+14,1
1.68989E+14,1
1.68989E+14,1
1.68989E+14,1
1.68989E+14,1
1.68989E+14,1
1.68989E+14,1
1.68989E+14,1
1.68989E+14,1
1.68989E+14,1
1.68989E+14,1
1.68989E+14,1
1.68989E+14,1
1.68989E+14,1
1.68989E+14,1
1.68989E+14,1
1.68989E+14,1
1.68989E+14,2
1.68989E+14,1
1.68989E+14,1
1.68989E+14,1
1.68989E+14,1
1.68989E+14,1
1.68989E+14,1
1.68989E+14,1
1.68989E+14,1
1.68989E+14,1
1.68989E+14,1
1.68989E+14,1
1.68989E+14,1
1.68989E+14,1
1.68989E+14,2
1.68989E+14,1
1.68989E+14,1
1.68989E+14,1
1.68989E+14,1
1.68989E+14,1
1.68989E+14,1
1.6899E+14,1
1.6899E+14,1
1.6899E+14,1
1.6899E+14,1
1.6899E+14,1
1.6899E+14,1
1.6899E+14,1
1.6899E+14,1
1.6899E+14,1
1.6899E+14,1
1.6899E+14,1
1.6899E+14,1
1.6899E+14,1
1.6899E+14,1
1.6899E+14,1
1.6899E+14,1
1.6899E+14,1
1.6899E+14,1
1.6899E+14,2
1.6899E+14,1
1.6899E+14,1
1.6899E+14,1
1.6899E+14,1
1.6899E+14,1
1.6899E+14,1
1.6899E+14,1
1.6899E+14,1
1.6899E+14,1
1.6899E+14,1
1.6899E+14,1
1.6899E+14,1
1.6899E+14,1
1.6899E+14,1
1.6899E+14,1
1.6899E+14,1
1.6899E+14,1
1.6899E+14,1
1.6899E+14,1
1.6899E+14,1
1.6899E+14,1
1.6899E+14,1
1.6899E+14,1
1.6899E+14,1
1.6899E+14,1
1.6899E+14,1
1.6899E+14,1
1.6899E+14,1
1.6899E+14,1
1.6899E+14,1
1.6899E+14,1
1.6899E+14,1
1.6899E+14,1
1.6899E+14,1
1.6899E+14,1
1.6899E+14,1
1.6899E+14,1
1.6899E+14,1
1.6899E+14,1
1.6899E+14,1
1.6899E+14,1
1.6899E+14,1
1.6899E+14,1
1.6899E+14,1
1.6899E+14,1
1.6899E+14,1
1.6899E+14,1
1.6899E+14,1
1.6899E+14,1
1.6899E+14,1
1.6899E+14,1
1.6899E+14,1
1.6899E+14,1
1.6899E+14,1
1.6899E+14,1
1.6899E+14,1
1.6899E+14,1
1.6899E+14,1
1.6899E+14,1
1.6899E+14,1
1.6899E+14,1
1.6899E+14,1
1.6899E+14,1
1.6899E+14,1
1.6899E+14,1
1.6899E+14,1
1.6899E+14,1
1.6899E+14,1
1.6899E+14,1
1.6899E+14,1
1.6899E+14,1
1.6899E+14,1
1.6899E+14,1
1.6899E+14,1
1.6899E+14,1
1.6899E+14,1
1.6899E+14,1
1.6899E+14,1
1.6899E+14,1
1.6899E+14,2
1.6899E+14,1
1.6899E+14,1
1.6899E+14,1
1.6899E+14,1
1.6899E+14,1
1.6899E+14,1
1.6899E+14,1
1.6899E+14,1
1.6899E+14,1
1.6899E+14,1
1.6899E+14,1
1.6899E+14,2
1.6899E+14,1
1.6899E+14,1
1.6899E+14,1
1.6899E+14,1
1.6899E+14,2
1.6899E+14,2
1.6899E+14,1
1.6899E+14,1
1.6899E+14,2
1.6899E+14,1
1.6899E+14,2
1.6899E+14,1
1.6899E+14,1
1.6899E+14,1
1.6899E+14,1
1.6899E+14,1
1.6899E+14,1
1.6899E+14,1
1.6899E+14,1
1.6899E+14,1
1.6899E+14,1
1.6899E+14,1
1.6899E+14,2
1.6899E+14,1
1.68991E+14,1
1.68991E+14,1
1.68991E+14,1
1.68991E+14,1
1.68991E+14,1
1.68991E+14,1
1.68991E+14,1
1.68991E+14,1
1.68991E+14,1
1.68995E+14,2
1.68995E+14,2
1.68995E+14,1
1.68995E+14,1
1.68995E+14,2
1.68995E+14,2
1.68995E+14,2
1.68995E+14,2
1.68995E+14,2
1.68995E+14,2
1.68995E+14,2
1.68996E+14,2
1.68996E+14,2
1.68996E+14,2
1.68996E+14,2
1.68996E+14,2
1.68996E+14,1
1.68996E+14,3
1.68996E+14,2
1.68996E+14,2
1.68997E+14,2
1.68997E+14,2
1.68997E+14,1
1.68997E+14,1
1.68997E+14,1
1.68997E+14,2
1.68997E+14,1
1.68998E+14,1
1.68998E+14,2
1.68998E+14,1
1.68998E+14,1
1.68998E+14,1
1.68998E+14,1
1.68998E+14,1
1.68998E+14,1
1.68998E+14,1
1.68998E+14,2
1.68998E+14,1
1.68998E+14,1
1.68998E+14,1
1.68998E+14,1
1.68998E+14,1
1.68998E+14,1
1.68998E+14,1
1.68998E+14,1
1.68998E+14,1
1.68998E+14,1
1.68998E+14,1
1.68998E+14,2
1.68998E+14,2
1.68999E+14,1
1.68999E+14,1
1.68999E+14,2
1.68999E+14,1
1.68999E+14,1
1.69001E+14,6
1.69001E+14,7
1.69002E+14,5
1.69002E+14,6
1.69004E+14,2
1.69004E+14,2
1.69004E+14,2
1.69019E+14,2
1.6905E+14,2
1.69098E+14,2
1.69098E+14,2
1.69098E+14,2
1.69098E+14,2
1.69101E+14,1
1.69101E+14,1
1.69102E+14,1
1.69102E+14,1
1.69102E+14,1
1.69102E+14,1
1.69102E+14,1
1.69102E+14,1
1.69102E+14,1
1.69103E+14,1
1.69103E+14,2
1.69103E+14,1
1.69103E+14,1
1.69103E+14,1
1.69103E+14,1
1.69104E+14,1
1.69104E+14,1
1.69104E+14,2
1.69104E+14,2
1.69104E+14,2
1.69104E+14,2
1.69105E+14,2
1.69109E+14,2
1.69109E+14,2
1.69109E+14,2
1.69109E+14,2
1.69109E+14,2
1.69109E+14,3
1.69109E+14,2
1.69109E+14,2
1.69109E+14,2
1.69109E+14,2
1.69109E+14,2
1.69109E+14,2
1.69109E+14,2
1.69109E+14,2
1.69109E+14,2
1.69109E+14,2
1.69109E+14,2
1.69109E+14,2
1.6911E+14,3
1.6911E+14,3
1.6911E+14,2
1.6911E+14,2
1.6911E+14,2
1.6911E+14,2
1.6911E+14,2
1.6911E+14,3
1.6911E+14,2
1.6911E+14,2
1.6911E+14,2
1.6911E+14,2
1.6911E+14,3
1.6911E+14,2
1.69111E+14,2
1.69111E+14,3
1.69111E+14,3
1.69111E+14,2
1.69111E+14,3
1.69111E+14,3
1.69111E+14,3
1.69111E+14,2
1.69111E+14,3
1.69111E+14,3
1.69111E+14,2
1.69111E+14,3
1.69112E+14,2
1.69112E+14,1
1.69112E+14,1
1.69112E+14,1
1.69112E+14,1
1.69112E+14,1
1.69112E+14,1
1.69112E+14,1
1.69112E+14,1
1.69112E+14,2
1.69112E+14,2
1.69112E+14,1
1.69112E+14,1
1.69112E+14,1
1.69112E+14,2
1.69112E+14,1
1.69112E+14,1
1.69113E+14,1
1.69113E+14,1
1.69113E+14,1
1.69113E+14,1
1.69113E+14,1
1.69113E+14,1
1.69113E+14,1
1.69113E+14,1
1.69113E+14,1
1.69113E+14,1
1.69113E+14,1
1.69113E+14,1
1.69113E+14,1
1.69113E+14,1
1.69113E+14,1
1.69113E+14,1
1.69113E+14,1
1.69113E+14,1
1.69113E+14,1
1.69113E+14,1
1.69113E+14,2
1.69113E+14,2
1.69113E+14,1
1.69113E+14,1
1.69113E+14,1
1.69113E+14,1
1.69113E+14,1
1.69113E+14,1
1.69113E+14,2
1.69113E+14,1
1.69113E+14,1
1.69113E+14,2
1.69114E+14,2
1.69114E+14,1
1.69114E+14,1
1.69114E+14,1
1.69114E+14,2
1.69114E+14,2
1.69114E+14,1
1.69114E+14,2
1.69114E+14,2
1.69114E+14,1
1.69114E+14,1
1.69114E+14,1
1.69114E+14,1
1.69114E+14,2
1.69115E+14,1
1.69115E+14,1
1.69115E+14,1
1.69115E+14,1
1.69115E+14,1
1.69115E+14,1
1.69115E+14,1
1.69115E+14,1
1.69115E+14,1
1.69115E+14,1
1.69115E+14,1
1.69115E+14,1
1.69115E+14,1
1.69116E+14,1
1.69116E+14,2
1.69554E+14,2
1.69554E+14,2
1.69554E+14,2
1.69554E+14,2
1.69554E+14,2
1.69554E+14,2
1.69554E+14,2
1.69554E+14,2
1.69554E+14,2
1.69554E+14,2
1.69554E+14,2
1.69554E+14,2
1.69554E+14,2
1.69554E+14,2
1.69554E+14,2
1.69554E+14,2
1.69554E+14,2
1.69554E+14,2
1.69554E+14,2
1.69554E+14,2
1.69554E+14,2
1.69554E+14,2
1.69554E+14,2
1.69554E+14,2
1.69554E+14,2
1.69554E+14,2
1.69554E+14,2
1.69554E+14,2
1.69554E+14,2
1.69554E+14,2
1.69554E+14,2
1.69554E+14,2
1.69554E+14,2
1.69554E+14,2
1.70071E+14,1
1.70071E+14,1
1.70071E+14,1
1.70071E+14,1
1.70071E+14,1
1.70071E+14,1
1.70071E+14,1
1.70071E+14,1
1.70071E+14,1
1.70071E+14,1
1.70071E+14,2
1.70071E+14,1
1.70071E+14,1
1.70071E+14,1
1.70071E+14,1
1.70071E+14,2
1.70071E+14,1
1.70071E+14,2
1.70071E+14,1
1.70071E+14,2
1.70071E+14,1
1.70071E+14,1
1.70071E+14,2
1.70071E+14,2
1.70071E+14,2
1.70071E+14,1
1.70071E+14,1
1.70071E+14,1
1.70071E+14,1
1.70071E+14,1
1.70071E+14,1
1.70071E+14,1
1.70071E+14,1
1.70071E+14,1
1.70071E+14,1
1.70071E+14,1
1.70071E+14,1
1.70071E+14,1
1.70071E+14,1
1.70071E+14,1
1.70071E+14,1
1.70071E+14,1
1.70071E+14,1
1.70071E+14,1
1.70071E+14,1
1.70071E+14,1
1.70072E+14,1
1.70072E+14,1
1.70072E+14,2
1.70072E+14,1
1.70072E+14,1
1.70072E+14,1
1.70072E+14,1
1.70072E+14,1
1.70072E+14,1
1.70072E+14,1
1.70072E+14,1
1.70072E+14,2
1.70072E+14,2
1.70072E+14,1
1.70072E+14,1
1.70072E+14,1
1.70072E+14,1
1.70072E+14,2
1.70072E+14,1
1.70072E+14,1
1.70072E+14,1
1.70072E+14,2
1.70072E+14,1
1.70072E+14,1
1.70072E+14,1
1.70072E+14,1
1.70072E+14,1
1.70072E+14,1
1.70072E+14,2
1.70072E+14,2
1.70072E+14,2
1.70072E+14,2
1.70072E+14,2
1.70072E+14,2
1.70072E+14,2
1.70072E+14,2
1.70072E+14,1
1.70072E+14,1
1.70072E+14,1
1.70072E+14,2
1.70072E+14,1
1.70072E+14,1
1.70072E+14,1
1.70072E+14,1
1.70072E+14,1
1.70072E+14,1
1.70072E+14,1
1.70072E+14,1
1.70072E+14,1
1.70072E+14,1
1.70072E+14,2
1.70072E+14,1
1.70072E+14,1
1.70072E+14,2
1.70072E+14,2
1.70072E+14,2
1.70072E+14,2
1.70072E+14,1
1.70072E+14,1
1.70072E+14,2
1.70072E+14,2
1.70072E+14,2
1.70072E+14,2
1.70072E+14,1
1.70072E+14,1
1.70072E+14,2
1.70072E+14,1
1.70072E+14,1
1.70072E+14,2
1.70072E+14,2
1.70072E+14,2
1.70072E+14,1
1.70072E+14,2
1.70072E+14,2
1.70072E+14,2
1.70072E+14,2
1.70072E+14,2
1.70072E+14,2
1.70072E+14,1
1.70072E+14,2
1.70072E+14,2
1.70072E+14,1
1.70072E+14,2
1.70072E+14,2
1.70072E+14,2
1.70072E+14,2
1.70072E+14,2
1.70072E+14,2
1.70072E+14,1
1.70072E+14,2
1.70072E+14,2
1.70072E+14,2
1.70072E+14,2
1.70072E+14,2
1.70072E+14,2
1.70072E+14,2
1.70072E+14,2
1.70072E+14,1
1.70072E+14,1
1.70072E+14,1
1.70072E+14,1
1.70072E+14,2
1.70072E+14,2
1.70072E+14,2
1.70072E+14,2
1.70072E+14,2
1.71E+14,1
1.71E+14,1
1.71E+14,1
1.71E+14,1
1.71E+14,1
1.71E+14,1
1.71E+14,1
1.71E+14,1
1.71E+14,1
1.71E+14,1
1.71E+14,1
1.71E+14,2
1.71E+14,2
1.71E+14,1
1.71E+14,1
1.71E+14,1
1.71E+14,1
1.71E+14,2
1.71001E+14,1
1.71001E+14,1
1.71001E+14,1
1.71001E+14,1
1.71001E+14,1
1.71001E+14,1
1.71001E+14,1
1.71001E+14,1
1.71001E+14,1
1.71001E+14,1
1.71001E+14,1
1.71001E+14,1
1.71001E+14,1
1.71001E+14,2
1.71001E+14,1
1.71001E+14,2
1.71001E+14,1
1.71001E+14,1
1.71001E+14,1
1.71001E+14,1
1.71001E+14,1
1.71001E+14,1
1.71133E+14,2
1.71133E+14,3
1.71133E+14,2
1.71133E+14,2
1.71133E+14,3
1.71133E+14,2
1.71133E+14,2
1.71133E+14,3
1.71133E+14,3
1.71133E+14,2
1.71133E+14,2
1.71133E+14,2
1.71133E+14,2
1.71133E+14,2
1.71133E+14,3
1.71133E+14,3
1.71133E+14,2
1.71133E+14,2
1.71133E+14,3
1.71133E+14,2
1.71133E+14,2
1.71133E+14,2
1.71133E+14,2
1.71133E+14,2
1.71133E+14,3
1.71133E+14,2
1.71133E+14,2
1.71133E+14,2
1.71133E+14,2
1.71133E+14,2
1.71133E+14,2
1.71133E+14,2
1.71134E+14,2
1.71134E+14,2
1.71134E+14,2
1.71134E+14,2
1.71134E+14,2
1.71134E+14,2
1.71134E+14,2
1.71138E+14,1
1.71138E+14,1
1.71138E+14,1
1.71138E+14,1
1.71138E+14,1
1.71138E+14,1
1.71138E+14,1
1.71138E+14,2
1.71138E+14,1
1.71138E+14,1
1.71138E+14,1
1.71138E+14,1
1.71138E+14,1
1.71138E+14,1
1.71138E+14,1
1.71138E+14,1
1.71138E+14,1
1.71138E+14,1
1.71138E+14,1
1.71138E+14,1
1.71138E+14,1
1.71138E+14,1
1.71138E+14,1
1.71138E+14,1
1.71138E+14,1
1.71138E+14,1
1.71254E+14,1
1.71254E+14,1
1.71254E+14,2
1.71254E+14,1
1.71254E+14,2
1.71254E+14,1
1.71254E+14,1
1.71254E+14,1
1.71254E+14,2
1.71254E+14,2
1.71254E+14,2
1.71254E+14,2
1.71254E+14,2
1.71254E+14,2
1.71254E+14,2
1.71254E+14,2
1.71254E+14,2
1.71254E+14,2
1.71254E+14,3
1.71254E+14,2
1.71254E+14,3
1.71254E+14,3
1.71254E+14,2
1.71254E+14,1
1.71254E+14,2
1.71254E+14,1
1.71254E+14,1
1.71254E+14,1
1.71254E+14,1
1.71254E+14,1
1.71254E+14,1
1.71254E+14,1
1.71254E+14,1
1.71254E+14,1
1.71254E+14,1
1.71254E+14,1
1.71255E+14,1
1.71255E+14,2
1.71255E+14,1
1.71255E+14,1
1.71255E+14,1
1.71255E+14,1
1.71255E+14,1
1.71255E+14,1
1.71255E+14,1
1.71255E+14,1
1.71255E+14,2
1.71255E+14,1
1.71255E+14,2
1.71255E+14,2
1.71255E+14,1
1.71255E+14,1
1.71255E+14,1
1.71255E+14,1
1.71255E+14,1
1.71255E+14,1
1.71255E+14,1
1.71255E+14,1
1.71255E+14,1
1.71255E+14,1
1.71255E+14,1
1.71255E+14,1
1.71255E+14,1
1.71255E+14,1
1.71255E+14,1
1.71255E+14,1
1.71255E+14,1
1.71255E+14,1
1.71255E+14,1
1.71255E+14,1
1.71255E+14,2
1.71255E+14,2
1.71255E+14,1
1.71255E+14,1
1.71255E+14,2
1.71255E+14,1
1.71255E+14,1
1.71255E+14,1
1.71255E+14,1
1.71255E+14,1
1.71255E+14,1
1.71255E+14,1
1.71255E+14,1
1.71255E+14,1
1.71255E+14,1
1.71255E+14,1
1.71255E+14,1
1.71255E+14,1
1.71255E+14,1
1.71255E+14,1
1.71255E+14,1
1.71255E+14,1
1.71255E+14,1
1.71255E+14,1
1.71255E+14,1
1.71255E+14,1
1.71255E+14,1
1.71255E+14,2
1.71255E+14,2
1.71256E+14,2
1.71256E+14,3
1.71799E+14,3
1.71799E+14,2
1.71799E+14,2
1.71799E+14,3
1.71799E+14,2
1.71799E+14,2
1.71799E+14,2
1.71799E+14,2
1.71799E+14,2
1.71799E+14,2
1.71799E+14,2
1.71799E+14,3
1.71799E+14,3
1.71799E+14,2
1.71799E+14,2
1.71799E+14,2
1.71799E+14,3
1.71799E+14,3
1.71799E+14,3
1.71799E+14,3
1.71799E+14,3
1.71799E+14,3
1.718E+14,3
1.718E+14,3
1.718E+14,3
1.718E+14,3
1.718E+14,3
1.718E+14,3
1.718E+14,3
1.718E+14,2
1.718E+14,3
1.718E+14,2
1.718E+14,3
1.718E+14,3
1.718E+14,3
1.718E+14,2
1.718E+14,2
1.718E+14,2
1.718E+14,3
1.718E+14,2
1.718E+14,3
1.718E+14,3
1.718E+14,2
1.718E+14,2
1.718E+14,2
1.718E+14,2
1.718E+14,3
1.718E+14,3
1.718E+14,2
1.718E+14,3
1.718E+14,2
1.718E+14,3
1.718E+14,2
1.718E+14,2
1.718E+14,2
1.718E+14,2
1.718E+14,3
1.718E+14,3
1.718E+14,2
1.718E+14,2
1.718E+14,2
1.718E+14,2
1.718E+14,2
1.718E+14,3
1.718E+14,2
1.718E+14,2
1.718E+14,3
1.718E+14,2
1.718E+14,3
1.718E+14,3
1.718E+14,2
1.718E+14,2
1.718E+14,2
1.718E+14,2
1.718E+14,2
1.718E+14,2
1.718E+14,3
1.718E+14,2
1.718E+14,2
1.718E+14,3
1.718E+14,2
1.718E+14,2
1.718E+14,2
1.718E+14,3
1.718E+14,2
1.718E+14,2
1.718E+14,2
1.718E+14,2
1.718E+14,2
1.718E+14,3
1.718E+14,3
1.718E+14,3
1.718E+14,3
1.718E+14,2
1.718E+14,2
1.718E+14,2
1.718E+14,3
1.718E+14,3
1.718E+14,3
1.718E+14,3
1.718E+14,2
1.718E+14,2
1.718E+14,2
1.718E+14,2
1.718E+14,2
1.718E+14,2
1.718E+14,3
1.718E+14,3
1.718E+14,3
1.718E+14,3
1.718E+14,3
1.718E+14,3
1.718E+14,2
1.718E+14,2
1.718E+14,2
1.718E+14,2
1.718E+14,2
1.718E+14,2
1.718E+14,2
1.718E+14,2
1.718E+14,2
1.718E+14,2
1.718E+14,2
1.718E+14,2
1.718E+14,2
1.718E+14,2
1.718E+14,3
1.718E+14,2
1.718E+14,2
1.718E+14,2
1.718E+14,2
1.718E+14,2
1.718E+14,2
1.718E+14,2
1.718E+14,3
1.718E+14,3
1.718E+14,3
1.718E+14,2
1.718E+14,3
1.718E+14,2
1.718E+14,3
1.718E+14,3
1.718E+14,2
1.718E+14,2
1.718E+14,2
1.718E+14,2
1.718E+14,2
1.718E+14,2
1.718E+14,2
1.718E+14,2
1.71801E+14,2
1.71801E+14,2
1.71801E+14,2
1.71801E+14,2
1.71801E+14,3
1.71801E+14,2
1.71801E+14,3
1.71801E+14,2
1.71801E+14,2
1.71801E+14,2
1.71801E+14,2
1.71801E+14,2
1.71801E+14,2
1.71801E+14,2
1.71801E+14,2
1.71801E+14,2
1.71801E+14,2
1.71801E+14,2
1.71801E+14,2
1.71801E+14,2
1.71801E+14,2
1.71801E+14,3
1.71801E+14,2
1.71801E+14,2
1.71801E+14,2
1.71801E+14,2
1.71801E+14,2
1.71801E+14,2
1.71801E+14,2
1.71801E+14,1
1.71801E+14,2
1.71801E+14,2
1.71801E+14,2
1.71867E+14,1
1.71867E+14,2
1.71867E+14,2
1.71867E+14,1
1.71867E+14,2
1.71867E+14,2
1.71868E+14,2
1.71868E+14,2
1.71868E+14,2
1.71868E+14,2
1.71868E+14,2
1.71868E+14,2
1.71868E+14,2
1.71868E+14,2
1.71868E+14,2
1.71868E+14,1
1.71868E+14,2
1.71868E+14,2
1.71868E+14,2
1.71868E+14,2
1.71868E+14,2
1.71868E+14,2
1.71868E+14,1
1.71868E+14,2
1.71868E+14,2
1.71868E+14,2
1.71868E+14,2
1.71868E+14,2
1.71868E+14,1
1.71868E+14,2
1.71868E+14,2
1.71868E+14,2
1.71868E+14,2
1.71868E+14,2
1.71868E+14,2
1.71868E+14,2
1.71868E+14,2
1.71868E+14,2
1.71868E+14,2
1.71868E+14,1
1.71868E+14,2
1.71868E+14,1
1.71868E+14,2
1.71868E+14,2
1.71868E+14,2
1.71868E+14,2
1.71868E+14,1
1.71868E+14,2
1.71868E+14,2
1.71868E+14,2
1.71872E+14,1
1.71872E+14,1
1.71872E+14,1
1.71872E+14,2
1.71872E+14,1
1.71872E+14,1
1.71872E+14,1
1.71872E+14,1
1.71872E+14,1
1.71872E+14,1
1.71872E+14,1
1.71872E+14,1
1.71872E+14,1
1.71872E+14,1
1.71872E+14,1
1.71872E+14,1
1.71872E+14,1
1.71872E+14,1
1.71872E+14,1
1.71872E+14,1
1.71872E+14,1
1.71872E+14,1
1.71872E+14,1
1.71872E+14,1
1.71872E+14,1
1.71872E+14,1
1.71872E+14,1
1.71872E+14,2
1.71872E+14,1
1.71872E+14,1
1.71872E+14,1
1.71872E+14,1
1.71872E+14,1
1.71872E+14,1
1.71872E+14,1
1.71872E+14,1
1.71872E+14,1
1.71872E+14,1
1.71872E+14,1
1.71872E+14,1
1.71872E+14,1
1.71872E+14,1
1.71872E+14,1
1.71872E+14,1
1.71872E+14,1
1.71872E+14,1
1.71872E+14,1
1.71872E+14,1
1.71872E+14,1
1.71872E+14,1
1.71872E+14,1
1.71872E+14,2
1.71872E+14,1
1.71872E+14,1
1.71872E+14,1
1.71872E+14,1
1.71872E+14,1
1.71872E+14,1
1.71872E+14,1
1.71872E+14,1
1.71872E+14,1
1.71872E+14,1
1.71872E+14,1
1.71872E+14,1
1.71872E+14,1
1.71872E+14,1
1.71872E+14,1
1.71872E+14,1
1.71872E+14,1
1.71872E+14,2
1.7192E+14,1
1.7192E+14,1
1.7192E+14,2
1.7192E+14,1
1.7192E+14,1
1.7192E+14,1
1.7192E+14,1
1.7192E+14,1
1.7192E+14,2
1.7192E+14,1
1.7192E+14,1
1.7192E+14,1
1.7192E+14,1
1.7192E+14,1
1.7192E+14,1
1.7192E+14,1
1.7192E+14,1
1.7192E+14,1
1.7192E+14,2
1.7192E+14,2
1.7192E+14,2
1.7192E+14,2
1.7192E+14,1
1.7192E+14,1
1.7192E+14,2
1.7192E+14,2
1.7192E+14,2
1.7192E+14,1
1.7192E+14,1
1.7192E+14,1
1.7192E+14,1
1.7192E+14,1
1.7192E+14,1
1.7192E+14,1
1.7192E+14,1
1.7192E+14,1
1.7192E+14,1
1.7192E+14,1
1.7192E+14,1
1.7192E+14,1
1.7192E+14,1
1.7192E+14,1
1.7192E+14,1
1.7192E+14,1
1.7192E+14,1
1.7192E+14,1
1.7192E+14,1
1.7192E+14,1
1.7192E+14,1
1.7192E+14,1
1.7192E+14,1
1.7192E+14,1
1.7192E+14,1
1.7192E+14,1
1.7192E+14,2
1.7192E+14,1
1.7192E+14,1
1.7192E+14,1
1.7192E+14,1
1.7192E+14,1
1.71921E+14,1
1.71921E+14,1
1.71921E+14,1
1.71921E+14,1
1.71921E+14,2
1.71921E+14,1
1.71921E+14,1
1.71921E+14,2
1.71921E+14,1
1.71921E+14,1
1.71921E+14,1
1.71921E+14,1
1.71921E+14,1
1.71921E+14,1
1.71921E+14,1
1.71921E+14,1
1.71921E+14,1
1.71921E+14,1
1.71921E+14,1
1.71921E+14,1
1.71921E+14,1
1.71921E+14,1
1.71921E+14,1
1.71921E+14,1
1.71921E+14,1
1.71921E+14,1
1.71921E+14,1
1.71921E+14,1
1.71921E+14,1
1.71921E+14,1
1.71921E+14,1
1.71921E+14,1
1.71921E+14,1
1.71921E+14,1
1.71921E+14,1
1.71921E+14,1
1.71921E+14,2
1.71921E+14,1
1.71929E+14,2
1.71929E+14,1
1.71929E+14,1
1.71929E+14,1
1.71929E+14,2
1.71929E+14,1
1.71929E+14,1
1.71929E+14,1
1.71929E+14,1
1.71929E+14,1
1.71929E+14,1
1.71929E+14,1
1.71929E+14,1
1.71929E+14,1
1.71929E+14,1
1.71929E+14,1
1.71929E+14,1
1.71929E+14,1
1.71929E+14,1
1.71929E+14,1
1.71929E+14,1
1.71929E+14,1
1.71929E+14,1
1.71929E+14,1
1.71929E+14,1
1.71929E+14,1
1.71929E+14,1
1.71929E+14,1
1.71929E+14,1
1.71929E+14,1
1.71929E+14,1
1.71929E+14,1
1.71929E+14,1
1.71929E+14,1
1.71929E+14,1
1.71929E+14,1
1.71929E+14,1
1.71929E+14,1
1.71929E+14,1
1.71929E+14,1
1.71929E+14,1
1.71929E+14,1
1.71929E+14,1
1.71929E+14,1
1.71929E+14,1
1.71929E+14,1
1.71929E+14,1
1.71929E+14,1
1.71929E+14,1
1.71929E+14,1
1.71929E+14,1
1.71929E+14,1
1.71929E+14,1
1.71929E+14,1
1.71929E+14,1
1.71929E+14,1
1.71929E+14,1
1.71929E+14,1
1.71929E+14,1
1.71929E+14,1
1.71929E+14,1
1.71929E+14,1
1.71929E+14,2
1.71929E+14,1
1.71929E+14,1
1.71929E+14,2
1.71929E+14,1
1.71929E+14,1
1.71929E+14,2
1.71929E+14,1
1.71929E+14,1
1.71929E+14,1
1.71958E+14,1
1.71958E+14,1
1.71958E+14,1
1.71958E+14,1
1.71958E+14,1
1.71958E+14,1
1.71958E+14,1
1.71958E+14,2
1.71958E+14,1
1.71958E+14,1
1.71958E+14,1
1.71958E+14,1
1.71958E+14,1
1.71958E+14,1
1.71958E+14,1
1.71958E+14,1
1.71958E+14,1
1.71958E+14,2
1.71958E+14,1
1.71958E+14,1
1.71958E+14,1
1.71958E+14,1
1.71958E+14,1
1.71958E+14,2
1.71958E+14,1
1.71958E+14,1
1.71959E+14,1
1.71959E+14,1
1.71959E+14,1
1.71959E+14,1
1.71959E+14,2
1.71959E+14,1
1.71959E+14,1
1.71959E+14,1
1.71959E+14,1
1.71959E+14,1
1.71959E+14,1
1.71959E+14,1
1.71959E+14,1
1.71959E+14,1
1.71959E+14,1
1.71959E+14,2
1.71959E+14,2
1.71959E+14,2
1.71959E+14,1
1.71959E+14,1
1.71959E+14,1
1.71959E+14,1
1.71959E+14,1
1.71959E+14,1
1.71959E+14,1
1.71959E+14,1
1.71959E+14,1
1.71959E+14,1
1.71959E+14,1
1.71959E+14,1
1.71959E+14,1
1.71959E+14,1
1.71959E+14,1
1.71959E+14,1
1.71959E+14,1
1.71959E+14,1
1.71959E+14,1
1.71959E+14,1
1.71959E+14,1
1.71959E+14,1
1.71959E+14,1
1.71959E+14,1
1.71959E+14,1
1.71959E+14,2
1.71959E+14,1
1.71959E+14,1
1.71959E+14,1
1.71959E+14,2
1.71959E+14,1
1.71959E+14,1
1.71959E+14,1
1.71959E+14,1
1.71959E+14,1
1.71959E+14,1
1.71959E+14,2
1.71959E+14,1
1.71959E+14,1
1.71959E+14,2
1.71959E+14,1
1.71959E+14,1
1.71959E+14,1
1.71959E+14,1
1.71959E+14,1
1.71959E+14,1
1.71959E+14,2
1.71959E+14,2
1.71959E+14,2
1.71959E+14,1
1.71959E+14,1
1.71959E+14,1
1.71959E+14,1
1.71959E+14,1
1.71959E+14,1
1.71959E+14,1
1.71959E+14,1
1.71959E+14,1
1.71959E+14,1
1.71959E+14,1
1.71959E+14,1
1.71959E+14,1
1.71959E+14,1
1.71959E+14,2
1.71959E+14,2
1.71959E+14,1
1.71959E+14,2
1.71959E+14,2
1.71959E+14,2
1.71959E+14,1
1.71959E+14,2
1.71959E+14,2
1.71959E+14,1
1.71959E+14,1
1.71959E+14,1
1.71959E+14,1
1.71959E+14,1
1.71959E+14,1
1.71959E+14,1
1.71959E+14,1
1.71959E+14,1
1.71959E+14,2
1.71959E+14,2
1.71959E+14,2
1.71959E+14,1
1.71959E+14,1
1.71959E+14,1
1.71959E+14,1
1.71959E+14,1
1.71959E+14,1
1.71959E+14,1
1.71959E+14,1
1.71959E+14,1
1.71959E+14,2
1.71959E+14,1
1.71959E+14,1
1.71959E+14,2
1.71959E+14,2
1.71959E+14,2
1.71959E+14,1
1.71959E+14,1
1.71959E+14,1
1.71959E+14,1
1.71959E+14,1
1.71959E+14,1
1.71959E+14,1
1.71959E+14,2
1.71959E+14,2
1.71959E+14,1
1.71959E+14,1
1.71959E+14,1
1.71959E+14,1
1.71959E+14,1
1.71959E+14,1
1.71959E+14,1
1.71959E+14,1
1.71959E+14,1
1.71959E+14,1
1.71959E+14,1
1.71959E+14,2
1.71959E+14,1
1.71959E+14,2
1.71959E+14,1
1.73673E+14,2
1.73674E+14,2
1.73674E+14,2
1.73674E+14,2
1.73674E+14,2
1.73674E+14,2
1.73674E+14,2
1.73674E+14,2
1.73674E+14,2
1.73674E+14,2
1.73674E+14,3
1.73674E+14,2
1.73674E+14,2
1.73674E+14,3
1.73674E+14,3
1.73674E+14,3
1.73674E+14,3
1.73675E+14,3
1.73675E+14,3
1.73675E+14,2
1.73675E+14,3
1.73675E+14,3
1.73675E+14,2
1.73675E+14,3
1.73675E+14,3
1.73675E+14,3
1.73675E+14,3
1.73675E+14,3
1.73675E+14,2
1.73675E+14,2
1.74758E+14,2
1.74758E+14,3
1.74758E+14,3
1.74758E+14,2
1.74758E+14,2
1.74758E+14,2
1.74758E+14,2
1.74758E+14,2
1.74758E+14,2
1.74758E+14,2
1.74758E+14,2
1.74758E+14,2
1.74758E+14,2
1.74758E+14,2
1.74758E+14,2
1.74758E+14,1
1.74758E+14,2
1.74758E+14,2
1.74758E+14,3
1.74758E+14,2
1.74758E+14,2
1.74758E+14,2
1.74758E+14,2
1.74758E+14,2
1.74758E+14,2
1.74758E+14,2
1.74758E+14,2
1.74758E+14,2
1.74758E+14,2
1.74758E+14,2
1.74758E+14,2
1.74758E+14,2
1.74758E+14,3
1.74758E+14,2
1.74758E+14,2
1.74758E+14,2
1.74758E+14,2
1.74758E+14,2
1.74758E+14,2
1.74758E+14,2
1.74758E+14,3
1.74758E+14,3
1.74758E+14,2
1.74758E+14,2
1.74758E+14,2
1.74759E+14,2
1.74759E+14,3
1.74759E+14,2
1.74759E+14,2
1.74759E+14,2
1.74759E+14,2
1.74759E+14,2
1.74759E+14,2
1.74759E+14,2
1.75742E+14,2
1.75742E+14,2
1.75742E+14,2
1.75742E+14,2
1.75742E+14,2
1.75742E+14,2
1.75742E+14,2
1.75742E+14,2
1.75742E+14,2
1.75742E+14,2
1.75742E+14,2
1.75743E+14,2
1.75743E+14,2
1.75743E+14,2
1.75743E+14,2
1.75743E+14,2
1.75743E+14,2
1.75743E+14,2
1.75743E+14,2
1.75743E+14,2
1.75743E+14,2
1.75743E+14,2
1.75743E+14,2
1.75743E+14,2
1.75743E+14,2
1.75743E+14,2
1.75743E+14,2
1.75743E+14,2
1.75743E+14,2
1.75743E+14,2
1.76549E+14,3
1.76549E+14,3
1.76549E+14,3
1.76549E+14,2
1.76549E+14,3
1.76549E+14,2
1.76549E+14,2
1.76549E+14,3
1.76549E+14,3
1.76549E+14,2
1.76549E+14,2
1.76549E+14,3
1.76549E+14,2
1.76549E+14,3
1.7655E+14,3
1.76613E+14,1
1.76613E+14,1
1.76613E+14,1
1.76613E+14,1
1.76613E+14,1
1.76613E+14,1
1.76613E+14,1
1.76613E+14,1
1.76613E+14,1
1.76613E+14,1
1.76613E+14,1
1.76613E+14,1
1.76613E+14,1
1.76613E+14,2
1.76613E+14,1
1.76613E+14,1
1.76613E+14,1
1.76613E+14,1
1.76613E+14,1
1.76613E+14,1
1.76613E+14,1
1.76613E+14,1
1.76613E+14,1
1.76613E+14,2
1.76613E+14,2
1.76613E+14,2
1.76613E+14,2
1.76613E+14,2
1.76613E+14,2
1.76613E+14,2
1.76613E+14,2
1.76613E+14,2
1.76613E+14,2
1.76613E+14,1
1.76613E+14,1
1.76614E+14,2
1.76614E+14,1
1.76614E+14,1
1.76614E+14,2
1.76614E+14,2
1.76614E+14,1
1.76614E+14,2
1.76614E+14,1
1.76614E+14,1
1.76614E+14,1
1.76614E+14,1
1.76614E+14,2
1.76614E+14,2
1.76614E+14,2
1.76614E+14,1
1.76614E+14,2
1.76614E+14,3
1.76614E+14,2
1.76614E+14,2
1.76614E+14,2
1.76614E+14,2
1.76614E+14,2
1.76614E+14,2
1.76614E+14,2
1.76614E+14,2
1.76614E+14,2
1.76614E+14,2
1.76614E+14,2
1.76614E+14,1
1.76614E+14,1
1.76614E+14,1
1.76614E+14,1
1.76614E+14,1
1.76614E+14,1
1.76614E+14,1
1.76614E+14,1
1.76614E+14,1
1.76614E+14,1
1.76614E+14,1
1.76614E+14,1
1.76614E+14,1
1.76614E+14,1
1.76614E+14,1
1.76614E+14,1
1.76614E+14,1
1.76614E+14,1
1.76614E+14,1
1.76614E+14,2
1.76614E+14,2
1.76614E+14,2
1.76614E+14,2
1.76614E+14,1
1.76614E+14,1
1.76614E+14,2
1.76614E+14,2
1.76614E+14,2
1.76614E+14,2
1.76614E+14,2
1.76614E+14,2
1.76614E+14,2
1.76614E+14,2
1.76614E+14,2
1.76614E+14,1
1.76614E+14,2
1.76614E+14,2
1.76614E+14,2
1.76614E+14,2
1.76614E+14,1
1.76614E+14,1
1.76614E+14,1
1.76614E+14,1
1.76614E+14,1
1.76614E+14,1
1.76614E+14,1
1.76614E+14,2
1.76614E+14,1
1.76614E+14,2
1.76614E+14,2
1.76614E+14,1
1.76614E+14,2
1.76614E+14,3
1.76614E+14,3
1.76614E+14,2
1.76614E+14,2
1.76614E+14,3
1.76614E+14,2
1.76614E+14,2
1.76614E+14,2
1.76614E+14,2
1.76614E+14,2
1.76614E+14,2
1.76614E+14,1
1.76614E+14,2
1.76614E+14,2
1.76614E+14,2
1.76614E+14,2
1.76615E+14,2
1.76615E+14,2
1.76615E+14,2
1.76615E+14,1
1.76615E+14,1
1.76615E+14,1
1.76615E+14,1
1.76615E+14,1
1.76615E+14,2
1.76615E+14,1
1.76615E+14,2
1.76615E+14,2
1.76615E+14,2
1.76615E+14,2
1.76615E+14,2
1.76615E+14,1
1.76615E+14,1
1.76615E+14,2
1.76615E+14,1
1.76615E+14,1
1.76615E+14,2
1.76615E+14,1
1.76615E+14,2
1.76615E+14,1
1.76615E+14,1
1.76615E+14,2
1.76615E+14,2
1.76859E+14,2
1.7686E+14,4
1.7686E+14,2
1.7686E+14,2
1.7686E+14,2
1.7686E+14,2
1.7686E+14,4
1.7686E+14,2
1.7686E+14,2
1.76861E+14,4
1.88794E+14,2
1.88794E+14,2
1.88794E+14,2
1.88794E+14,2
1.88794E+14,1
1.88794E+14,1
1.88794E+14,2
1.88794E+14,1
1.88794E+14,1
1.88794E+14,1
1.88794E+14,1
1.88794E+14,1
1.88794E+14,1
1.88794E+14,1
1.88794E+14,1
1.88794E+14,1
1.88794E+14,1
1.88794E+14,2
1.88794E+14,1
1.88794E+14,2
1.88794E+14,1
1.88794E+14,1
1.88794E+14,2
1.88794E+14,2
1.88794E+14,2
1.88794E+14,2
1.88794E+14,2
1.88794E+14,2
1.88794E+14,2
1.88794E+14,1
1.88794E+14,1
1.88794E+14,1
1.88794E+14,1
1.88794E+14,1
1.88794E+14,1
1.88794E+14,2
1.88794E+14,1
1.88794E+14,1
1.88794E+14,1
1.88794E+14,1
1.88794E+14,1
1.88794E+14,1
1.88794E+14,2
1.88794E+14,1
1.88794E+14,1
1.88794E+14,2
1.88795E+14,2
1.88795E+14,2
1.88795E+14,2
1.88795E+14,2
1.88795E+14,2
1.88795E+14,2
1.88795E+14,1
1.88795E+14,1
1.88795E+14,1
1.88795E+14,1
1.88795E+14,1
1.88795E+14,1
1.88795E+14,2
1.88795E+14,2
1.88795E+14,1
1.88795E+14,2
1.88795E+14,1
1.88795E+14,1
1.88795E+14,1
1.88795E+14,1
1.88795E+14,2
1.88795E+14,2
1.88795E+14,2
1.88795E+14,2
1.88795E+14,2
1.88795E+14,2
1.88795E+14,1
1.88795E+14,2
1.88795E+14,1
1.88795E+14,1
1.88795E+14,1
1.88795E+14,1
1.88795E+14,1
1.88795E+14,1
1.88795E+14,1
1.88795E+14,1
1.88795E+14,1
1.88795E+14,1
1.88795E+14,1
1.88795E+14,1
1.88795E+14,1
1.88795E+14,1
1.88795E+14,1
1.88795E+14,1
1.88795E+14,1
1.88795E+14,1
1.88795E+14,1
1.88795E+14,2
1.88795E+14,1
1.88795E+14,2
1.88795E+14,2
1.88795E+14,2
1.88795E+14,2
1.88795E+14,2
1.88795E+14,2
1.88795E+14,2
1.88795E+14,1
1.88795E+14,2
1.88795E+14,1
1.88795E+14,2
1.88795E+14,2
1.88795E+14,2
1.88795E+14,2
1.88795E+14,2
1.88795E+14,2
1.88795E+14,1
1.88795E+14,2
1.88795E+14,2
1.88795E+14,1
1.88795E+14,2
1.88795E+14,2
1.88795E+14,2
1.88795E+14,2
1.88795E+14,2
1.88795E+14,1
1.88795E+14,1
1.88795E+14,1
1.89296E+14,2
1.89296E+14,2
1.89296E+14,2
1.89296E+14,2
1.89296E+14,2
1.89296E+14,2
1.89296E+14,2
1.89296E+14,2
1.89296E+14,2
1.89296E+14,2
1.89296E+14,2
1.89296E+14,2
1.89296E+14,2
1.89296E+14,2
1.89296E+14,2
1.89296E+14,2
1.89296E+14,2
1.89296E+14,2
1.89296E+14,2
1.89296E+14,1
1.89296E+14,2
1.89296E+14,2
1.89296E+14,1
1.89296E+14,2
1.89296E+14,2
1.89296E+14,2
1.89296E+14,2
1.89296E+14,2
1.89296E+14,2
1.89296E+14,2
1.89296E+14,2
1.89296E+14,2
1.89296E+14,2
1.89296E+14,2
1.89296E+14,2
1.89296E+14,2
1.89296E+14,2
1.89296E+14,2
1.89296E+14,2
1.89296E+14,2
1.89296E+14,2
1.89296E+14,2
1.89296E+14,2
1.89296E+14,2
1.89296E+14,2
1.89296E+14,2
1.89296E+14,2
1.89296E+14,2
1.89296E+14,2
1.89296E+14,2
1.89296E+14,2
1.89296E+14,2
1.89296E+14,2
1.89296E+14,2
1.89296E+14,2
1.89296E+14,2
1.89296E+14,2
1.89296E+14,2
1.89296E+14,2
1.89296E+14,2
1.89296E+14,2
1.89296E+14,2
1.89296E+14,2
1.89296E+14,2
1.89296E+14,2
1.89296E+14,2
1.89296E+14,2
1.89296E+14,2
1.89296E+14,2
1.89296E+14,2
1.89296E+14,2
1.89296E+14,2
1.89296E+14,2
1.89297E+14,2
1.89297E+14,2
1.89297E+14,2
1.89297E+14,2
1.89297E+14,2
1.89297E+14,2
1.89297E+14,2
1.89297E+14,2
1.89297E+14,2
1.89297E+14,2
1.89297E+14,2
1.89297E+14,2
1.89297E+14,2
1.89297E+14,2
1.89297E+14,2
1.89297E+14,2
1.89297E+14,2
1.89297E+14,2
1.89297E+14,2
1.89297E+14,2
1.89297E+14,2
1.89297E+14,2
1.89297E+14,2
1.89297E+14,2
1.89297E+14,2
1.89297E+14,2
1.89297E+14,2
1.96873E+14,2
1.96873E+14,2
1.96873E+14,2
1.96873E+14,2
1.96873E+14,2
1.96873E+14,2
1.96874E+14,3
1.96874E+14,2
1.96874E+14,2
1.96874E+14,2
1.96874E+14,2
1.96874E+14,2
1.96874E+14,2
1.96874E+14,2
1.96874E+14,2
1.96874E+14,1
1.96874E+14,2
1.96883E+14,1
1.96883E+14,1
1.96883E+14,1
1.96883E+14,1
1.96883E+14,2
1.96883E+14,1
1.96883E+14,2
1.96883E+14,2
1.96883E+14,2
1.96883E+14,2
1.96883E+14,1
1.96883E+14,1
1.96883E+14,1
1.96883E+14,1
1.96883E+14,1
1.96883E+14,1
1.96883E+14,1
1.96883E+14,1
1.96883E+14,1
1.96883E+14,1
1.96883E+14,2
1.96883E+14,1
1.96883E+14,2
1.96883E+14,1
1.96883E+14,1
1.96883E+14,1
1.96883E+14,1
1.96883E+14,1
1.96883E+14,1
1.96883E+14,1
1.96883E+14,1
1.96883E+14,2
1.96883E+14,1
1.96883E+14,1
1.96883E+14,1
1.96883E+14,2
1.96883E+14,1
1.96883E+14,1
1.96883E+14,2
1.96883E+14,2
1.96883E+14,1
1.96883E+14,1
1.96883E+14,2
1.96883E+14,1
1.96883E+14,2
1.96884E+14,2
1.96884E+14,2
1.96884E+14,2
1.96884E+14,2
1.96884E+14,2
1.96884E+14,2
1.96884E+14,2
1.96884E+14,2
1.96884E+14,2
1.96884E+14,2
1.96884E+14,2
1.96884E+14,2
1.96884E+14,2
1.96884E+14,2
1.96884E+14,2
1.96884E+14,2
1.96884E+14,2
1.96884E+14,2
1.96884E+14,2
1.96884E+14,2
1.96884E+14,2
1.96884E+14,2
1.96884E+14,2
1.96884E+14,2
1.96884E+14,2
1.96884E+14,2
1.96884E+14,2
1.96884E+14,2
1.96884E+14,3
1.96885E+14,3
1.97125E+14,2
1.97125E+14,2
1.97126E+14,2
1.97126E+14,2
1.97126E+14,2
1.97126E+14,2
1.97126E+14,2
1.97126E+14,2
1.97126E+14,2
1.97126E+14,2
1.97127E+14,2
1.97127E+14,2
1.97127E+14,3
1.97482E+14,2
1.97482E+14,1
1.97482E+14,2
1.97482E+14,1
1.97482E+14,2
1.97482E+14,2
1.97482E+14,2
1.97482E+14,2
1.97483E+14,2
1.97483E+14,2
1.97483E+14,2
1.97483E+14,2
1.97483E+14,2
1.97483E+14,1
1.97483E+14,1
1.97483E+14,2
1.97483E+14,1
1.97483E+14,2
1.97483E+14,2
1.97483E+14,2
1.97483E+14,1
1.97483E+14,1
1.97483E+14,2
1.97483E+14,2
1.97483E+14,2
1.97483E+14,2
1.97483E+14,2
1.97483E+14,2
1.97483E+14,2
1.97483E+14,1
1.97483E+14,1
1.97483E+14,2
1.9839E+14,2
1.9839E+14,3
1.9839E+14,3
1.9839E+14,2
1.98391E+14,2
1.98391E+14,2
1.98391E+14,2
1.98391E+14,2
1.98391E+14,2
1.98391E+14,2
1.98391E+14,2
1.98391E+14,2
1.98391E+14,2
1.98391E+14,2
1.98391E+14,3
1.98391E+14,3
1.98391E+14,2
1.98391E+14,2
1.98391E+14,2
1.98391E+14,2
1.98391E+14,2
1.98391E+14,2
1.98391E+14,3
1.98391E+14,2
1.98391E+14,2
1.98391E+14,2
1.98391E+14,3
1.98391E+14,2
1.98391E+14,2
1.98391E+14,2
1.98391E+14,2
1.98391E+14,2
1.98391E+14,3
1.98391E+14,3
1.98391E+14,2
1.98391E+14,2
1.98391E+14,2
1.98391E+14,2
1.98391E+14,2
1.98391E+14,2
1.98391E+14,2
1.98391E+14,2
1.98391E+14,2
1.98391E+14,2
1.98391E+14,2
1.98391E+14,2
1.98391E+14,2
1.98391E+14,2
1.98391E+14,2
1.98391E+14,2
1.98391E+14,2
1.98391E+14,2
1.98391E+14,2
1.98391E+14,2
1.98391E+14,2
1.98391E+14,2
1.98391E+14,2
1.98391E+14,2
1.98391E+14,2
1.98391E+14,2
1.98391E+14,2
1.98391E+14,2
1.98391E+14,2
1.98391E+14,2
1.98391E+14,2
1.98391E+14,1
1.98391E+14,2
1.98391E+14,2
1.98391E+14,2
1.98391E+14,2
1.98391E+14,2
1.98391E+14,2
1.98391E+14,2
1.98391E+14,2
1.98391E+14,2
1.98391E+14,2
1.98391E+14,2
1.98391E+14,2
1.98391E+14,2
1.98391E+14,2
1.98391E+14,2
1.98391E+14,2
1.98391E+14,2
1.98391E+14,2
1.98391E+14,2
1.98391E+14,2
1.98391E+14,2
1.98434E+14,2
1.98434E+14,2
1.98434E+14,3
1.98434E+14,2
1.98434E+14,2
1.98434E+14,2
1.98434E+14,2
1.98434E+14,2
1.98434E+14,2
1.98434E+14,2
1.98434E+14,2
1.98434E+14,1
1.98434E+14,1
1.98434E+14,2
1.98434E+14,1
1.98434E+14,1
1.98434E+14,1
1.98434E+14,1
1.98434E+14,1
1.98434E+14,1
1.98434E+14,1
1.98434E+14,2
1.98434E+14,1
1.98434E+14,2
1.98434E+14,2
1.98434E+14,2
1.98434E+14,2
1.98434E+14,2
1.98434E+14,2
1.98434E+14,2
1.98434E+14,2
1.98434E+14,1
1.98434E+14,2
1.98434E+14,2
1.98434E+14,1
1.98434E+14,1
1.98434E+14,1
1.98434E+14,2
1.98434E+14,1
1.98434E+14,2
1.98434E+14,2
1.98434E+14,2
1.98434E+14,2
1.98434E+14,1
1.98434E+14,1
1.98434E+14,1
1.98434E+14,1
1.98434E+14,1
1.98434E+14,1
1.98434E+14,1
1.98434E+14,1
1.98434E+14,1
1.98434E+14,1
1.98434E+14,1
1.98434E+14,1
1.98434E+14,2
1.98434E+14,1
1.98434E+14,2
1.98434E+14,2
1.98434E+14,2
1.98434E+14,2
1.98434E+14,2
1.98434E+14,2
1.98434E+14,2
1.98434E+14,2
1.98434E+14,1
1.98434E+14,1
1.98434E+14,1
1.98434E+14,1
1.98434E+14,2
1.98434E+14,2
1.98434E+14,3
1.98434E+14,1
1.98434E+14,1
1.98434E+14,1
1.98434E+14,1
1.98434E+14,3
1.98434E+14,1
1.98435E+14,1
1.98435E+14,2
1.98435E+14,2
1.98435E+14,2
1.98435E+14,2
1.98435E+14,2
1.98435E+14,2
1.98435E+14,2
1.98435E+14,1
1.98435E+14,2
1.98435E+14,1
1.98435E+14,2
1.98435E+14,2
1.98435E+14,2
1.98435E+14,1
1.98435E+14,1
1.98435E+14,1
1.98435E+14,1
1.98435E+14,1
1.98435E+14,1
1.98435E+14,1
1.98435E+14,2
1.98435E+14,1
1.98435E+14,2
1.98435E+14,1
1.98435E+14,2
1.98435E+14,2
1.98435E+14,2
2.03251E+14,3
2.03251E+14,3
2.03251E+14,3
2.03251E+14,3
2.03251E+14,2
2.03251E+14,2
2.03252E+14,2
2.03252E+14,2
2.03252E+14,2
2.03252E+14,3
2.03252E+14,2
2.11229E+14,3
2.11229E+14,3
2.1123E+14,2
2.1123E+14,3
2.1123E+14,3
2.1123E+14,3
2.1123E+14,3
2.11231E+14,3
2.11231E+14,3
2.1171E+14,2
2.1171E+14,3
2.1171E+14,2
2.1171E+14,3
2.1171E+14,3
2.1171E+14,2
2.1171E+14,2
2.1171E+14,2
2.1171E+14,2
2.1171E+14,2
2.1171E+14,2
2.1171E+14,2
2.1171E+14,2
2.1171E+14,2
2.11711E+14,2
2.11711E+14,2
2.11711E+14,2
2.11711E+14,2
2.11711E+14,2
2.11711E+14,2
2.11711E+14,2
2.11711E+14,2
2.11711E+14,2
2.11711E+14,2
2.11711E+14,2
2.11711E+14,2
2.11711E+14,2
2.11711E+14,2
2.11711E+14,2
2.11711E+14,2
2.11711E+14,2
2.11711E+14,1
2.11711E+14,2
2.11711E+14,2
2.11711E+14,2
2.11711E+14,3
2.11711E+14,3
2.11711E+14,2
2.11711E+14,2
2.11711E+14,2
2.11711E+14,2
2.11711E+14,2
2.11711E+14,3
2.11711E+14,2
2.11711E+14,2
2.11711E+14,3
2.11711E+14,2
2.11711E+14,2
2.11711E+14,1
2.11711E+14,2
2.11711E+14,2
2.11711E+14,2
2.11711E+14,2
2.11711E+14,3
2.11711E+14,2
2.11711E+14,2
2.11973E+14,4
2.11973E+14,3
2.11973E+14,3
2.11973E+14,3
2.11973E+14,3
2.11973E+14,2
2.14888E+14,2
2.14888E+14,2
2.14888E+14,2
2.14888E+14,2
2.14888E+14,2
2.14888E+14,2
2.14888E+14,1
2.14888E+14,2
2.14888E+14,2
2.14888E+14,2
2.14889E+14,2
2.14889E+14,2
2.14889E+14,1
2.14889E+14,2
2.14889E+14,1
2.14889E+14,1
2.16219E+14,3
2.16219E+14,3
2.16219E+14,3
2.16219E+14,2
2.16219E+14,1
2.16219E+14,1
2.16219E+14,1
2.16219E+14,2
2.16219E+14,3
2.16219E+14,3
2.16219E+14,2
2.16219E+14,1
2.16219E+14,2
2.16219E+14,2
2.16219E+14,2
2.16219E+14,2
2.16219E+14,2
2.16219E+14,2
2.16219E+14,2
2.16219E+14,1
2.16219E+14,2
2.16219E+14,2
2.16219E+14,2
2.16219E+14,2
2.16219E+14,2
2.16219E+14,2
2.16219E+14,2
2.16219E+14,3
2.16219E+14,3
2.16219E+14,3
2.16219E+14,3
2.16219E+14,3
2.16219E+14,1
2.16219E+14,2
2.16219E+14,2
2.16219E+14,2
2.16219E+14,1
2.16219E+14,1
2.16219E+14,1
2.16219E+14,2
2.16219E+14,1
2.16219E+14,1
2.16219E+14,1
2.16219E+14,1
2.16219E+14,1
2.16219E+14,1
2.16219E+14,2
2.16219E+14,1
2.16219E+14,1
2.16219E+14,2
2.16219E+14,3
2.16219E+14,1
2.16219E+14,1
2.16219E+14,2
2.16219E+14,3
2.16219E+14,3
2.16219E+14,3
2.16219E+14,3
2.16219E+14,1
2.16219E+14,1
2.16219E+14,1
2.16219E+14,2
2.16219E+14,2
2.16219E+14,2
2.1622E+14,2
2.1622E+14,1
2.1622E+14,1
2.1622E+14,1
2.1622E+14,2
2.1622E+14,1
2.1622E+14,3
2.1622E+14,2
2.1622E+14,2
2.1622E+14,3
2.1622E+14,3
2.1622E+14,3
2.1622E+14,2
2.1622E+14,2
2.1622E+14,2
2.1622E+14,1
2.1622E+14,2
2.1622E+14,2
2.1622E+14,2
2.1622E+14,2
2.1622E+14,3
2.1622E+14,3
2.1622E+14,3
2.1622E+14,3
2.1622E+14,3
2.1622E+14,3
2.1622E+14,3
2.1622E+14,3
2.1622E+14,3
2.1622E+14,3
2.1622E+14,3
2.1622E+14,3
2.1622E+14,3
2.1622E+14,3
2.1622E+14,3
2.1622E+14,2
2.1622E+14,2
2.1622E+14,2
2.1622E+14,3
2.1622E+14,3
2.1622E+14,3
2.1622E+14,3
2.1622E+14,3
2.1622E+14,3
2.1622E+14,3
2.1622E+14,3
2.1622E+14,3
2.1622E+14,3
2.1622E+14,3
2.1622E+14,3
2.1622E+14,3
2.1622E+14,3
2.1622E+14,3
2.1622E+14,3
2.1622E+14,2
2.1622E+14,3
2.1622E+14,3
2.1622E+14,2
2.1622E+14,3
2.1622E+14,3
2.1622E+14,3
2.1622E+14,2
2.1622E+14,3
2.1622E+14,3
2.1622E+14,3
2.1622E+14,4
2.1622E+14,3
2.1622E+14,3
2.1622E+14,3
2.1622E+14,3
2.1622E+14,2
2.1622E+14,3
2.1622E+14,2
2.1622E+14,2
2.1622E+14,2
2.1622E+14,3
2.1622E+14,3
2.1622E+14,2
2.1622E+14,2
2.1622E+14,3
2.1622E+14,2
2.1622E+14,2
2.1622E+14,3
2.1622E+14,2
2.1622E+14,2
2.1622E+14,2
2.1622E+14,2
2.1622E+14,2
2.1622E+14,3
2.1622E+14,3
2.16268E+14,2
2.16268E+14,3
2.16268E+14,2
2.16269E+14,2
2.16269E+14,2
2.16269E+14,2
2.16269E+14,2
2.16269E+14,2
2.16269E+14,2
2.16269E+14,2
2.16269E+14,2
2.16269E+14,3
2.16269E+14,2
2.16269E+14,2
2.1627E+14,2
2.17594E+14,6
2.17594E+14,4
2.17594E+14,4
2.17594E+14,4
2.17594E+14,4
2.17594E+14,3
2.17594E+14,3
2.17594E+14,3
2.17594E+14,3
2.17594E+14,3
2.17594E+14,2
2.17594E+14,3
2.17594E+14,4
2.17594E+14,3
2.17594E+14,3
2.17594E+14,3
2.17594E+14,3
2.17594E+14,3
2.17594E+14,5
2.17594E+14,5
2.17594E+14,4
2.17594E+14,4
2.17594E+14,4
2.17594E+14,4
2.17594E+14,4
2.17594E+14,4
2.17595E+14,3
2.17595E+14,4
2.17595E+14,3
2.17595E+14,4
2.17595E+14,3
2.17595E+14,3
2.17595E+14,3
2.17595E+14,3
2.17595E+14,4
2.17595E+14,5
2.17595E+14,5
2.17595E+14,4
2.17595E+14,4
2.17595E+14,4
2.17595E+14,4
2.17595E+14,3
2.17595E+14,3
2.17595E+14,3
2.17595E+14,3
2.17595E+14,3
2.17595E+14,3
2.17595E+14,2
2.17595E+14,2
2.17595E+14,3
2.17595E+14,5
2.17595E+14,5
2.17595E+14,5
2.17595E+14,4
2.17595E+14,3
2.17595E+14,4
2.17595E+14,4
2.17595E+14,4
2.17595E+14,4
2.17595E+14,3
2.17595E+14,4
2.17595E+14,3
2.17595E+14,3
2.17595E+14,3
2.17595E+14,4
2.17595E+14,4
2.17595E+14,4
2.17595E+14,4
2.17595E+14,4
2.17595E+14,4
2.17595E+14,3
2.17595E+14,3
2.17595E+14,3
2.17595E+14,3
2.17595E+14,3
2.17595E+14,3
2.17595E+14,3
2.17595E+14,4
2.17595E+14,2
2.17595E+14,3
2.17595E+14,2
2.17595E+14,2
2.17595E+14,2
2.17595E+14,4
2.17595E+14,4
2.17595E+14,3
2.17595E+14,2
2.17595E+14,2
2.18218E+14,3
2.18218E+14,2
2.18218E+14,2
2.18218E+14,2
2.18218E+14,2
2.18218E+14,2
2.18218E+14,2
2.18218E+14,2
2.18218E+14,2
2.18218E+14,2
2.18218E+14,2
2.18218E+14,2
2.18218E+14,2
2.18218E+14,2
2.18218E+14,2
2.18218E+14,2
2.18218E+14,2
2.18218E+14,2
2.18218E+14,2
2.18218E+14,2
2.18218E+14,2
2.18218E+14,2
2.18218E+14,2
2.18218E+14,2
2.18218E+14,2
2.18218E+14,2
2.18218E+14,4
2.18218E+14,3
2.18218E+14,4
2.18218E+14,4
2.18218E+14,4
2.18218E+14,4
2.18218E+14,4
2.18218E+14,3
2.18218E+14,2
2.18218E+14,2
2.18218E+14,2
2.18218E+14,3
2.18218E+14,3
2.18218E+14,3
2.18218E+14,3
2.18218E+14,2
2.18218E+14,4
2.18218E+14,2
2.18218E+14,2
2.18218E+14,2
2.18218E+14,2
2.18218E+14,2
2.18218E+14,3
2.18218E+14,2
2.18218E+14,2
2.18219E+14,2
2.18219E+14,2
2.18219E+14,2
2.18219E+14,3
2.18219E+14,3
2.18219E+14,2
2.18219E+14,2
2.18219E+14,3
2.18219E+14,2
2.18219E+14,4
2.18219E+14,2
2.18219E+14,2
2.18219E+14,2
2.18219E+14,3
2.18219E+14,3
2.18219E+14,4
2.18219E+14,3
2.18219E+14,3
2.18219E+14,3
2.18219E+14,4
2.18219E+14,3
2.18219E+14,4
2.18219E+14,4
2.18219E+14,4
2.18219E+14,4
2.18219E+14,4
2.18219E+14,4
2.18219E+14,4
2.18219E+14,2
2.18219E+14,2
2.18219E+14,2
2.18219E+14,2
2.18219E+14,2
2.18219E+14,2
2.18219E+14,4
2.18219E+14,4
2.18219E+14,4
2.18219E+14,4
2.18219E+14,3
2.18219E+14,2
2.18219E+14,3
2.18219E+14,2
2.18219E+14,2
2.1822E+14,3
2.1822E+14,1
2.1822E+14,2
2.1822E+14,1
2.1822E+14,2
2.1822E+14,2
2.1822E+14,3
2.1822E+14,2
2.1822E+14,2
2.1822E+14,3
2.1822E+14,3
2.1822E+14,3
2.1822E+14,2
2.1822E+14,3
2.1822E+14,2
2.1822E+14,2
2.1822E+14,2
2.1822E+14,2
2.1822E+14,2
2.1822E+14,3
2.1822E+14,3
2.1822E+14,3
2.1822E+14,3
2.1822E+14,2
2.1822E+14,3
2.1822E+14,2
2.1822E+14,3
2.1822E+14,3
2.1822E+14,3
2.1822E+14,3
2.1822E+14,2
2.1822E+14,3
2.1822E+14,3
2.1822E+14,1
2.1822E+14,3
2.1822E+14,3
2.1822E+14,3
2.1822E+14,3
2.1822E+14,3
2.18221E+14,3
2.18221E+14,3
2.18221E+14,3
2.18221E+14,3
2.18221E+14,3
2.18221E+14,3
2.18221E+14,3
2.18221E+14,3
2.18221E+14,2
2.18221E+14,3
2.18221E+14,2
2.18221E+14,3
2.18221E+14,3
2.18221E+14,3
2.18221E+14,2
2.18221E+14,3
2.18221E+14,3
2.18221E+14,3
2.18221E+14,3
2.18221E+14,3
2.18221E+14,3
2.18221E+14,3
2.18221E+14,3
2.18221E+14,3
2.18221E+14,3
2.18221E+14,3
2.18221E+14,3
2.18221E+14,3
2.18221E+14,3
2.18221E+14,3
2.18221E+14,3
2.18221E+14,3
2.18221E+14,3
2.18221E+14,3
2.18221E+14,3
2.18221E+14,3
2.18221E+14,3
2.18221E+14,3
2.18221E+14,3
2.18221E+14,1
2.18221E+14,3
2.18221E+14,3
2.18221E+14,3
2.18221E+14,3
2.18221E+14,4
2.18221E+14,3
2.18221E+14,3
2.18221E+14,3
2.18221E+14,3
2.18221E+14,3
2.18221E+14,3
2.18221E+14,3
2.18221E+14,3
2.18221E+14,4
2.18221E+14,4
2.18221E+14,3
2.18221E+14,2
2.18221E+14,2
2.18221E+14,2
2.18221E+14,3
2.18221E+14,3
2.18221E+14,3
2.18221E+14,3
2.18221E+14,3
2.18221E+14,3
2.18222E+14,3
2.18222E+14,3
2.18222E+14,3
2.18222E+14,3
2.18222E+14,2
2.18222E+14,3
2.18222E+14,3
2.18222E+14,4
2.18222E+14,2
2.18222E+14,3
2.18222E+14,3
2.18222E+14,2
2.18222E+14,3
2.18222E+14,3
2.18222E+14,3
2.18222E+14,3
2.18222E+14,4
2.18222E+14,4
2.18222E+14,4
2.18222E+14,3
2.18222E+14,4
2.18222E+14,4
2.18222E+14,4
2.18222E+14,3
2.18222E+14,4
2.18222E+14,3
2.18222E+14,4
2.18222E+14,3
2.18222E+14,3
2.18222E+14,3
2.18222E+14,3
2.18222E+14,3
2.20499E+14,1
2.20499E+14,1
2.20499E+14,1
2.205E+14,2
2.205E+14,1
2.205E+14,2
2.205E+14,2
2.205E+14,2
2.205E+14,2
2.205E+14,2
2.205E+14,1
2.205E+14,2
2.205E+14,2
2.205E+14,2
2.205E+14,2
2.20501E+14,2
2.20501E+14,2
2.20501E+14,2
2.20852E+14,2
2.20852E+14,2
2.20852E+14,2
2.20852E+14,2
2.20852E+14,2
2.20852E+14,2
2.20852E+14,2
2.20852E+14,2
2.20852E+14,2
2.20853E+14,2
2.20853E+14,2
2.20853E+14,2
2.20853E+14,2
2.20853E+14,2
2.20853E+14,2
2.20853E+14,2
2.20853E+14,2
2.20853E+14,2
2.20859E+14,5
2.20859E+14,5
2.20859E+14,5
2.20859E+14,7
2.2086E+14,6
2.20861E+14,4
2.20864E+14,7
2.20864E+14,3
2.20864E+14,4
2.20865E+14,4
2.20865E+14,3
2.20865E+14,7
2.20865E+14,7
2.20866E+14,8
2.20867E+14,5
2.20868E+14,3
2.20868E+14,3
2.20869E+14,2
2.2087E+14,2
2.2087E+14,2
2.2087E+14,2
2.2087E+14,2
2.2087E+14,2
2.2087E+14,2
2.20871E+14,2
2.20871E+14,1
2.20871E+14,1
2.20871E+14,2
2.20871E+14,1
2.20871E+14,1
2.20871E+14,1
2.20871E+14,1
2.20871E+14,1
2.20871E+14,1
2.20871E+14,1
2.20871E+14,1
2.20871E+14,2
2.20871E+14,1
2.20871E+14,1
2.20871E+14,1
2.20871E+14,2
2.20871E+14,1
2.20871E+14,2
2.20871E+14,1
2.20872E+14,1
2.20872E+14,1
2.20872E+14,1
2.20872E+14,1
2.20872E+14,1
2.20872E+14,1
2.20872E+14,1
2.20872E+14,1
2.20872E+14,2
2.20872E+14,1
2.20872E+14,1
2.20872E+14,2
2.20872E+14,2
2.20872E+14,1
2.20872E+14,1
2.20872E+14,1
2.20872E+14,1
2.20873E+14,1
2.20873E+14,2
2.20873E+14,1
2.20873E+14,2
2.20873E+14,2
2.20873E+14,1
2.20873E+14,2
2.20873E+14,1
2.20873E+14,1
2.20873E+14,1
2.20911E+14,2
2.20911E+14,3
2.20911E+14,2
2.20911E+14,2
2.20911E+14,2
2.20912E+14,2
2.20912E+14,3
2.20912E+14,2
2.20912E+14,2
2.20913E+14,2
2.20913E+14,2
2.20913E+14,2
2.20913E+14,2
2.20913E+14,2
2.20913E+14,2
2.20913E+14,2
2.20913E+14,1
2.20913E+14,1
2.20913E+14,1
2.20913E+14,2
2.20913E+14,1
2.20914E+14,1
2.21195E+14,2
2.21195E+14,3
2.21195E+14,3
2.21195E+14,2
2.21195E+14,2
2.21195E+14,3
2.21195E+14,3
2.21196E+14,3
2.21196E+14,3
2.21196E+14,3
2.21196E+14,3
2.21196E+14,2
2.21196E+14,3
2.21196E+14,3
2.21196E+14,2
2.21196E+14,3
2.21196E+14,3
2.21196E+14,2
2.21196E+14,2
2.21197E+14,2
2.21197E+14,2
2.21197E+14,2
2.21197E+14,2
2.21197E+14,2
2.21197E+14,2
2.21197E+14,3
2.21197E+14,2
2.21197E+14,2
2.21197E+14,3
2.21197E+14,2
2.21197E+14,2
2.21197E+14,2
2.21197E+14,2
2.21197E+14,2
2.21197E+14,3
2.21198E+14,2
2.21198E+14,2
2.21198E+14,2
2.21198E+14,2
2.21198E+14,2
2.21198E+14,2
2.21198E+14,2
2.21198E+14,2
2.21198E+14,2
2.21274E+14,1
2.21274E+14,2
2.21275E+14,2
2.21275E+14,2
2.21275E+14,1
2.21275E+14,1
2.21275E+14,1
2.21275E+14,2
2.21275E+14,1
2.21275E+14,2
2.21275E+14,2
2.21275E+14,1
2.21275E+14,1
2.21275E+14,1
2.21275E+14,1
2.21275E+14,1
2.21275E+14,2
2.21275E+14,1
2.21275E+14,1
2.21275E+14,1
2.21275E+14,2
2.21275E+14,2
2.21275E+14,2
2.21275E+14,1
2.21275E+14,2
2.21275E+14,2
2.21276E+14,2
2.21276E+14,1
2.21276E+14,1
2.21276E+14,1
2.21276E+14,2
2.21276E+14,1
2.21276E+14,1
2.21276E+14,2
2.21276E+14,2
2.21276E+14,2
2.21276E+14,2
2.21276E+14,2
2.21276E+14,2
2.21276E+14,2
2.21276E+14,2
2.21276E+14,2
2.21276E+14,2
2.21277E+14,2
2.21277E+14,2
2.21277E+14,2
2.21277E+14,1
2.21277E+14,1
2.21343E+14,2
2.21343E+14,1
2.21344E+14,2
2.21344E+14,2
2.21345E+14,1
2.21345E+14,1
2.21345E+14,1
2.21345E+14,1
2.21345E+14,1
2.21345E+14,1
2.21345E+14,1
2.21346E+14,1
2.21346E+14,1
2.21346E+14,1
2.21346E+14,1
2.21346E+14,1
2.21346E+14,1
2.21346E+14,1
2.21353E+14,2
2.21353E+14,2
2.21353E+14,2
2.21353E+14,2
2.21354E+14,2
2.21354E+14,3
2.21354E+14,2
2.21354E+14,2
2.21354E+14,2
2.21354E+14,1
2.21354E+14,1
2.21354E+14,1
2.21354E+14,1
2.21354E+14,1
2.21354E+14,1
2.21354E+14,1
2.21354E+14,2
2.21354E+14,2
2.21354E+14,2
2.21354E+14,2
2.21354E+14,1
2.21354E+14,1
2.21354E+14,1
2.21354E+14,2
2.21354E+14,2
2.21354E+14,2
2.21354E+14,2
2.21354E+14,1
2.21698E+14,2
2.21698E+14,2
2.21698E+14,2
2.21698E+14,1
2.21698E+14,2
2.21698E+14,2
2.21698E+14,1
2.21698E+14,1
2.21698E+14,1
2.21698E+14,2
2.21698E+14,2
2.21698E+14,1
2.21698E+14,1
2.21698E+14,2
2.21698E+14,1
2.21698E+14,1
2.21698E+14,1
2.21698E+14,2
2.21698E+14,2
2.21698E+14,1
2.21698E+14,2
2.21698E+14,2
2.21698E+14,2
2.21698E+14,2
2.21698E+14,2
2.21698E+14,2
2.21698E+14,2
2.21698E+14,1
2.21698E+14,1
2.21698E+14,2
2.21698E+14,2
2.21698E+14,2
2.21698E+14,2
2.21698E+14,2
2.21698E+14,2
2.21698E+14,2
2.21698E+14,2
2.21698E+14,2
2.21698E+14,2
2.21698E+14,2
2.21698E+14,2
2.21698E+14,2
2.21698E+14,2
2.21698E+14,2
2.21698E+14,2
2.21698E+14,2
2.21698E+14,2
2.21698E+14,2
2.21698E+14,2
2.21698E+14,2
2.21698E+14,1
2.21698E+14,2
2.21698E+14,2
2.21698E+14,1
2.21698E+14,1
2.21698E+14,1
2.21698E+14,1
2.21698E+14,1
2.21698E+14,1
2.21698E+14,1
2.21698E+14,2
2.21698E+14,2
2.21698E+14,2
2.21698E+14,2
2.21698E+14,1
2.21698E+14,2
2.21698E+14,2
2.21698E+14,2
2.21698E+14,2
2.21698E+14,2
2.21698E+14,1
2.21698E+14,1
2.21698E+14,2
2.21698E+14,2
2.21698E+14,2
2.21698E+14,2
2.21698E+14,2
2.21698E+14,2
2.21698E+14,1
2.21698E+14,1
2.21698E+14,2
2.21698E+14,2
2.21698E+14,2
2.21698E+14,1
2.21698E+14,2
2.21698E+14,1
2.21698E+14,2
2.21698E+14,2
2.21698E+14,2
2.21698E+14,2
2.21698E+14,2
2.21698E+14,2
2.21698E+14,2
2.21698E+14,2
2.21698E+14,1
2.21698E+14,2
2.21698E+14,1
2.21698E+14,1
2.21698E+14,1
2.21698E+14,1
2.21698E+14,1
2.21698E+14,1
2.21698E+14,2
2.21698E+14,2
2.21698E+14,2
2.21698E+14,2
2.21698E+14,2
2.21698E+14,2
2.21698E+14,2
2.21698E+14,2
2.21698E+14,2
2.21698E+14,2
2.21698E+14,2
2.21698E+14,2
2.21698E+14,2
2.21698E+14,2
2.21698E+14,2
2.21698E+14,2
2.21698E+14,2
2.21698E+14,2
2.21698E+14,2
2.21698E+14,3
2.21698E+14,3
2.21698E+14,2
2.21698E+14,2
2.21698E+14,2
2.21698E+14,2
2.21698E+14,2
2.21698E+14,2
2.21698E+14,2
2.21698E+14,1
2.21698E+14,1
2.21698E+14,1
2.21698E+14,1
2.21698E+14,1
2.21698E+14,1
2.21698E+14,1
2.21698E+14,1
2.21698E+14,1
2.21698E+14,1
2.21698E+14,1
2.21698E+14,1
2.21698E+14,1
2.21698E+14,1
2.21698E+14,2
2.21698E+14,1
2.21698E+14,2
2.21698E+14,2
2.21698E+14,2
2.21698E+14,2
2.21698E+14,2
2.21698E+14,1
2.21698E+14,1
2.21698E+14,2
2.21698E+14,2
2.21698E+14,2
2.21698E+14,2
2.21698E+14,1
2.21698E+14,2
2.21698E+14,2
2.21698E+14,2
2.21698E+14,2
2.21698E+14,2
2.21698E+14,2
2.21698E+14,2
2.21698E+14,2
2.21698E+14,2
2.21698E+14,2
2.21698E+14,2
2.21698E+14,3
2.21698E+14,2
2.21698E+14,2
2.21698E+14,2
2.21698E+14,2
2.21698E+14,1
2.21698E+14,2
2.21698E+14,2
2.21698E+14,2
2.21698E+14,2
2.21698E+14,1
2.21698E+14,2
2.21698E+14,1
2.21698E+14,2
2.21698E+14,1
2.21698E+14,1
2.22095E+14,2
2.22095E+14,1
2.22095E+14,1
2.22095E+14,1
2.22095E+14,1
2.22095E+14,2
2.22095E+14,2
2.22095E+14,2
2.22095E+14,1
2.22095E+14,1
2.22095E+14,1
2.22095E+14,1
2.22095E+14,1
2.22095E+14,1
2.22095E+14,1
2.22095E+14,1
2.22095E+14,1
2.22095E+14,1
2.22095E+14,1
2.22095E+14,1
2.22095E+14,1
2.22095E+14,1
2.22095E+14,1
2.22095E+14,1
2.22095E+14,1
2.22095E+14,1
2.22095E+14,1
2.22095E+14,1
2.22095E+14,1
2.22095E+14,2
2.22095E+14,2
2.22096E+14,1
2.22096E+14,1
2.22096E+14,1
2.22096E+14,1
2.22096E+14,1
2.22096E+14,2
2.22096E+14,1
2.22096E+14,2
2.22096E+14,1
2.22096E+14,2
2.22096E+14,2
2.22096E+14,1
2.22096E+14,1
2.22096E+14,1
2.22096E+14,2
2.22096E+14,1
2.22096E+14,1
2.22096E+14,1
2.22096E+14,2
2.22096E+14,1
2.22096E+14,1
2.22096E+14,1
2.22096E+14,1
2.22096E+14,1
2.22096E+14,1
2.22096E+14,1
2.22096E+14,2
2.22096E+14,1
2.22096E+14,2
2.22096E+14,1
2.22096E+14,2
2.22096E+14,2
2.22441E+14,1
2.22441E+14,1
2.22441E+14,1
2.22441E+14,1
2.22441E+14,1
2.22441E+14,2
2.22441E+14,1
2.22441E+14,1
2.22441E+14,1
2.22441E+14,1
2.22442E+14,1
2.22442E+14,1
2.22442E+14,1
2.22442E+14,1
2.22442E+14,1
2.22442E+14,1
2.22442E+14,1
2.22442E+14,1
2.22442E+14,1
2.22442E+14,1
2.22442E+14,1
2.22442E+14,1
2.22442E+14,1
2.22442E+14,1
2.22442E+14,1
2.22442E+14,1
2.22442E+14,1
2.22442E+14,1
2.22442E+14,1
2.22442E+14,1
2.22442E+14,1
2.22442E+14,1
2.22442E+14,1
2.22442E+14,1
2.22442E+14,1
2.22442E+14,1
2.22442E+14,1
2.22442E+14,1
2.22442E+14,1
2.22442E+14,1
2.22443E+14,1
2.22443E+14,2
2.22443E+14,1
2.22443E+14,1
2.22443E+14,1
2.22443E+14,2
2.22443E+14,2
2.22443E+14,1
2.22444E+14,2
2.22444E+14,2
2.22444E+14,2
2.22444E+14,2
2.22444E+14,2
2.22444E+14,2
2.22445E+14,1
2.22445E+14,2
2.22445E+14,1
2.22445E+14,2
2.22445E+14,2
2.22445E+14,1
2.22445E+14,2
2.22445E+14,2
2.22445E+14,2
2.22445E+14,1
2.22445E+14,2
2.22445E+14,2
2.22445E+14,2
2.22445E+14,2
2.22445E+14,2
2.22469E+14,1
2.22469E+14,1
2.22469E+14,1
2.22469E+14,1
2.22469E+14,1
2.22469E+14,2
2.22469E+14,1
2.22469E+14,1
2.22469E+14,1
2.22469E+14,1
2.22469E+14,1
2.22469E+14,1
2.22469E+14,1
2.22469E+14,1
2.22469E+14,1
2.22474E+14,1
2.22474E+14,1
2.22474E+14,1
2.22474E+14,1
2.22474E+14,1
2.22474E+14,1
2.22474E+14,1
2.22474E+14,1
2.22474E+14,1
2.22474E+14,1
2.22474E+14,2
2.22474E+14,1
2.22517E+14,1
2.22518E+14,1
2.22518E+14,1
2.22518E+14,1
2.22518E+14,1
2.22518E+14,1
2.22518E+14,1
2.22518E+14,1
2.22518E+14,1
2.22518E+14,1
2.22518E+14,1
2.22518E+14,1
2.22518E+14,1
2.22518E+14,1
2.22518E+14,1
2.22518E+14,1
2.22518E+14,1
2.22518E+14,1
2.22518E+14,1
2.22518E+14,1
2.22518E+14,1
2.22518E+14,1
2.22518E+14,2
2.22518E+14,1
2.22518E+14,1
2.22518E+14,1
2.22518E+14,1
2.22519E+14,2
2.22519E+14,1
2.22519E+14,2
2.22519E+14,2
2.22519E+14,1
2.22519E+14,1
2.22519E+14,1
2.22519E+14,1
2.22519E+14,1
2.22519E+14,1
2.22519E+14,1
2.22519E+14,2
2.22519E+14,1
2.22519E+14,2
2.22519E+14,2
2.22519E+14,1
2.22519E+14,1
2.22519E+14,1
2.22519E+14,1
2.22519E+14,1
2.22519E+14,2
2.22519E+14,2
2.22519E+14,1
2.22519E+14,1
2.22519E+14,1
2.22519E+14,1
2.22519E+14,1
2.2252E+14,1
2.2252E+14,1
2.2252E+14,1
2.2252E+14,1
2.2252E+14,1
2.2252E+14,1
2.2252E+14,1
2.2252E+14,1
2.2252E+14,1
2.2252E+14,1
2.2252E+14,1
2.2252E+14,1
2.2252E+14,1
2.2252E+14,1
2.2252E+14,1
2.2252E+14,1
2.2252E+14,1
2.2252E+14,1
2.2252E+14,2
2.2252E+14,2
2.2252E+14,2
2.2252E+14,2
2.25797E+14,2
2.25797E+14,2
2.25797E+14,2
2.25797E+14,2
2.25797E+14,2
2.25797E+14,2
2.25797E+14,2
2.25797E+14,2
2.25797E+14,2
2.25797E+14,2
2.25797E+14,2
2.25797E+14,2
2.25797E+14,2
2.25797E+14,2
2.25797E+14,2
2.25797E+14,2
2.25797E+14,2
2.25797E+14,2
2.25797E+14,2
2.25797E+14,2
2.25797E+14,2
2.25797E+14,2
2.25798E+14,2
2.25798E+14,2
2.25798E+14,2
2.25798E+14,2
2.25798E+14,2
2.25798E+14,2
2.25798E+14,2
2.25798E+14,1
2.25798E+14,1
2.25798E+14,1
2.25798E+14,1
2.25798E+14,1
2.25798E+14,1
2.25798E+14,1
2.25798E+14,1
2.25798E+14,1
2.25798E+14,1
2.25798E+14,1
2.25798E+14,1
2.25798E+14,1
2.25798E+14,1
2.25798E+14,1
2.25798E+14,1
2.25798E+14,1
2.25798E+14,1
2.25798E+14,1
2.25798E+14,1
2.25798E+14,1
2.25798E+14,1
2.25798E+14,1
2.25798E+14,1
2.25798E+14,1
2.25798E+14,1
2.25798E+14,1
2.25798E+14,1
2.25798E+14,1
2.25798E+14,1
2.25798E+14,1
2.25798E+14,2
2.25798E+14,1
2.25798E+14,1
2.25798E+14,1
2.25798E+14,1
2.25798E+14,1
2.25798E+14,1
2.25798E+14,1
2.25798E+14,1
2.25798E+14,1
2.25798E+14,1
2.25798E+14,1
2.25798E+14,1
2.25798E+14,1
2.25798E+14,2
2.25798E+14,1
2.25798E+14,1
2.25798E+14,1
2.25798E+14,1
2.25798E+14,1
2.25798E+14,1
2.25798E+14,1
2.25798E+14,1
2.25798E+14,1
2.25798E+14,1
2.25798E+14,1
2.25798E+14,1
2.25798E+14,1
2.25798E+14,1
2.25798E+14,1
2.25798E+14,1
2.25798E+14,1
2.25798E+14,1
2.25798E+14,1
2.25798E+14,1
2.25798E+14,1
2.25798E+14,1
2.25798E+14,2
2.25798E+14,1
2.25798E+14,1
2.25798E+14,1
2.25798E+14,1
2.25798E+14,1
2.25798E+14,1
2.25798E+14,1
2.25798E+14,2
2.25798E+14,1
2.25798E+14,1
2.25798E+14,1
2.25798E+14,1
2.25798E+14,1
2.25798E+14,1
2.25798E+14,2
2.25798E+14,1
2.25798E+14,2
2.25798E+14,2
2.25798E+14,2
2.25798E+14,2
2.25798E+14,2
2.25798E+14,2
2.25798E+14,2
2.25798E+14,2
2.25798E+14,1
2.25798E+14,1
2.25798E+14,2
2.25798E+14,2
2.25798E+14,2
2.25798E+14,2
2.25798E+14,2
2.25798E+14,2
2.25798E+14,2
2.25798E+14,2
2.25798E+14,2
2.25798E+14,2
2.25798E+14,2
2.25798E+14,2
2.25798E+14,2
2.25798E+14,2
2.25798E+14,2
2.25799E+14,2
2.25799E+14,2
2.25799E+14,2
2.25799E+14,2
2.25799E+14,2
2.25799E+14,2
2.25799E+14,2
2.25799E+14,2
2.25799E+14,2
2.25799E+14,2
2.25799E+14,2
2.25799E+14,2
2.25799E+14,2
2.28182E+14,2
2.28182E+14,2
2.28182E+14,2
2.28183E+14,2
2.28183E+14,2
2.28183E+14,2
2.31733E+14,1
2.31734E+14,1
2.31734E+14,1
2.31734E+14,1
2.31734E+14,1
2.31734E+14,1
2.31734E+14,2
2.31734E+14,1
2.31734E+14,1
2.31734E+14,2
2.31734E+14,1
2.31734E+14,2
2.31734E+14,2
2.31734E+14,2
2.31734E+14,2
2.31734E+14,1
2.31734E+14,1
2.31734E+14,1
2.31734E+14,1
2.31734E+14,1
2.31734E+14,1
2.31734E+14,1
2.31734E+14,2
2.31734E+14,1
2.31734E+14,2
2.31734E+14,2
2.31734E+14,2
2.31734E+14,1
2.31734E+14,2
2.31734E+14,2
2.31734E+14,2
2.31734E+14,1
2.31734E+14,1
2.31734E+14,2
2.31734E+14,1
2.31734E+14,2
2.31735E+14,2
2.31735E+14,2
2.31735E+14,1
2.31735E+14,1
2.31735E+14,1
2.31735E+14,1
2.31735E+14,1
2.31735E+14,1
2.31735E+14,2
2.31735E+14,1
2.31735E+14,1
2.31735E+14,1
2.31735E+14,1
2.31735E+14,1
2.31735E+14,1
2.31735E+14,1
2.31735E+14,1
2.31735E+14,1
2.31735E+14,1
2.31735E+14,1
2.31735E+14,1
2.31735E+14,1
2.31735E+14,1
2.31735E+14,1
2.31735E+14,1
2.31735E+14,1
2.31735E+14,1
2.31735E+14,2
2.31735E+14,1
2.31735E+14,1
2.31735E+14,1
2.31735E+14,1
2.31735E+14,2
2.31735E+14,1
2.31735E+14,1
2.31735E+14,1
2.31735E+14,1
2.31735E+14,1
2.31735E+14,2
2.31735E+14,1
2.31735E+14,1
2.31735E+14,1
2.31735E+14,1
2.31735E+14,1
2.31735E+14,1
2.31735E+14,1
2.31735E+14,2
2.31735E+14,2
2.31735E+14,1
2.31735E+14,1
2.31735E+14,1
2.31735E+14,1
2.31735E+14,1
2.31735E+14,1
2.31735E+14,1
2.31735E+14,1
2.31735E+14,1
2.33042E+14,2
2.33042E+14,2
2.33042E+14,2
2.33042E+14,2
2.33042E+14,2
2.33042E+14,2
2.33042E+14,2
2.33042E+14,2
2.33042E+14,2
2.33042E+14,2
2.33042E+14,2
2.33042E+14,2
2.33042E+14,2
2.33042E+14,2
2.33042E+14,2
2.33042E+14,2
2.33042E+14,2
2.33923E+14,5
2.33923E+14,4
2.33923E+14,4
2.33923E+14,4
2.33923E+14,4
2.33923E+14,3
2.33923E+14,4
2.33923E+14,4
2.33923E+14,4
2.33923E+14,3
2.33923E+14,4
2.33923E+14,3
2.33923E+14,3
2.33923E+14,3
2.33923E+14,3
2.33923E+14,3
2.33924E+14,3
2.33924E+14,3
2.33924E+14,3
2.33924E+14,3
2.33924E+14,2
2.33924E+14,3
2.33924E+14,2
2.33924E+14,2
2.34192E+14,1
2.34192E+14,1
2.34192E+14,1
2.34192E+14,2
2.34192E+14,1
2.34192E+14,1
2.34192E+14,1
2.34192E+14,1
2.34192E+14,1
2.34192E+14,1
2.34192E+14,1
2.34192E+14,1
2.34192E+14,1
2.34192E+14,1
2.34192E+14,1
2.34193E+14,1
2.34193E+14,1
2.34193E+14,1
2.34193E+14,1
2.34193E+14,1
2.34193E+14,1
2.34193E+14,1
2.34193E+14,1
2.34193E+14,2
2.34193E+14,2
2.34193E+14,2
2.34193E+14,1
2.34193E+14,1
2.34193E+14,1
2.34193E+14,2
2.34193E+14,2
2.34193E+14,2
2.34193E+14,2
2.34193E+14,2
2.34193E+14,2
2.34193E+14,2
2.34193E+14,1
2.34193E+14,1
2.34193E+14,1
2.34193E+14,1
2.34193E+14,2
2.34193E+14,1
2.34193E+14,2
2.34193E+14,1
2.34193E+14,1
2.34193E+14,2
2.34193E+14,2
2.34193E+14,1
2.34193E+14,2
2.34193E+14,2
2.34193E+14,2
2.34193E+14,2
2.34193E+14,2
2.34193E+14,2
2.34193E+14,1
2.34193E+14,2
2.34193E+14,2
2.34193E+14,2
2.34193E+14,2
2.34193E+14,2
2.34193E+14,2
2.34194E+14,2
2.34194E+14,2
2.34194E+14,1
2.34194E+14,1
2.36339E+14,1
2.36339E+14,1
2.36339E+14,1
2.36339E+14,1
2.36339E+14,1
2.36339E+14,1
2.36339E+14,1
2.36339E+14,1
2.36339E+14,1
2.36339E+14,1
2.36339E+14,2
2.36339E+14,2
2.36339E+14,3
2.36339E+14,2
2.36339E+14,2
2.36339E+14,2
2.36339E+14,2
2.36339E+14,3
2.36339E+14,2
2.36339E+14,2
2.3634E+14,2
2.3634E+14,2
2.3634E+14,2
2.36495E+14,2
2.36496E+14,2
2.36496E+14,2
2.36496E+14,1
2.36496E+14,2
2.36496E+14,2
2.36496E+14,2
2.36496E+14,3
2.36496E+14,3
2.36496E+14,3
2.36497E+14,3
2.36497E+14,3
2.36497E+14,3
2.36497E+14,3
2.36497E+14,3
2.36497E+14,3
2.36497E+14,3
2.36497E+14,2
2.36497E+14,3
2.36498E+14,3
2.36498E+14,3
2.36616E+14,2
2.36616E+14,2
2.36616E+14,2
2.36616E+14,2
2.36616E+14,2
2.36616E+14,2
2.36616E+14,2
2.36617E+14,2
2.36617E+14,2
2.36617E+14,2
2.36617E+14,2
2.36617E+14,2
2.36617E+14,2
2.36617E+14,2
2.36617E+14,2
2.36617E+14,2
2.36617E+14,2
2.36617E+14,2
2.36617E+14,2
2.36617E+14,2
2.36617E+14,2
2.36617E+14,2
2.36617E+14,2
2.36617E+14,2
2.36617E+14,2
2.36617E+14,2
2.36617E+14,2
2.36617E+14,2
2.36617E+14,2
2.36617E+14,2
2.36617E+14,2
2.36617E+14,1
2.36617E+14,2
2.36617E+14,2
2.36617E+14,2
2.36617E+14,2
2.36617E+14,2
2.36617E+14,2
2.36617E+14,2
2.36617E+14,2
2.36617E+14,2
2.36617E+14,2
2.36617E+14,2
2.36617E+14,2
2.36617E+14,2
2.36617E+14,2
2.36617E+14,2
2.36617E+14,2
2.36617E+14,2
2.36617E+14,2
2.36617E+14,2
2.36617E+14,2
2.36617E+14,2
2.36618E+14,2
2.36618E+14,2
2.36618E+14,2
2.36618E+14,2
2.36618E+14,2
2.36618E+14,2
2.36618E+14,2
2.36618E+14,2
2.36618E+14,2
2.36618E+14,2
2.36618E+14,2
2.36618E+14,2
2.36618E+14,2
2.36618E+14,2
2.36618E+14,2
2.36618E+14,3
2.36618E+14,3
2.42374E+14,2
2.42374E+14,2
2.42374E+14,2
2.42374E+14,2
2.42374E+14,2
2.42374E+14,2
2.42374E+14,2
2.42374E+14,2
2.42374E+14,2
2.42374E+14,2
2.42374E+14,2
2.42374E+14,2
2.42374E+14,2
2.42374E+14,2
2.42374E+14,2
2.42374E+14,2
2.42374E+14,2
2.42374E+14,2
2.42374E+14,2
2.42374E+14,2
2.42374E+14,2
2.42374E+14,2
2.42374E+14,2
2.42374E+14,2
2.42374E+14,2
2.42374E+14,2
2.42374E+14,2
2.42374E+14,2
2.42374E+14,2
2.42374E+14,2
2.42374E+14,2
2.42374E+14,2
2.42374E+14,2
2.42374E+14,2
2.42374E+14,2
2.42374E+14,2
2.42374E+14,2
2.42374E+14,2
2.42374E+14,2
2.42374E+14,2
2.42375E+14,3
2.42375E+14,6
2.42375E+14,6
2.42376E+14,3
2.42376E+14,3
2.42376E+14,4
2.42376E+14,4
2.42379E+14,2
2.42379E+14,2
2.42379E+14,2
2.42379E+14,2
2.4238E+14,3
2.4238E+14,1
2.4238E+14,2
2.4238E+14,1
2.4238E+14,1
2.4238E+14,1
2.4238E+14,1
2.4238E+14,2
2.4238E+14,1
2.4238E+14,1
2.4238E+14,1
2.4238E+14,1
2.4238E+14,1
2.43882E+14,1
2.43882E+14,1
2.43882E+14,2
2.43882E+14,1
2.43882E+14,1
2.43882E+14,1
2.43882E+14,1
2.43882E+14,2
2.43882E+14,1
2.43882E+14,1
2.43882E+14,1
2.43882E+14,1
2.43882E+14,1
2.43882E+14,1
2.43882E+14,1
2.43882E+14,1
2.43882E+14,1
2.43882E+14,1
2.43882E+14,1
2.43882E+14,1
2.43882E+14,1
2.43882E+14,1
2.43882E+14,1
2.43882E+14,1
2.43882E+14,1
2.43882E+14,1
2.43882E+14,1
2.43882E+14,1
2.43882E+14,1
2.43882E+14,1
2.43883E+14,1
2.43883E+14,1
2.43883E+14,1
2.43883E+14,1
2.43883E+14,1
2.43883E+14,1
2.43883E+14,1
2.43883E+14,1
2.43883E+14,1
2.43883E+14,1
2.43883E+14,2
2.43883E+14,2
2.43883E+14,2
2.43883E+14,1
2.43883E+14,1
2.43883E+14,1
2.43883E+14,1
2.43883E+14,1
2.43883E+14,1
2.43883E+14,1
2.43883E+14,1
2.43883E+14,1
2.43883E+14,1
2.43883E+14,1
2.43883E+14,1
2.43883E+14,1
2.43883E+14,1
2.43883E+14,1
2.43883E+14,1
2.43883E+14,1
2.43883E+14,1
2.43883E+14,1
2.43883E+14,1
2.43883E+14,1
2.43883E+14,1
2.43883E+14,1
2.43883E+14,1
2.43883E+14,1
2.43883E+14,1
2.43883E+14,1
2.43883E+14,1
2.43883E+14,1
2.43883E+14,1
2.43883E+14,1
2.43883E+14,1
2.43883E+14,1
2.43883E+14,1
2.43883E+14,1
2.43883E+14,1
2.43883E+14,1
2.43883E+14,1
2.43883E+14,1
2.43883E+14,1
2.43883E+14,1
2.43883E+14,1
2.43883E+14,1
2.43883E+14,2
2.43883E+14,2
2.43883E+14,2
2.43883E+14,2
2.43883E+14,2
2.43883E+14,2
2.43883E+14,1
2.43883E+14,1
2.43883E+14,1
2.43883E+14,1
2.43883E+14,1
2.43883E+14,1
2.43883E+14,1
2.43883E+14,1
2.43883E+14,1
2.43883E+14,1
2.43883E+14,1
2.43883E+14,1
2.43883E+14,1
2.43883E+14,1
2.43883E+14,1
2.43883E+14,1
2.43883E+14,1
2.43883E+14,1
2.43883E+14,1
2.43883E+14,1
2.43883E+14,1
2.43883E+14,1
2.43883E+14,1
2.43883E+14,1
2.43883E+14,1
2.43883E+14,1
2.43883E+14,1
2.43883E+14,1
2.43883E+14,1
2.43883E+14,1
2.43883E+14,1
2.43883E+14,1
2.43883E+14,1
2.43883E+14,1
2.43883E+14,1
2.43883E+14,1
2.43883E+14,1
2.43883E+14,1
2.43883E+14,1
2.43883E+14,1
2.43883E+14,1
2.43883E+14,1
2.43883E+14,1
2.43883E+14,1
2.43883E+14,1
2.43883E+14,1
2.43883E+14,1
2.43883E+14,1
2.43883E+14,1
2.43883E+14,1
2.43883E+14,1
2.43883E+14,1
2.43883E+14,1
2.43883E+14,1
2.43883E+14,1
2.43883E+14,2
2.43883E+14,2
2.43883E+14,2
2.43883E+14,1
2.43883E+14,1
2.43883E+14,2
2.43883E+14,1
2.43883E+14,2
2.43883E+14,1
2.43883E+14,1
2.44683E+14,4
2.44683E+14,7
2.44684E+14,2
2.45013E+14,5
2.45013E+14,5
2.45013E+14,4
2.45013E+14,5
2.45013E+14,6
2.45013E+14,5
2.45013E+14,4
2.45103E+14,4
2.45103E+14,7
2.45103E+14,6
2.45103E+14,7
2.45103E+14,5
2.45103E+14,5
2.45103E+14,6
2.45103E+14,5
2.45103E+14,7
2.45103E+14,6
2.45103E+14,5
2.45103E+14,6
2.45103E+14,8
2.45104E+14,7
2.45104E+14,7
2.45104E+14,7
2.45105E+14,4
2.45357E+14,1
2.45357E+14,2
2.45363E+14,7
2.45363E+14,7
2.45364E+14,6
2.45364E+14,5
2.45364E+14,5
2.45526E+14,2
2.45526E+14,2
2.45526E+14,2
2.45526E+14,2
2.45526E+14,2
2.45526E+14,2
2.45526E+14,2
2.45526E+14,2
2.45627E+14,3
2.45627E+14,2
2.45627E+14,3
2.45627E+14,3
2.45627E+14,2
2.45627E+14,2
2.45627E+14,2
2.45628E+14,2
2.45628E+14,2
2.45628E+14,2
2.45628E+14,2
2.45628E+14,2
2.45628E+14,2
2.45628E+14,2
2.45628E+14,2
2.45628E+14,2
2.45791E+14,2
2.45791E+14,1
2.45791E+14,1
2.45791E+14,1
2.45791E+14,2
2.45791E+14,2
2.45791E+14,1
2.45791E+14,2
2.45791E+14,1
2.45791E+14,1
2.45791E+14,1
2.45791E+14,2
2.45791E+14,1
2.45791E+14,1
2.45791E+14,2
2.45791E+14,1
2.45791E+14,1
2.45791E+14,1
2.45791E+14,1
2.45791E+14,1
2.45791E+14,2
2.45791E+14,1
2.45791E+14,1
2.45791E+14,1
2.45791E+14,1
2.45791E+14,1
2.45791E+14,1
2.45791E+14,2
2.45791E+14,1
2.45791E+14,1
2.45791E+14,1
2.45791E+14,2
2.45791E+14,1
2.45791E+14,1
2.45791E+14,1
2.45791E+14,1
2.45791E+14,1
2.45791E+14,1
2.45791E+14,1
2.45791E+14,1
2.45791E+14,1
2.45791E+14,1
2.45791E+14,1
2.45791E+14,1
2.45791E+14,1
2.45791E+14,1
2.45791E+14,1
2.45791E+14,1
2.45791E+14,1
2.45791E+14,1
2.45791E+14,1
2.45791E+14,1
2.45791E+14,1
2.45791E+14,1
2.45791E+14,1
2.45791E+14,2
2.45791E+14,1
2.45791E+14,1
2.45791E+14,1
2.45791E+14,1
2.45791E+14,1
2.45791E+14,1
2.45791E+14,1
2.45791E+14,1
2.45791E+14,1
2.45791E+14,2
2.45791E+14,1
2.45791E+14,2
2.45791E+14,2
2.45791E+14,1
2.45791E+14,1
2.45791E+14,1
2.45791E+14,1
2.45791E+14,1
2.45792E+14,2
2.45792E+14,2
2.45792E+14,2
2.45792E+14,2
2.45792E+14,1
2.45792E+14,2
2.45792E+14,1
2.45792E+14,1
2.45792E+14,1
2.45792E+14,1
2.45792E+14,1
2.45792E+14,1
2.45792E+14,2
2.45792E+14,2
2.45792E+14,2
2.45792E+14,2
2.45792E+14,1
2.45792E+14,2
2.45792E+14,1
2.45792E+14,2
2.45792E+14,1
2.45792E+14,2
2.45792E+14,2
2.45792E+14,1
2.45792E+14,1
2.45792E+14,1
2.45792E+14,1
2.45792E+14,1
2.45792E+14,1
2.45792E+14,1
2.45792E+14,1
2.45792E+14,1
2.45792E+14,1
2.45792E+14,1
2.45792E+14,1
2.45792E+14,1
2.45792E+14,2
2.45792E+14,2
2.45792E+14,2
2.45792E+14,1
2.45792E+14,2
2.45792E+14,2
2.45792E+14,2
2.45792E+14,2
2.45792E+14,2
2.45792E+14,2
2.45792E+14,2
2.45792E+14,2
2.45792E+14,1
2.45792E+14,1
2.45792E+14,1
2.45794E+14,1
2.45794E+14,1
2.45794E+14,1
2.45794E+14,1
2.45794E+14,1
2.45794E+14,1
2.45794E+14,1
2.45794E+14,2
2.45794E+14,2
2.45794E+14,2
2.45794E+14,2
2.45794E+14,1
2.45794E+14,1
2.45794E+14,4
2.45794E+14,3
2.45794E+14,3
2.45794E+14,3
2.45794E+14,2
2.45794E+14,3
2.45794E+14,3
2.45794E+14,3
2.45794E+14,2
2.45794E+14,2
2.45795E+14,2
2.45795E+14,2
2.45795E+14,2
2.45795E+14,2
2.45795E+14,2
2.45795E+14,2
2.45795E+14,1
2.45795E+14,1
2.45795E+14,1
2.45795E+14,1
2.45795E+14,1
2.45795E+14,1
2.45795E+14,1
2.45795E+14,1
2.47006E+14,1
2.47006E+14,2
2.47006E+14,1
2.47006E+14,2
2.47006E+14,2
2.47006E+14,2
2.47006E+14,2
2.47006E+14,2
2.47006E+14,2
2.47006E+14,2
2.47006E+14,2
2.47006E+14,2
2.47006E+14,1
2.47006E+14,1
2.47006E+14,1
2.47006E+14,1
2.47006E+14,1
2.47006E+14,2
2.47006E+14,2
2.47006E+14,2
2.47006E+14,2
2.47006E+14,2
2.47006E+14,2
2.47006E+14,2
2.47006E+14,2
2.47006E+14,2
2.47006E+14,2
2.47006E+14,2
2.47006E+14,2
2.47006E+14,1
2.47006E+14,1
2.47006E+14,1
2.47006E+14,1
2.47006E+14,1
2.47006E+14,1
2.47006E+14,1
2.47006E+14,1
2.47006E+14,1
2.47006E+14,1
2.47006E+14,1
2.47006E+14,1
2.47006E+14,1
2.47006E+14,1
2.47006E+14,1
2.47006E+14,1
2.47006E+14,1
2.47006E+14,1
2.47006E+14,1
2.47006E+14,1
2.47006E+14,1
2.47006E+14,1
2.47006E+14,1
2.47006E+14,2
2.47006E+14,1
2.47006E+14,2
2.47006E+14,2
2.47006E+14,2
2.47006E+14,1
2.47006E+14,1
2.47007E+14,1
2.47007E+14,1
2.47007E+14,2
2.47007E+14,2
2.47007E+14,2
2.47007E+14,2
2.47007E+14,2
2.47007E+14,1
2.47007E+14,1
2.47007E+14,1
2.47007E+14,1
2.47007E+14,1
2.47007E+14,1
2.47007E+14,1
2.47007E+14,1
2.47007E+14,1
2.47007E+14,1
2.47007E+14,1
2.47007E+14,1
2.47007E+14,1
2.47007E+14,1
2.47007E+14,2
2.47007E+14,2
2.47007E+14,1
2.47007E+14,2
2.47007E+14,1
2.47007E+14,2
2.47007E+14,2
2.47007E+14,2
2.47007E+14,2
2.47007E+14,1
2.47007E+14,2
2.47007E+14,2
2.47007E+14,2
2.47007E+14,1
2.47007E+14,2
2.47007E+14,2
2.47007E+14,2
2.47007E+14,2
2.47007E+14,2
2.47007E+14,2
2.47007E+14,2
2.47007E+14,2
2.47007E+14,2
2.47007E+14,1
2.47007E+14,1
2.47007E+14,2
2.47007E+14,1
2.47007E+14,2
2.47007E+14,2
2.47007E+14,2
2.47007E+14,2
2.47007E+14,2
2.47007E+14,2
2.47007E+14,2
2.47007E+14,2
2.47007E+14,2
2.47007E+14,2
2.47007E+14,2
2.47007E+14,2
2.47007E+14,2
2.47007E+14,2
2.47007E+14,2
2.47007E+14,2
2.47007E+14,2
2.47007E+14,2
2.47007E+14,2
2.47007E+14,2
2.47007E+14,2
2.47007E+14,2
2.47007E+14,2
2.47007E+14,2
2.47007E+14,2
2.47007E+14,2
2.47007E+14,2
2.47007E+14,2
2.47007E+14,2
2.47007E+14,2
2.47007E+14,2
2.47007E+14,2
2.47007E+14,2
2.47007E+14,2
2.47007E+14,2
2.47007E+14,2
2.47007E+14,2
2.47007E+14,2
2.47007E+14,2
2.47007E+14,2
2.47007E+14,2
2.47007E+14,1
2.47007E+14,1
2.4705E+14,2
2.4705E+14,2
2.4705E+14,1
2.4705E+14,2
2.4705E+14,1
2.4705E+14,1
2.4705E+14,1
2.4705E+14,1
2.4705E+14,1
2.4705E+14,1
2.4705E+14,1
2.4705E+14,2
2.4705E+14,2
2.4705E+14,2
2.4705E+14,1
2.4705E+14,1
2.4705E+14,1
2.4705E+14,1
2.4705E+14,1
2.4705E+14,1
2.4705E+14,1
2.47051E+14,2
2.47051E+14,3
2.47052E+14,5
2.47052E+14,4
2.47052E+14,4
2.47052E+14,5
2.47052E+14,5
2.47052E+14,4
2.47052E+14,3
2.47052E+14,4
2.47052E+14,4
2.47052E+14,3
2.47052E+14,3
2.47052E+14,3
2.47053E+14,3
2.47056E+14,1
2.47056E+14,1
2.47056E+14,1
2.47056E+14,1
2.47056E+14,1
2.47056E+14,1
2.47056E+14,1
2.47056E+14,1
2.47057E+14,1
2.47057E+14,1
2.47057E+14,1
2.47057E+14,1
2.47057E+14,1
2.47057E+14,2
2.47057E+14,1
2.47057E+14,1
2.47057E+14,1
2.47057E+14,1
2.47057E+14,1
2.47057E+14,1
2.47057E+14,1
2.47057E+14,2
2.47057E+14,1
2.47057E+14,1
2.47057E+14,2
2.47057E+14,1
2.47057E+14,2
2.47057E+14,1
2.47057E+14,2
2.47057E+14,3
2.47057E+14,2
2.47057E+14,1
2.47057E+14,1
2.47057E+14,1
2.47057E+14,2
2.47057E+14,2
2.47057E+14,1
2.47057E+14,2
2.47057E+14,2
2.47057E+14,2
2.47057E+14,2
2.47057E+14,2
2.47057E+14,2
2.47057E+14,2
2.47057E+14,2
2.47057E+14,3
2.47057E+14,3
2.47057E+14,3
2.47057E+14,2
2.47057E+14,3
2.47057E+14,2
2.47057E+14,2
2.47057E+14,2
2.47057E+14,2
2.47057E+14,1
2.47057E+14,1
2.47057E+14,1
2.47057E+14,1
2.47057E+14,1
2.47057E+14,1
2.47057E+14,1
2.47057E+14,2
2.47057E+14,2
2.47057E+14,1
2.47057E+14,1
2.47057E+14,1
2.47057E+14,1
2.47057E+14,1
2.47057E+14,1
2.47057E+14,1
2.47057E+14,1
2.47057E+14,1
2.47057E+14,1
2.47057E+14,1
2.47057E+14,1
2.47057E+14,1
2.47057E+14,1
2.47057E+14,1
2.47057E+14,1
2.47057E+14,1
2.47057E+14,1
2.47057E+14,1
2.47057E+14,1
2.47057E+14,1
2.47057E+14,1
2.47057E+14,2
2.47057E+14,2
2.47057E+14,2
2.47057E+14,2
2.47057E+14,2
2.47057E+14,2
2.47057E+14,2
2.47058E+14,2
2.47058E+14,2
2.47058E+14,2
2.47058E+14,1
2.47058E+14,1
2.47058E+14,5
2.47059E+14,5
2.47059E+14,6
2.47059E+14,5
2.47059E+14,6
2.47059E+14,4
2.47059E+14,6
2.47059E+14,4
2.47059E+14,3
2.47059E+14,3
2.47059E+14,3
2.47061E+14,1
2.47061E+14,1
2.47061E+14,1
2.47061E+14,1
2.47061E+14,1
2.47061E+14,1
2.47061E+14,1
2.47061E+14,1
2.47061E+14,1
2.47061E+14,1
2.47061E+14,1
2.47061E+14,1
2.47061E+14,1
2.47061E+14,1
2.47061E+14,1
2.47061E+14,1
2.47061E+14,1
2.47061E+14,1
2.47061E+14,1
2.47061E+14,1
2.47061E+14,1
2.47061E+14,1
2.47061E+14,1
2.47061E+14,1
2.47061E+14,1
2.47061E+14,1
2.47061E+14,1
2.47061E+14,1
2.47061E+14,1
2.47061E+14,1
2.47061E+14,1
2.47061E+14,1
2.47061E+14,1
2.47061E+14,1
2.47061E+14,1
2.47061E+14,1
2.47061E+14,1
2.47061E+14,1
2.47061E+14,1
2.47061E+14,1
2.47061E+14,1
2.47061E+14,1
2.47061E+14,1
2.47061E+14,1
2.47061E+14,1
2.47061E+14,1
2.47061E+14,1
2.47061E+14,1
2.47061E+14,2
2.47061E+14,1
2.47061E+14,2
2.47061E+14,1
2.47061E+14,1
2.47061E+14,1
2.47061E+14,1
2.47061E+14,2
2.47061E+14,2
2.47061E+14,1
2.47062E+14,1
2.47062E+14,1
2.47062E+14,2
2.47062E+14,2
2.47062E+14,1
2.47062E+14,2
2.47062E+14,1
2.47062E+14,2
2.47062E+14,1
2.47062E+14,1
2.47062E+14,1
2.47062E+14,1
2.47062E+14,1
2.47062E+14,1
2.47062E+14,1
2.47062E+14,1
2.47062E+14,1
2.47062E+14,1
2.47062E+14,1
2.47062E+14,1
2.47062E+14,1
2.47062E+14,1
2.47062E+14,2
2.47062E+14,1
2.47062E+14,1
2.47062E+14,1
2.47062E+14,1
2.47062E+14,1
2.47062E+14,1
2.47062E+14,1
2.47062E+14,2
2.47062E+14,1
2.47062E+14,2
2.47062E+14,1
2.47062E+14,1
2.47062E+14,1
2.47062E+14,1
2.47062E+14,1
2.47062E+14,2
2.47062E+14,1
2.47062E+14,1
2.47062E+14,1
2.47062E+14,1
2.47062E+14,2
2.47062E+14,1
2.47062E+14,2
2.47062E+14,1
2.47062E+14,1
2.47062E+14,1
2.47062E+14,1
2.47062E+14,1
2.47063E+14,2
2.47063E+14,1
2.47063E+14,1
2.47063E+14,1
2.47063E+14,1
2.47063E+14,1
2.47063E+14,1
2.47063E+14,1
2.47063E+14,1
2.47063E+14,1
2.47063E+14,1
2.47063E+14,1
2.47063E+14,1
2.47063E+14,1
2.47063E+14,1
2.47063E+14,1
2.47063E+14,1
2.47063E+14,1
2.47063E+14,1
2.47063E+14,1
2.47063E+14,1
2.47063E+14,1
2.47063E+14,1
2.47063E+14,1
2.47063E+14,1
2.47063E+14,1
2.47063E+14,1
2.47063E+14,1
2.47063E+14,1
2.47063E+14,1
2.47063E+14,1
2.47063E+14,1
2.47063E+14,1
2.47063E+14,1
2.47063E+14,1
2.47063E+14,1
2.47063E+14,1
2.47063E+14,1
2.47063E+14,1
2.47063E+14,1
2.47063E+14,1
2.47063E+14,1
2.47063E+14,1
2.47063E+14,1
2.47063E+14,1
2.47063E+14,1
2.47063E+14,1
2.47063E+14,1
2.47063E+14,1
2.47063E+14,1
2.47063E+14,1
2.47063E+14,1
2.47063E+14,1
2.47063E+14,1
2.47063E+14,1
2.47063E+14,1
2.47063E+14,1
2.47063E+14,1
2.47063E+14,1
2.47063E+14,1
2.47063E+14,1
2.47063E+14,1
2.47063E+14,1
2.47063E+14,1
2.47063E+14,2
2.47063E+14,1
2.47063E+14,2
2.47063E+14,1
2.47063E+14,1
2.47063E+14,1
2.47063E+14,1
2.47063E+14,1
2.47063E+14,1
2.47063E+14,1
2.47063E+14,1
2.47063E+14,1
2.47063E+14,1
2.47063E+14,1
2.47063E+14,1
2.47063E+14,1
2.47063E+14,1
2.47063E+14,1
2.47063E+14,1
2.47063E+14,1
2.47063E+14,1
2.47063E+14,1
2.47063E+14,1
2.47063E+14,1
2.47063E+14,1
2.47063E+14,1
2.47063E+14,1
2.47063E+14,1
2.47063E+14,1
2.47063E+14,1
2.47063E+14,1
2.47063E+14,1
2.47063E+14,1
2.47063E+14,1
2.47063E+14,1
2.47063E+14,1
2.47063E+14,1
2.47063E+14,1
2.47063E+14,1
2.47063E+14,1
2.47063E+14,1
2.47063E+14,1
2.47063E+14,1
2.47063E+14,1
2.47063E+14,1
2.47063E+14,2
2.47063E+14,2
2.47063E+14,1
2.47063E+14,1
2.47063E+14,1
2.47063E+14,1
2.47063E+14,1
2.47063E+14,1
2.47063E+14,1
2.47063E+14,1
2.47063E+14,1
2.47063E+14,1
2.47063E+14,1
2.47063E+14,1
2.47063E+14,1
2.47063E+14,1
2.47063E+14,1
2.47063E+14,1
2.47063E+14,1
2.47063E+14,1
2.47063E+14,1
2.47063E+14,1
2.47063E+14,1
2.47063E+14,1
2.47063E+14,1
2.47063E+14,1
2.47063E+14,1
2.47063E+14,1
2.47063E+14,1
2.47063E+14,1
2.47063E+14,2
2.47063E+14,1
2.47063E+14,1
2.47063E+14,1
2.47063E+14,1
2.47063E+14,2
2.47063E+14,2
2.47063E+14,2
2.47063E+14,2
2.47063E+14,2
2.47063E+14,2
2.47063E+14,2
2.47063E+14,2
2.47063E+14,2
2.47063E+14,2
2.47063E+14,2
2.47063E+14,2
2.47063E+14,2
2.47063E+14,2
2.47063E+14,2
2.47063E+14,2
2.47063E+14,2
2.47063E+14,2
2.47063E+14,2
2.47063E+14,2
2.47064E+14,2
2.47064E+14,2
2.47064E+14,2
2.47064E+14,2
2.47064E+14,2
2.47064E+14,2
2.47064E+14,2
2.47064E+14,2
2.47064E+14,2
2.47064E+14,2
2.47064E+14,2
2.47064E+14,2
2.47064E+14,2
2.47064E+14,2
2.47064E+14,1
2.47064E+14,1
2.47064E+14,2
2.47064E+14,2
2.47064E+14,2
2.47064E+14,2
2.47064E+14,1
2.47064E+14,1
2.47064E+14,2
2.47064E+14,1
2.47064E+14,1
2.47064E+14,2
2.47064E+14,2
2.47064E+14,2
2.47064E+14,1
2.47064E+14,2
2.47064E+14,2
2.47064E+14,2
2.47064E+14,2
2.47064E+14,2
2.47064E+14,2
2.47064E+14,2
2.47064E+14,2
2.47064E+14,2
2.47064E+14,2
2.47064E+14,2
2.47064E+14,1
2.47064E+14,2
2.47064E+14,1
2.47064E+14,2
2.47064E+14,2
2.47065E+14,1
2.47065E+14,1
2.47065E+14,1
2.47065E+14,1
2.47065E+14,1
2.47065E+14,1
2.47065E+14,1
2.47065E+14,1
2.47065E+14,1
2.47065E+14,1
2.47065E+14,1
2.47065E+14,1
2.47065E+14,1
2.47065E+14,1
2.47065E+14,1
2.47065E+14,1
2.47065E+14,1
2.47065E+14,1
2.47065E+14,1
2.47065E+14,1
2.47065E+14,1
2.47065E+14,1
2.47065E+14,1
2.47065E+14,1
2.47065E+14,1
2.47065E+14,1
2.47065E+14,1
2.47065E+14,1
2.47065E+14,1
2.47065E+14,1
2.47065E+14,1
2.47065E+14,1
2.47065E+14,1
2.47065E+14,1
2.47065E+14,1
2.47065E+14,1
2.47065E+14,1
2.47065E+14,1
2.47065E+14,1
2.47065E+14,1
2.47065E+14,1
2.47065E+14,1
2.47065E+14,1
2.47065E+14,1
2.47065E+14,1
2.47065E+14,1
2.47065E+14,1
2.47065E+14,1
2.47065E+14,1
2.47065E+14,1
2.47065E+14,1
2.47065E+14,1
2.47065E+14,1
2.47065E+14,1
2.47065E+14,1
2.47065E+14,1
2.47065E+14,1
2.47065E+14,1
2.47065E+14,1
2.47065E+14,1
2.47065E+14,1
2.47065E+14,1
2.47065E+14,1
2.47065E+14,1
2.47065E+14,1
2.47065E+14,2
2.47065E+14,2
2.47065E+14,1
2.47065E+14,1
2.47065E+14,1
2.47065E+14,1
2.47065E+14,2
2.47065E+14,1
2.47065E+14,1
2.47065E+14,2
2.47065E+14,1
2.47065E+14,1
2.47065E+14,2
2.47065E+14,1
2.47065E+14,1
2.47065E+14,1
2.47065E+14,1
2.47065E+14,1
2.47065E+14,1
2.47065E+14,1
2.47065E+14,1
2.47065E+14,1
2.47065E+14,1
2.47065E+14,1
2.47065E+14,1
2.47065E+14,1
2.47065E+14,1
2.47065E+14,1
2.47065E+14,1
2.47065E+14,1
2.47065E+14,1
2.47065E+14,1
2.47065E+14,1
2.47065E+14,1
2.47065E+14,1
2.47065E+14,2
2.47065E+14,1
2.47065E+14,2
2.47065E+14,1
2.47065E+14,1
2.47065E+14,1
2.47065E+14,1
2.47065E+14,1
2.47065E+14,1
2.47065E+14,1
2.47065E+14,1
2.47065E+14,1
2.47065E+14,1
2.47065E+14,1
2.47065E+14,1
2.47065E+14,1
2.47065E+14,1
2.47065E+14,1
2.47065E+14,1
2.47065E+14,1
2.47065E+14,1
2.47065E+14,1
2.47065E+14,1
2.47065E+14,1
2.47065E+14,1
2.47065E+14,1
2.47065E+14,1
2.47065E+14,1
2.47066E+14,1
2.47066E+14,1
2.47066E+14,1
2.47066E+14,1
2.47066E+14,1
2.47066E+14,1
2.47066E+14,1
2.47066E+14,1
2.47066E+14,1
2.47066E+14,1
2.47066E+14,1
2.47066E+14,2
2.47066E+14,1
2.47066E+14,1
2.47066E+14,1
2.47066E+14,1
2.47066E+14,1
2.47066E+14,1
2.47066E+14,1
2.47066E+14,1
2.47066E+14,1
2.47066E+14,1
2.47066E+14,1
2.47066E+14,1
2.47066E+14,1
2.47066E+14,1
2.47066E+14,1
2.47066E+14,1
2.47066E+14,2
2.47066E+14,1
2.47066E+14,1
2.47066E+14,1
2.47066E+14,1
2.47066E+14,1
2.47066E+14,1
2.47066E+14,2
2.47066E+14,2
2.47066E+14,2
2.47066E+14,2
2.47066E+14,2
2.47066E+14,2
2.47066E+14,2
2.47066E+14,1
2.47066E+14,1
2.47066E+14,1
2.47066E+14,1
2.47066E+14,1
2.47066E+14,1
2.47101E+14,2
2.47101E+14,2
2.47101E+14,2
2.47101E+14,3
2.47101E+14,2
2.47101E+14,2
2.47101E+14,2
2.47101E+14,2
2.47101E+14,3
2.47101E+14,2
2.47101E+14,2
2.47101E+14,2
2.47101E+14,2
2.47101E+14,3
2.47101E+14,2
2.47101E+14,2
2.47101E+14,3
2.47101E+14,2
2.47101E+14,2
2.47101E+14,3
2.47101E+14,3
2.47101E+14,3
2.47101E+14,3
2.47101E+14,3
2.47101E+14,3
2.47101E+14,3
2.47101E+14,3
2.47101E+14,3
2.47102E+14,3
2.47102E+14,3
2.47102E+14,3
2.47102E+14,3
2.47102E+14,3
2.47102E+14,3
2.47102E+14,2
2.47102E+14,2
2.47102E+14,2
2.47102E+14,3
2.47102E+14,3
2.47102E+14,3
2.47102E+14,3
2.47102E+14,2
2.47102E+14,2
2.47102E+14,2
2.47102E+14,2
2.47102E+14,2
2.47102E+14,3
2.47102E+14,3
2.47102E+14,3
2.47102E+14,3
2.47102E+14,3
2.47102E+14,3
2.47102E+14,3
2.47102E+14,3
2.47102E+14,3
2.47102E+14,2
2.47102E+14,2
2.47102E+14,2
2.47102E+14,3
2.47102E+14,3
2.47102E+14,3
2.47102E+14,3
2.47102E+14,3
2.47102E+14,3
2.47102E+14,3
2.47102E+14,3
2.47102E+14,2
2.47102E+14,3
2.47102E+14,2
2.47102E+14,2
2.47102E+14,2
2.47102E+14,2
2.47102E+14,3
2.47102E+14,3
2.47102E+14,3
2.47102E+14,3
2.47102E+14,3
2.47102E+14,2
2.47102E+14,3
2.47102E+14,2
2.47102E+14,2
2.47102E+14,3
2.47102E+14,3
2.47102E+14,3
2.47102E+14,2
2.47102E+14,2
2.47102E+14,2
2.47102E+14,2
2.47102E+14,3
2.47102E+14,3
2.47102E+14,2
2.47102E+14,3
2.47102E+14,2
2.47102E+14,2
2.47102E+14,2
2.47102E+14,2
2.47102E+14,3
2.47102E+14,3
2.47102E+14,3
2.47102E+14,2
2.47102E+14,3
2.47102E+14,3
2.47102E+14,2
2.47102E+14,2
2.47102E+14,2
2.47102E+14,2
2.47102E+14,2
2.47102E+14,2
2.47102E+14,2
2.47102E+14,3
2.47102E+14,2
2.47102E+14,2
2.47102E+14,2
2.47102E+14,2
2.47102E+14,2
2.47102E+14,2
2.47102E+14,2
2.47102E+14,2
2.47102E+14,2
2.47102E+14,2
2.47102E+14,3
2.47102E+14,3
2.47102E+14,2
2.47102E+14,2
2.47102E+14,2
2.47102E+14,2
2.47102E+14,2
2.47102E+14,2
2.47102E+14,2
2.47102E+14,2
2.47102E+14,2
2.47102E+14,2
2.47102E+14,2
2.47102E+14,3
2.47102E+14,2
2.47102E+14,2
2.47102E+14,3
2.47102E+14,2
2.47102E+14,2
2.47102E+14,2
2.47102E+14,2
2.47102E+14,2
2.47102E+14,2
2.47102E+14,3
2.47102E+14,2
2.47102E+14,2
2.47102E+14,2
2.47102E+14,2
2.47102E+14,2
2.47102E+14,2
2.47102E+14,2
2.47102E+14,2
2.47102E+14,2
2.47102E+14,2
2.47102E+14,2
2.47102E+14,2
2.47102E+14,3
2.47104E+14,2
2.47104E+14,1
2.47104E+14,1
2.47104E+14,1
2.47104E+14,2
2.47104E+14,1
2.47104E+14,1
2.47104E+14,1
2.47104E+14,1
2.47104E+14,1
2.47104E+14,1
2.47104E+14,1
2.47104E+14,2
2.47104E+14,1
2.47104E+14,2
2.47104E+14,1
2.47104E+14,1
2.47104E+14,1
2.47104E+14,1
2.47104E+14,1
2.47104E+14,1
2.47104E+14,1
2.47104E+14,1
2.47104E+14,1
2.47104E+14,1
2.47104E+14,1
2.47104E+14,1
2.47104E+14,1
2.47104E+14,1
2.47104E+14,1
2.47104E+14,2
2.47104E+14,1
2.47104E+14,1
2.47104E+14,2
2.47104E+14,2
2.47104E+14,1
2.47104E+14,1
2.47104E+14,1
2.47104E+14,1
2.47104E+14,1
2.47104E+14,1
2.47104E+14,1
2.47104E+14,1
2.47105E+14,1
2.47105E+14,1
2.47105E+14,1
2.47105E+14,1
2.47105E+14,1
2.47105E+14,1
2.47105E+14,1
2.47105E+14,1
2.47105E+14,1
2.47105E+14,1
2.47105E+14,1
2.47105E+14,1
2.47105E+14,1
2.47105E+14,1
2.47105E+14,1
2.47105E+14,1
2.47105E+14,1
2.47105E+14,1
2.47105E+14,1
2.47105E+14,1
2.47105E+14,1
2.47105E+14,1
2.47105E+14,2
2.47105E+14,1
2.47105E+14,1
2.47105E+14,1
2.47105E+14,1
2.47105E+14,1
2.47105E+14,1
2.47105E+14,2
2.47105E+14,1
2.47105E+14,1
2.47105E+14,1
2.47105E+14,2
2.47105E+14,2
2.47105E+14,2
2.47105E+14,2
2.47105E+14,1
2.47105E+14,1
2.47105E+14,1
2.47105E+14,1
2.47105E+14,1
2.47105E+14,1
2.47105E+14,1
2.47105E+14,1
2.47105E+14,1
2.47105E+14,1
2.47105E+14,1
2.47105E+14,1
2.47105E+14,2
2.47105E+14,2
2.47105E+14,2
2.47105E+14,2
2.47105E+14,2
2.47105E+14,2
2.47105E+14,1
2.47105E+14,1
2.47105E+14,1
2.47105E+14,1
2.47105E+14,1
2.47105E+14,1
2.47105E+14,1
2.47105E+14,1
2.47105E+14,1
2.47105E+14,1
2.47105E+14,1
2.47105E+14,1
2.47105E+14,1
2.47105E+14,1
2.47105E+14,1
2.47105E+14,2
2.47105E+14,1
2.47105E+14,2
2.47105E+14,2
2.47105E+14,2
2.47105E+14,2
2.47105E+14,1
2.47105E+14,1
2.47105E+14,1
2.47105E+14,2
2.47105E+14,2
2.47105E+14,1
2.47105E+14,2
2.47105E+14,2
2.47105E+14,1
2.47105E+14,1
2.47105E+14,1
2.47105E+14,2
2.47105E+14,1
2.47105E+14,1
2.47105E+14,1
2.47105E+14,1
2.47105E+14,1
2.47105E+14,1
2.47105E+14,1
2.47105E+14,1
2.47105E+14,2
2.47105E+14,1
2.47105E+14,1
2.47105E+14,1
2.47105E+14,1
2.47105E+14,1
2.47105E+14,2
2.47105E+14,1
2.47105E+14,1
2.47105E+14,1
2.47105E+14,1
2.47105E+14,1
2.47105E+14,1
2.47105E+14,1
2.47105E+14,1
2.47105E+14,1
2.47105E+14,1
2.47105E+14,1
2.47105E+14,1
2.47105E+14,2
2.47105E+14,1
2.47105E+14,2
2.47105E+14,1
2.47105E+14,1
2.47105E+14,1
2.47105E+14,1
2.47105E+14,2
2.47105E+14,1
2.47105E+14,1
2.47105E+14,2
2.47105E+14,1
2.47105E+14,2
2.47105E+14,1
2.47105E+14,1
2.47105E+14,1
2.47105E+14,2
2.47108E+14,2
2.47108E+14,2
2.47108E+14,2
2.47108E+14,3
2.47108E+14,2
2.47108E+14,2
2.47108E+14,2
2.47108E+14,2
2.47108E+14,2
2.47108E+14,2
2.47108E+14,3
2.47108E+14,3
2.47108E+14,3
2.47108E+14,2
2.47108E+14,3
2.47108E+14,3
2.47108E+14,2
2.47108E+14,2
2.47109E+14,2
2.47109E+14,2
2.47109E+14,2
2.47109E+14,2
2.47109E+14,2
2.47109E+14,2
2.47109E+14,2
2.47109E+14,3
2.47109E+14,2
2.47109E+14,2
2.47109E+14,2
2.47109E+14,2
2.47109E+14,2
2.47109E+14,2
2.47109E+14,2
2.47109E+14,2
2.47109E+14,2
2.47109E+14,2
2.47109E+14,2
2.47109E+14,2
2.47109E+14,2
2.47109E+14,2
2.47109E+14,2
2.49446E+14,2
2.49672E+14,3
2.49672E+14,2
2.49672E+14,2
2.49673E+14,2
2.49673E+14,2
2.49673E+14,2
2.49673E+14,2
2.49673E+14,2
2.49673E+14,2
2.49673E+14,2
2.49673E+14,2
2.49673E+14,2
2.49673E+14,2
2.49673E+14,2
2.49673E+14,2
2.49673E+14,2
2.49673E+14,2
2.49673E+14,2
2.49673E+14,2
2.49673E+14,2
2.49673E+14,3
2.49673E+14,2
2.49673E+14,3
2.49673E+14,3
2.49674E+14,2
2.49674E+14,2
2.49674E+14,2
2.49674E+14,2
2.49674E+14,3
2.49674E+14,2
2.49674E+14,2
2.49674E+14,3
2.49674E+14,3
2.49674E+14,2
2.49674E+14,4
2.49674E+14,4
2.49674E+14,3
2.49674E+14,4
2.49674E+14,4
2.49676E+14,3
2.49676E+14,3
2.49676E+14,2
2.49676E+14,2
2.49676E+14,2
2.49676E+14,2
2.49676E+14,2
2.49676E+14,2
2.49676E+14,2
2.49676E+14,2
2.49676E+14,2
2.49676E+14,2
2.49676E+14,2
2.49676E+14,2
2.49676E+14,2
2.49676E+14,2
2.49676E+14,2
2.49676E+14,2
2.49881E+14,1
2.49881E+14,1
2.49881E+14,1
2.49881E+14,1
2.49881E+14,1
2.49881E+14,1
2.49881E+14,1
2.49881E+14,1
2.49881E+14,1
2.49881E+14,1
2.49881E+14,1
2.49881E+14,1
2.49881E+14,1
2.49881E+14,1
2.49881E+14,1
2.49881E+14,2
2.49881E+14,2
2.49881E+14,1
2.49881E+14,2
2.49881E+14,1
2.49881E+14,1
2.49881E+14,1
2.49881E+14,1
2.49881E+14,1
2.49881E+14,1
2.49881E+14,1
2.49881E+14,1
2.49881E+14,1
2.49881E+14,1
2.49881E+14,1
2.49881E+14,1
2.49881E+14,1
2.49881E+14,1
2.49881E+14,1
2.49881E+14,1
2.49881E+14,1
2.49881E+14,1
2.49881E+14,2
2.49881E+14,1
2.49881E+14,2
2.49881E+14,1
2.49881E+14,1
2.49881E+14,1
2.49881E+14,1
2.49881E+14,1
2.49881E+14,2
2.49881E+14,1
2.49881E+14,1
2.49881E+14,1
2.49881E+14,1
2.49881E+14,1
2.49881E+14,1
2.49881E+14,1
2.49881E+14,1
2.49881E+14,1
2.49881E+14,1
2.49881E+14,2
2.49881E+14,1
2.49881E+14,1
2.49881E+14,1
2.49881E+14,1
2.49881E+14,1
2.49881E+14,1
2.49881E+14,2
2.49881E+14,1
2.49881E+14,2
2.49881E+14,1
2.49881E+14,1
2.49881E+14,1
2.49881E+14,2
2.49881E+14,1
2.49881E+14,1
2.49881E+14,1
2.49882E+14,2
2.49882E+14,1
2.49882E+14,1
2.49882E+14,2
2.49882E+14,2
2.49882E+14,2
2.49882E+14,2
2.49882E+14,2
2.49882E+14,1
2.49882E+14,1
2.49882E+14,1
2.49882E+14,1
2.49882E+14,2
2.49882E+14,1
2.49982E+14,1
2.49982E+14,2
2.49982E+14,2
2.49982E+14,1
2.49982E+14,1
2.49982E+14,1
2.49982E+14,2
2.49982E+14,1
2.49982E+14,1
2.49982E+14,1
2.49982E+14,1
2.49982E+14,1
2.49982E+14,1
2.49982E+14,1
2.49982E+14,1
2.49982E+14,2
2.49982E+14,1
2.49982E+14,1
2.49982E+14,1
2.49982E+14,1
2.49982E+14,1
2.49982E+14,1
2.49982E+14,1
2.49982E+14,1
2.49982E+14,1
2.49982E+14,1
2.49982E+14,2
2.49982E+14,1
2.49982E+14,2
2.49982E+14,1
2.49982E+14,1
2.49982E+14,1
2.49982E+14,1
2.49982E+14,1
2.49982E+14,1
2.49982E+14,1
2.49982E+14,1
2.49982E+14,1
2.49982E+14,2
2.49982E+14,2
2.49982E+14,2
2.50845E+14,1
2.50845E+14,1
2.50845E+14,1
2.50845E+14,1
2.50845E+14,1
2.50845E+14,1
2.50845E+14,1
2.50845E+14,1
2.50845E+14,1
2.50845E+14,1
2.50845E+14,1
2.50845E+14,1
2.50845E+14,1
2.50845E+14,1
2.50845E+14,1
2.50845E+14,1
2.50845E+14,1
2.50845E+14,1
2.50845E+14,1
2.50845E+14,1
2.50845E+14,1
2.50845E+14,1
2.50845E+14,1
2.50845E+14,1
2.50845E+14,1
2.50845E+14,1
2.50845E+14,1
2.50845E+14,1
2.50845E+14,1
2.50845E+14,1
2.50845E+14,1
2.50845E+14,1
2.51022E+14,1
2.51022E+14,2
2.51022E+14,1
2.51022E+14,2
2.51022E+14,1
2.51022E+14,1
2.51022E+14,2
2.51022E+14,1
2.51022E+14,1
2.51022E+14,2
2.51022E+14,1
2.51022E+14,1
2.51022E+14,1
2.51022E+14,1
2.51022E+14,1
2.51022E+14,1
2.51022E+14,1
2.51022E+14,1
2.51022E+14,1
2.51022E+14,1
2.51022E+14,1
2.51022E+14,1
2.51022E+14,2
2.51022E+14,1
2.51022E+14,1
2.51022E+14,1
2.51022E+14,1
2.51022E+14,1
2.51022E+14,1
2.51022E+14,1
2.51022E+14,1
2.51022E+14,1
2.51022E+14,1
2.51022E+14,1
2.51022E+14,1
2.51022E+14,2
2.51022E+14,1
2.51022E+14,1
2.51022E+14,1
2.51022E+14,2
2.51022E+14,1
2.51022E+14,1
2.51022E+14,1
2.51022E+14,1
2.51022E+14,2
2.51022E+14,2
2.51022E+14,1
2.51022E+14,1
2.51022E+14,2
2.51022E+14,2
2.51022E+14,1
2.51022E+14,1
2.51022E+14,1
2.51022E+14,1
2.51022E+14,1
2.51022E+14,1
2.51022E+14,1
2.51022E+14,1
2.51022E+14,1
2.51022E+14,1
2.51022E+14,1
2.51022E+14,1
2.51022E+14,1
2.51022E+14,1
2.51022E+14,1
2.51022E+14,1
2.51022E+14,1
2.51022E+14,1
2.51022E+14,1
2.51022E+14,1
2.51022E+14,2
2.51022E+14,1
2.51022E+14,1
2.51022E+14,1
2.51022E+14,2
2.51022E+14,2
2.51566E+14,2
2.51566E+14,2
2.51566E+14,2
2.51566E+14,2
2.51566E+14,2
2.51566E+14,2
2.51566E+14,2
2.51566E+14,2
2.51566E+14,2
2.51566E+14,2
2.51566E+14,2
2.51566E+14,2
2.51566E+14,2
2.51566E+14,2
2.51566E+14,2
2.51566E+14,2
2.51566E+14,2
2.51567E+14,2
2.5163E+14,2
2.5163E+14,2
2.5163E+14,1
2.5163E+14,2
2.5163E+14,2
2.51631E+14,2
2.51631E+14,2
2.51631E+14,1
2.51631E+14,2
2.51631E+14,2
2.51631E+14,2
2.51631E+14,2
2.51631E+14,2
2.51631E+14,2
2.51631E+14,2
2.51631E+14,2
2.51631E+14,1
2.51631E+14,2
2.51631E+14,2
2.51633E+14,1
2.51633E+14,1
2.51633E+14,1
2.51633E+14,1
2.51633E+14,1
2.51633E+14,1
2.51633E+14,1
2.51633E+14,1
2.51633E+14,2
2.51633E+14,2
2.51633E+14,1
2.51633E+14,1
2.51633E+14,1
2.51633E+14,1
2.51633E+14,1
2.51633E+14,1
2.51633E+14,1
2.51633E+14,1
2.51633E+14,2
2.51633E+14,2
2.51633E+14,1
2.51633E+14,1
2.51633E+14,1
2.51633E+14,1
2.51633E+14,2
2.51633E+14,1
2.51633E+14,1
2.51633E+14,1
2.51633E+14,1
2.51633E+14,2
2.51633E+14,1
2.51633E+14,1
2.51633E+14,1
2.51633E+14,2
2.51633E+14,1
2.51633E+14,1
2.51633E+14,1
2.51633E+14,1
2.51633E+14,1
2.51633E+14,1
2.51633E+14,1
2.51633E+14,1
2.51633E+14,1
2.51633E+14,2
2.51633E+14,1
2.51633E+14,1
2.51633E+14,1
2.51633E+14,1
2.51633E+14,1
2.51633E+14,1
2.51633E+14,1
2.51633E+14,1
2.51633E+14,1
2.51633E+14,1
2.51633E+14,1
2.51633E+14,1
2.51633E+14,1
2.51633E+14,1
2.51633E+14,1
2.51633E+14,1
2.51633E+14,1
2.51633E+14,1
2.51633E+14,1
2.51633E+14,1
2.51633E+14,1
2.51633E+14,1
2.51633E+14,1
2.51633E+14,1
2.51633E+14,1
2.51633E+14,1
2.51633E+14,1
2.51633E+14,1
2.51633E+14,1
2.51633E+14,1
2.51633E+14,1
2.51633E+14,1
2.51633E+14,1
2.51633E+14,1
2.51633E+14,2
2.51633E+14,1
2.51633E+14,1
2.51633E+14,1
2.51633E+14,1
2.51633E+14,1
2.51923E+14,1
2.51923E+14,1
2.51923E+14,1
2.51923E+14,1
2.51923E+14,1
2.51923E+14,1
2.51923E+14,1
2.51923E+14,1
2.51923E+14,1
2.51923E+14,1
2.51923E+14,1
2.51923E+14,1
2.51923E+14,1
2.51923E+14,1
2.51923E+14,1
2.51923E+14,1
2.51923E+14,1
2.51923E+14,1
2.51923E+14,1
2.51923E+14,1
2.51923E+14,1
2.51923E+14,1
2.51923E+14,1
2.51923E+14,2
2.51923E+14,2
2.51923E+14,1
2.51983E+14,2
2.51983E+14,3
2.51983E+14,3
2.51983E+14,3
2.51983E+14,2
2.51983E+14,2
2.51983E+14,2
2.51983E+14,3
2.51983E+14,3
2.51983E+14,3
2.51984E+14,2
2.51984E+14,2
2.51984E+14,3
2.51984E+14,2
2.51984E+14,3
2.51984E+14,3
2.51984E+14,2
2.51984E+14,2
2.51984E+14,2
2.51984E+14,2
2.51984E+14,3
2.51984E+14,3
2.51984E+14,2
2.51984E+14,2
2.51984E+14,3
2.51984E+14,2
2.51984E+14,2
2.51984E+14,2
2.51984E+14,2
2.51984E+14,2
2.51984E+14,2
2.51984E+14,3
2.51984E+14,3
2.51984E+14,3
2.51984E+14,2
2.51984E+14,2
2.51984E+14,2
2.51984E+14,2
2.51984E+14,2
2.51984E+14,3
2.51984E+14,2
2.52279E+14,3
2.5228E+14,3
2.5228E+14,3
2.5228E+14,2
2.5228E+14,3
2.5228E+14,3
2.5228E+14,3
2.5228E+14,3
2.5228E+14,3
2.52281E+14,1
2.52281E+14,2
2.52281E+14,2
2.52281E+14,2
2.52281E+14,2
2.52281E+14,2
2.52281E+14,2
2.52281E+14,2
2.52281E+14,2
2.52281E+14,1
2.52281E+14,2
2.52281E+14,2
2.52281E+14,2
2.52281E+14,2
2.52282E+14,2
2.52282E+14,2
2.52282E+14,2
2.52282E+14,2
2.52282E+14,2
2.52282E+14,2
2.52384E+14,3
2.52384E+14,3
2.52384E+14,3
2.52384E+14,2
2.52384E+14,3
2.52384E+14,3
2.52384E+14,2
2.52384E+14,2
2.52384E+14,2
2.52384E+14,2
2.52384E+14,2
2.52384E+14,2
2.52384E+14,2
2.52384E+14,2
2.52384E+14,2
2.52384E+14,2
2.52384E+14,2
2.52384E+14,2
2.52384E+14,2
2.52384E+14,2
2.52384E+14,2
2.52384E+14,2
2.52384E+14,2
2.52384E+14,2
2.52384E+14,2
2.52384E+14,2
2.52384E+14,2
2.52384E+14,2
2.52384E+14,2
2.52384E+14,2
2.52384E+14,2
2.52384E+14,2
2.52384E+14,2
2.52384E+14,2
2.52384E+14,2
2.52384E+14,2
2.52384E+14,2
2.52384E+14,2
2.52384E+14,2
2.52384E+14,2
2.52384E+14,2
2.52384E+14,2
2.52384E+14,2
2.52384E+14,2
2.52384E+14,2
2.52384E+14,2
2.52384E+14,2
2.52384E+14,2
2.52384E+14,2
2.52384E+14,2
2.52384E+14,2
2.52384E+14,2
2.52384E+14,2
2.52384E+14,2
2.52384E+14,2
2.52384E+14,2
2.52384E+14,2
2.52384E+14,2
2.52384E+14,2
2.52384E+14,2
2.52384E+14,1
2.52384E+14,1
2.52384E+14,2
2.52384E+14,2
2.52384E+14,2
2.52384E+14,2
2.52384E+14,2
2.52384E+14,2
2.52384E+14,1
2.52384E+14,1
2.52384E+14,1
2.52384E+14,2
2.52384E+14,1
2.52384E+14,2
2.52384E+14,1
2.52384E+14,1
2.52384E+14,1
2.52384E+14,1
2.52384E+14,1
2.52384E+14,2
2.52384E+14,1
2.52384E+14,2
2.52384E+14,1
2.52384E+14,1
2.52384E+14,1
2.52384E+14,1
2.52384E+14,2
2.52384E+14,1
2.52384E+14,1
2.52384E+14,1
2.52384E+14,1
2.52384E+14,1
2.52384E+14,2
2.52384E+14,2
2.52384E+14,1
2.52384E+14,1
2.52384E+14,1
2.52384E+14,1
2.52384E+14,1
2.52384E+14,1
2.52384E+14,1
2.52384E+14,1
2.52384E+14,1
2.52384E+14,1
2.52384E+14,1
2.52384E+14,2
2.52384E+14,1
2.52385E+14,2
2.52385E+14,2
2.52385E+14,2
2.52385E+14,1
2.52385E+14,1
2.52385E+14,1
2.52385E+14,1
2.52385E+14,1
2.52385E+14,1
2.52385E+14,1
2.52385E+14,1
2.52385E+14,1
2.52385E+14,2
2.52385E+14,2
2.52385E+14,1
2.52385E+14,1
2.52385E+14,1
2.52385E+14,1
2.52385E+14,1
2.52385E+14,1
2.52385E+14,1
2.52385E+14,1
2.52385E+14,2
2.52385E+14,1
2.52385E+14,1
2.52385E+14,1
2.52385E+14,1
2.52385E+14,1
2.52385E+14,1
2.52385E+14,1
2.52385E+14,1
2.52385E+14,1
2.52385E+14,1
2.52385E+14,2
2.52385E+14,1
2.52385E+14,2
2.52385E+14,2
2.52385E+14,2
2.52385E+14,1
2.52385E+14,2
2.52385E+14,2
2.52385E+14,1
2.52385E+14,1
2.52385E+14,2
2.52385E+14,1
2.52385E+14,1
2.52385E+14,1
2.52385E+14,1
2.52385E+14,1
2.52385E+14,1
2.52385E+14,1
2.52385E+14,1
2.52385E+14,1
2.52385E+14,1
2.52385E+14,2
2.54502E+14,3
2.54502E+14,3
2.54502E+14,3
2.54502E+14,3
2.54502E+14,4
2.54502E+14,4
2.57414E+14,2
2.57414E+14,2
2.57414E+14,2
2.57414E+14,2
2.57414E+14,2
2.57414E+14,2
2.57414E+14,2
2.57414E+14,2
2.57414E+14,2
2.57414E+14,2
2.57414E+14,2
2.57414E+14,2
2.57414E+14,2
2.57414E+14,2
2.57414E+14,2
2.57414E+14,2
2.57414E+14,2
2.57414E+14,2
2.57414E+14,2
2.57414E+14,2
2.57414E+14,2
2.57414E+14,2
2.57414E+14,1
2.57414E+14,1
2.57414E+14,1
2.57414E+14,1
2.57414E+14,1
2.57414E+14,1
2.57414E+14,1
2.57414E+14,1
2.57414E+14,1
2.57414E+14,1
2.57414E+14,1
2.57414E+14,1
2.57414E+14,1
2.57414E+14,1
2.57414E+14,1
2.57414E+14,1
2.57414E+14,1
2.57414E+14,1
2.57414E+14,1
2.57414E+14,1
2.57414E+14,1
2.57414E+14,1
2.57414E+14,1
2.57414E+14,1
2.57414E+14,1
2.57414E+14,1
2.57414E+14,1
2.57414E+14,1
2.57414E+14,1
2.57414E+14,1
2.57414E+14,1
2.57415E+14,1
2.57415E+14,1
2.57415E+14,1
2.57415E+14,1
2.57415E+14,1
2.57415E+14,1
2.57415E+14,1
2.57415E+14,1
2.57415E+14,1
2.57415E+14,1
2.57415E+14,1
2.57415E+14,1
2.57415E+14,1
2.57415E+14,1
2.57415E+14,1
2.57415E+14,1
2.57415E+14,1
2.57415E+14,1
2.57415E+14,1
2.57415E+14,1
2.57415E+14,1
2.57415E+14,1
2.57415E+14,2
2.57415E+14,1
2.57415E+14,1
2.57415E+14,1
2.57415E+14,1
2.57415E+14,2
2.57415E+14,1
2.57415E+14,2
2.57415E+14,1
2.57415E+14,1
2.57415E+14,1
2.57415E+14,1
2.57415E+14,1
2.57415E+14,1
2.57415E+14,2
2.57415E+14,2
2.57415E+14,2
2.57415E+14,2
2.57415E+14,1
2.57415E+14,1
2.57415E+14,1
2.57415E+14,2
2.57415E+14,2
2.57415E+14,2
2.57415E+14,2
2.57415E+14,1
2.57415E+14,2
2.57415E+14,2
2.57415E+14,2
2.57415E+14,2
2.57415E+14,2
2.57415E+14,2
2.57415E+14,1
2.57415E+14,2
2.57415E+14,2
2.57415E+14,2
2.57415E+14,2
2.57415E+14,2
2.57415E+14,2
2.57415E+14,2
2.57415E+14,2
2.57415E+14,2
2.57415E+14,2
2.57415E+14,2
2.57415E+14,2
2.57415E+14,2
2.57415E+14,2
2.57415E+14,2
2.57415E+14,2
2.57415E+14,2
2.57415E+14,2
2.57415E+14,2
2.57415E+14,2
2.58656E+14,2
2.58656E+14,2
2.58656E+14,2
2.58657E+14,2
2.58657E+14,2
2.58657E+14,2
2.58657E+14,2
2.58657E+14,2
2.58657E+14,2
2.58657E+14,2
2.58657E+14,2
2.58657E+14,2
2.58657E+14,2
2.58657E+14,2
2.58657E+14,2
2.58657E+14,2
2.58657E+14,2
2.58657E+14,2
2.58657E+14,2
2.58657E+14,3
2.58657E+14,3
2.58657E+14,2
2.58657E+14,2
2.58657E+14,3
2.58657E+14,2
2.58657E+14,2
2.58657E+14,2
2.58657E+14,2
2.58657E+14,3
2.58657E+14,2
2.58657E+14,2
2.58657E+14,2
2.58657E+14,2
2.58657E+14,2
2.58657E+14,2
2.58657E+14,2
2.58657E+14,2
2.58657E+14,3
2.58657E+14,2
2.58657E+14,2
2.58657E+14,2
2.58657E+14,2
2.58657E+14,2
2.58657E+14,2
2.58657E+14,2
2.58657E+14,2
2.58657E+14,2
2.58657E+14,2
2.58657E+14,2
2.58657E+14,2
2.58657E+14,2
2.58657E+14,2
2.58657E+14,2
2.58657E+14,2
2.58657E+14,2
2.58657E+14,2
2.58657E+14,2
2.58657E+14,2
2.58657E+14,2
2.58657E+14,2
2.58657E+14,2
2.58657E+14,2
2.58657E+14,2
2.58657E+14,2
2.58657E+14,2
2.58657E+14,2
2.58657E+14,2
2.58657E+14,2
2.58657E+14,2
2.58658E+14,2
2.58658E+14,2
2.58658E+14,2
2.58658E+14,2
2.58658E+14,2
2.58658E+14,2
2.58658E+14,2
2.58658E+14,2
2.58658E+14,2
2.58658E+14,2
2.58658E+14,2
2.58658E+14,2
2.58738E+14,2
2.58738E+14,2
2.58738E+14,2
2.58738E+14,2
2.58738E+14,2
2.58738E+14,2
2.58738E+14,2
2.58738E+14,2
2.58738E+14,2
2.58738E+14,2
2.58739E+14,2
2.58739E+14,2
2.58739E+14,2
2.58739E+14,2
2.58739E+14,2
2.58739E+14,2
2.58739E+14,2
2.58739E+14,2
2.58739E+14,2
2.58739E+14,2
2.58739E+14,2
2.58739E+14,2
2.58739E+14,2
2.58739E+14,2
2.58739E+14,2
2.58739E+14,2
2.58739E+14,2
2.58739E+14,2
2.58739E+14,2
2.58739E+14,2
2.58739E+14,2
2.58739E+14,2
2.58739E+14,2
2.58739E+14,2
2.58739E+14,2
2.58739E+14,2
2.58739E+14,1
2.58739E+14,2
2.58739E+14,2
2.58739E+14,2
2.58739E+14,2
2.58739E+14,2
2.58739E+14,2
2.58739E+14,2
2.58739E+14,2
2.58739E+14,2
2.58739E+14,2
2.58739E+14,2
2.58739E+14,2
2.58739E+14,2
2.58739E+14,2
2.58739E+14,2
2.58739E+14,2
2.58739E+14,2
2.58739E+14,2
2.58739E+14,2
2.58739E+14,2
2.58739E+14,2
2.58739E+14,2
2.58739E+14,2
2.58739E+14,2
2.58739E+14,2
2.58739E+14,2
2.58768E+14,3
2.58768E+14,3
2.58768E+14,2
2.58768E+14,3
2.58768E+14,2
2.58768E+14,2
2.58768E+14,2
2.58768E+14,2
2.58768E+14,2
2.58768E+14,2
2.58768E+14,2
2.58768E+14,3
2.58769E+14,3
2.58769E+14,3
2.58769E+14,2
2.58769E+14,2
2.58769E+14,2
2.58769E+14,2
2.58769E+14,2
2.58769E+14,2
2.58769E+14,2
2.58769E+14,2
2.58769E+14,2
2.58769E+14,2
2.58769E+14,2
2.58769E+14,2
2.58769E+14,2
2.58769E+14,1
2.58769E+14,1
2.58769E+14,1
2.58769E+14,1
2.58769E+14,1
2.58769E+14,1
2.58769E+14,1
2.58769E+14,1
2.58769E+14,1
2.58769E+14,1
2.58769E+14,1
2.58769E+14,1
2.58769E+14,1
2.58769E+14,1
2.58769E+14,1
2.58769E+14,1
2.58769E+14,1
2.58769E+14,1
2.58769E+14,1
2.58769E+14,1
2.58769E+14,1
2.58769E+14,1
2.58769E+14,1
2.58769E+14,1
2.58769E+14,2
2.58769E+14,1
2.58769E+14,1
2.58769E+14,1
2.58769E+14,1
2.58769E+14,1
2.58769E+14,1
2.58769E+14,1
2.58769E+14,1
2.58769E+14,1
2.58769E+14,1
2.58769E+14,1
2.58769E+14,2
2.58769E+14,2
2.58769E+14,1
2.58769E+14,2
2.58769E+14,2
2.58769E+14,1
2.58769E+14,1
2.58769E+14,1
2.58769E+14,1
2.58769E+14,1
2.58769E+14,1
2.58769E+14,1
2.58769E+14,1
2.58769E+14,1
2.58769E+14,1
2.58769E+14,1
2.58769E+14,1
2.58769E+14,1
2.58769E+14,1
2.58769E+14,1
2.58769E+14,1
2.58769E+14,2
2.58769E+14,1
2.58769E+14,2
2.58769E+14,2
2.58769E+14,2
2.58769E+14,2
2.58769E+14,2
2.58769E+14,2
2.58769E+14,1
2.58769E+14,1
2.58769E+14,2
2.58769E+14,2
2.58769E+14,2
2.58769E+14,2
2.58769E+14,2
2.58769E+14,2
2.58769E+14,2
2.58769E+14,2
2.5877E+14,2
2.5877E+14,2
2.5877E+14,2
2.5877E+14,2
2.5877E+14,2
2.5877E+14,2
2.5877E+14,2
2.5877E+14,2
2.5877E+14,2
2.58872E+14,2
2.58872E+14,2
2.58872E+14,3
2.58872E+14,3
2.58872E+14,3
2.58872E+14,4
2.58872E+14,4
2.58872E+14,4
2.5888E+14,1
2.5888E+14,2
2.5888E+14,1
2.5888E+14,1
2.5888E+14,2
2.5888E+14,2
2.58881E+14,2
2.58881E+14,2
2.58881E+14,2
2.58972E+14,5
2.58972E+14,4
2.58972E+14,5
2.58973E+14,4
2.58973E+14,4
2.58973E+14,4
2.58973E+14,3
2.58973E+14,3
2.58973E+14,3
2.58973E+14,3
2.58973E+14,3
2.58973E+14,2
2.58973E+14,3
2.58973E+14,3
2.58973E+14,3
2.58973E+14,3
2.58973E+14,3
2.59082E+14,1
2.59082E+14,2
2.59082E+14,2
2.59082E+14,3
2.59082E+14,2
2.59083E+14,3
2.59083E+14,3
2.59083E+14,3
2.59083E+14,3
2.59083E+14,3
2.59083E+14,3
2.59083E+14,3
2.59083E+14,3
2.59083E+14,3
2.59083E+14,3
2.59083E+14,3
2.59083E+14,3
2.59083E+14,3
2.59083E+14,3
2.59084E+14,3
2.59084E+14,3
2.59084E+14,2
2.59084E+14,3
2.59084E+14,2
2.59085E+14,2
2.59085E+14,2
2.59085E+14,2
2.59085E+14,2
2.59085E+14,2
2.59085E+14,3
2.59085E+14,3
2.59085E+14,2
2.59085E+14,2
2.59085E+14,2
2.59085E+14,2
2.59085E+14,2
2.59085E+14,2
2.59085E+14,2
2.59085E+14,2
2.59085E+14,2
2.59086E+14,3
2.59086E+14,3
2.59086E+14,3
2.59086E+14,3
2.59086E+14,2
2.59086E+14,2
2.59086E+14,2
2.59086E+14,2
2.59086E+14,2
2.59086E+14,2
2.59086E+14,2
2.59086E+14,2
2.59086E+14,2
2.59086E+14,2
2.59086E+14,2
2.59086E+14,3
2.59086E+14,2
2.59086E+14,2
2.59086E+14,2
2.59086E+14,2
2.59086E+14,2
2.59086E+14,2
2.59086E+14,2
2.59086E+14,2
2.59086E+14,2
2.59086E+14,3
2.59086E+14,3
2.59086E+14,2
2.59086E+14,2
2.59086E+14,3
2.59086E+14,2
2.59086E+14,2
2.59086E+14,2
2.59086E+14,3
2.59086E+14,3
2.59086E+14,2
2.59086E+14,2
2.59086E+14,2
2.59086E+14,3
2.59086E+14,2
2.59086E+14,2
2.59086E+14,2
2.59086E+14,2
2.59087E+14,2
2.59087E+14,2
2.59087E+14,2
2.59087E+14,2
2.59087E+14,2
2.59087E+14,2
2.59087E+14,2
2.59087E+14,2
2.59087E+14,2
2.59087E+14,2
2.59087E+14,2
2.59087E+14,2
2.59087E+14,2
2.59087E+14,2
2.59087E+14,2
2.59087E+14,2
2.59087E+14,2
2.59087E+14,2
2.59118E+14,2
2.59119E+14,2
2.59119E+14,2
2.59119E+14,2
2.59119E+14,2
2.59119E+14,2
2.59119E+14,2
2.59119E+14,2
2.59119E+14,2
2.59119E+14,2
2.59119E+14,2
2.59119E+14,2
2.59119E+14,2
2.59119E+14,2
2.59121E+14,3
2.59121E+14,3
2.59121E+14,3
2.59121E+14,3
2.59121E+14,3
2.59121E+14,3
2.59121E+14,2
2.59121E+14,2
2.59121E+14,2
2.59121E+14,2
2.59121E+14,2
2.59121E+14,2
2.59121E+14,2
2.59121E+14,2
2.59121E+14,2
2.59121E+14,2
2.59121E+14,2
2.59121E+14,2
2.59121E+14,2
2.59121E+14,2
2.59121E+14,2
2.59121E+14,2
2.59121E+14,2
2.59121E+14,2
2.59121E+14,2
2.59121E+14,2
2.59121E+14,2
2.59121E+14,2
2.59121E+14,2
2.59121E+14,2
2.59121E+14,2
2.59121E+14,2
2.59121E+14,2
2.59121E+14,2
2.59121E+14,2
2.59121E+14,2
2.59121E+14,2
2.59121E+14,2
2.59121E+14,2
2.59121E+14,2
2.59121E+14,2
2.59121E+14,2
2.59121E+14,2
2.59121E+14,2
2.59121E+14,2
2.59121E+14,2
2.59121E+14,2
2.59121E+14,2
2.59121E+14,2
2.59121E+14,2
2.59121E+14,2
2.59121E+14,2
2.59121E+14,2
2.59121E+14,2
2.59121E+14,2
2.59121E+14,2
2.59121E+14,2
2.59121E+14,2
2.59121E+14,2
2.59121E+14,2
2.59121E+14,2
2.59121E+14,2
2.59121E+14,2
2.59121E+14,2
2.59121E+14,2
2.59121E+14,2
2.59121E+14,2
2.59121E+14,2
2.59121E+14,2
2.59121E+14,1
2.59121E+14,2
2.59121E+14,2
2.59121E+14,1
2.59121E+14,1
2.59121E+14,2
2.59121E+14,2
2.59121E+14,1
2.59122E+14,1
2.59122E+14,1
2.59122E+14,1
2.59122E+14,1
2.59122E+14,1
2.59122E+14,2
2.59122E+14,1
2.59122E+14,2
2.59122E+14,1
2.59122E+14,1
2.59122E+14,1
2.59122E+14,1
2.59122E+14,2
2.59122E+14,1
2.59122E+14,1
2.59122E+14,1
2.59122E+14,1
2.59122E+14,1
2.59122E+14,1
2.59122E+14,1
2.59122E+14,2
2.59122E+14,2
2.59122E+14,1
2.59122E+14,1
2.59122E+14,1
2.59122E+14,1
2.59122E+14,1
2.59122E+14,1
2.59122E+14,1
2.59122E+14,1
2.59122E+14,2
2.59122E+14,1
2.59122E+14,2
2.59122E+14,1
2.59122E+14,2
2.59122E+14,1
2.59122E+14,2
2.59122E+14,1
2.59122E+14,1
2.59122E+14,1
2.59122E+14,1
2.59122E+14,1
2.59122E+14,1
2.59122E+14,1
2.59122E+14,1
2.59122E+14,1
2.59122E+14,1
2.59122E+14,1
2.59122E+14,1
2.59122E+14,1
2.59122E+14,1
2.59122E+14,1
2.59122E+14,1
2.59122E+14,1
2.59122E+14,1
2.59122E+14,1
2.59122E+14,1
2.59122E+14,2
2.59122E+14,1
2.59122E+14,1
2.59122E+14,2
2.59122E+14,2
2.59122E+14,1
2.59122E+14,2
2.59122E+14,2
2.59122E+14,2
2.59122E+14,2
2.59122E+14,1
2.59122E+14,2
2.59122E+14,1
2.59122E+14,2
2.59122E+14,1
2.59122E+14,1
2.59122E+14,1
2.59122E+14,1
2.59122E+14,1
2.59122E+14,1
2.59122E+14,1
2.59122E+14,1
2.59122E+14,1
2.59122E+14,1
2.59122E+14,1
2.59178E+14,2
2.59178E+14,2
2.59178E+14,2
2.59178E+14,2
2.59178E+14,2
2.59178E+14,2
2.59178E+14,2
2.59178E+14,2
2.59178E+14,2
2.59178E+14,2
2.59178E+14,2
2.59178E+14,2
2.59178E+14,2
2.59178E+14,2
2.59178E+14,2
2.59178E+14,2
2.59178E+14,2
2.59178E+14,2
2.59178E+14,2
2.59178E+14,2
2.59178E+14,2
2.59178E+14,2
2.59178E+14,2
2.59178E+14,2
2.59178E+14,2
2.59178E+14,2
2.59178E+14,2
2.59178E+14,3
2.59178E+14,2
2.59178E+14,2
2.59178E+14,2
2.59178E+14,2
2.59178E+14,2
2.59178E+14,2
2.59179E+14,3
2.59179E+14,3
2.59179E+14,4
2.59179E+14,3
2.59179E+14,3
2.59179E+14,3
2.59179E+14,3
2.59179E+14,3
2.59179E+14,2
2.59179E+14,4
2.59179E+14,3
2.59179E+14,3
2.59179E+14,3
2.59179E+14,4
2.59179E+14,3
2.59179E+14,3
2.59179E+14,4
2.59179E+14,4
2.59179E+14,4
2.59179E+14,3
2.59179E+14,4
2.59179E+14,4
2.59179E+14,4
2.59179E+14,4
2.59179E+14,3
2.59179E+14,3
2.59204E+14,1
2.59204E+14,1
2.59204E+14,1
2.59204E+14,2
2.59204E+14,1
2.59204E+14,2
2.59204E+14,2
2.59204E+14,2
2.59204E+14,2
2.59204E+14,2
2.59205E+14,2
2.59205E+14,2
2.59205E+14,1
2.59205E+14,2
2.59205E+14,2
2.59205E+14,2
2.59205E+14,2
2.59205E+14,2
2.59205E+14,2
2.59205E+14,2
2.59205E+14,2
2.59205E+14,2
2.59205E+14,2
2.59205E+14,2
2.59205E+14,2
2.59205E+14,2
2.59266E+14,2
2.59266E+14,3
2.59266E+14,3
2.59267E+14,3
2.59267E+14,2
2.59267E+14,3
2.59267E+14,3
2.59267E+14,3
2.59267E+14,3
2.59267E+14,3
2.59267E+14,3
2.59267E+14,2
2.59547E+14,2
2.59547E+14,2
2.59547E+14,2
2.59547E+14,3
2.59547E+14,2
2.59547E+14,2
2.64094E+14,2
2.64094E+14,1
2.64094E+14,1
2.64094E+14,2
2.64094E+14,1
2.64094E+14,1
2.64094E+14,1
2.64094E+14,1
2.64094E+14,2
2.64095E+14,1
2.64095E+14,1
2.64095E+14,1
2.64095E+14,1
2.64095E+14,1
2.64095E+14,2
2.64095E+14,2
2.64095E+14,1
2.64095E+14,1
2.64095E+14,1
2.64095E+14,1
2.64095E+14,1
2.64095E+14,1
2.64095E+14,1
2.64095E+14,1
2.64095E+14,2
2.64095E+14,2
2.64095E+14,2
2.64095E+14,2
2.64095E+14,2
2.64095E+14,2
2.64095E+14,2
2.64095E+14,2
2.64095E+14,2
2.64152E+14,2
2.64152E+14,2
2.64153E+14,2
2.64153E+14,2
2.64153E+14,2
2.64153E+14,2
2.64153E+14,2
2.64153E+14,2
2.64153E+14,2
2.64153E+14,1
2.64153E+14,1
2.64153E+14,2
2.64153E+14,1
2.64153E+14,1
2.64153E+14,1
2.64153E+14,1
2.64153E+14,1
2.64153E+14,2
2.64153E+14,3
2.64153E+14,1
2.64153E+14,1
2.64153E+14,1
2.64153E+14,1
2.64153E+14,1
2.64153E+14,1
2.64153E+14,1
2.64153E+14,1
2.64153E+14,1
2.64153E+14,2
2.64153E+14,3
2.64153E+14,3
2.64153E+14,2
2.64153E+14,2
2.64153E+14,3
2.64153E+14,2
2.64153E+14,2
2.64153E+14,1
2.64153E+14,1
2.64153E+14,2
2.64153E+14,2
2.64153E+14,2
2.64153E+14,1
2.64153E+14,2
2.64153E+14,1
2.64153E+14,1
2.64153E+14,1
2.64153E+14,1
2.64153E+14,1
2.64153E+14,2
2.64153E+14,1
2.64153E+14,2
2.64153E+14,2
2.64153E+14,2
2.64153E+14,2
2.64153E+14,2
2.64153E+14,2
2.64153E+14,3
2.64153E+14,2
2.64153E+14,2
2.64153E+14,2
2.64153E+14,2
2.64153E+14,2
2.64153E+14,2
2.64153E+14,2
2.64153E+14,1
2.64153E+14,1
2.64153E+14,2
2.64153E+14,1
2.64153E+14,1
2.64153E+14,2
2.64153E+14,1
2.64153E+14,2
2.64153E+14,1
2.64153E+14,1
2.64153E+14,2
2.64153E+14,2
2.64153E+14,1
2.64153E+14,2
2.64153E+14,2
2.64153E+14,2
2.64153E+14,2
2.64153E+14,2
2.64153E+14,2
2.64153E+14,2
2.64153E+14,2
2.64153E+14,2
2.64153E+14,1
2.64153E+14,1
2.64153E+14,1
2.64153E+14,2
2.64153E+14,1
2.64153E+14,1
2.64153E+14,1
2.64153E+14,1
2.64153E+14,1
2.64153E+14,2
2.64153E+14,1
2.64153E+14,2
2.64153E+14,2
2.64153E+14,2
2.64153E+14,2
2.64153E+14,1
2.64153E+14,2
2.64153E+14,2
2.64153E+14,2
2.64158E+14,2
2.64158E+14,2
2.64158E+14,2
2.64158E+14,2
2.64158E+14,2
2.6416E+14,2
2.6416E+14,2
2.6416E+14,2
2.6416E+14,2
2.6416E+14,2
2.6416E+14,2
2.6416E+14,2
2.6416E+14,2
2.6416E+14,2
2.6416E+14,2
2.6416E+14,2
2.6416E+14,2
2.6416E+14,2
2.6416E+14,2
2.6416E+14,1
2.6416E+14,2
2.6416E+14,2
2.6416E+14,2
2.6416E+14,2
2.6416E+14,2
2.6416E+14,1
2.6416E+14,2
2.6416E+14,2
2.6416E+14,1
2.6416E+14,2
2.6416E+14,2
2.6416E+14,2
2.6416E+14,2
2.6416E+14,2
2.6416E+14,2
2.6416E+14,2
2.6416E+14,2
2.6416E+14,2
2.6416E+14,2
2.6416E+14,2
2.6416E+14,2
2.6416E+14,2
2.6416E+14,2
2.6416E+14,2
2.6416E+14,2
2.6416E+14,2
2.6416E+14,2
2.6416E+14,2
2.6416E+14,2
2.6416E+14,2
2.6416E+14,2
2.6416E+14,2
2.6416E+14,2
2.6416E+14,2
2.6416E+14,2
2.6416E+14,2
2.6416E+14,2
2.6416E+14,2
2.6416E+14,2
2.6416E+14,2
2.6416E+14,2
2.6416E+14,2
2.6416E+14,2
2.6416E+14,2
2.6416E+14,2
2.6416E+14,2
2.6416E+14,2
2.6416E+14,2
2.6416E+14,2
2.6416E+14,2
2.6416E+14,2
2.6416E+14,2
2.6416E+14,2
2.6416E+14,2
2.6416E+14,2
2.6416E+14,2
2.6416E+14,2
2.6416E+14,2
2.6416E+14,2
2.6416E+14,2
2.6416E+14,2
2.6416E+14,2
2.6416E+14,2
2.6416E+14,2
2.6416E+14,2
2.6416E+14,3
2.6416E+14,2
2.6416E+14,2
2.6416E+14,2
2.6416E+14,2
2.6416E+14,2
2.6416E+14,2
2.6416E+14,2
2.6416E+14,2
2.6416E+14,2
2.6416E+14,2
2.6416E+14,2
2.6416E+14,2
2.6416E+14,1
2.6416E+14,2
2.6416E+14,2
2.6416E+14,2
2.6416E+14,2
2.6416E+14,2
2.74682E+14,1
2.74682E+14,1
2.74682E+14,1
2.74682E+14,1
2.74682E+14,1
2.74682E+14,1
2.74682E+14,1
2.74682E+14,1
2.74682E+14,1
2.74682E+14,1
2.74682E+14,1
2.74683E+14,1
2.74683E+14,1
2.74683E+14,1
2.74683E+14,1
2.74683E+14,1
2.74683E+14,1
2.74683E+14,1
2.74683E+14,2
2.74683E+14,3
2.74683E+14,3
2.74683E+14,2
2.74683E+14,2
2.74683E+14,2
2.74683E+14,2
2.74683E+14,2
2.74683E+14,2
2.74683E+14,2
2.74683E+14,2
2.74683E+14,2
2.74683E+14,2
2.74683E+14,2
2.74683E+14,2
2.74683E+14,2
2.74683E+14,2
2.74683E+14,2
2.74683E+14,2
2.74683E+14,1
2.74683E+14,2
2.74683E+14,2
2.74683E+14,1
2.74683E+14,2
2.74683E+14,2
2.74683E+14,1
2.74683E+14,1
2.74683E+14,1
2.74683E+14,1
2.74683E+14,1
2.74683E+14,2
2.74683E+14,2
2.74683E+14,1
2.74683E+14,1
2.74683E+14,1
2.74683E+14,1
2.74683E+14,1
2.74683E+14,2
2.74683E+14,1
2.74683E+14,2
2.74683E+14,1
2.74683E+14,1
2.74683E+14,2
2.74683E+14,2
2.74683E+14,2
2.74683E+14,1
2.74683E+14,2
2.74683E+14,2
2.74683E+14,2
2.74683E+14,2
2.74683E+14,2
2.74683E+14,2
2.74683E+14,2
2.74683E+14,2
2.74683E+14,2
2.74683E+14,2
2.74683E+14,2
2.74683E+14,2
2.74683E+14,1
2.74683E+14,2
2.74683E+14,2
2.74683E+14,2
2.74683E+14,2
2.74683E+14,2
2.74683E+14,1
2.74683E+14,2
2.74683E+14,2
2.74683E+14,1
2.74683E+14,1
2.74683E+14,1
2.74683E+14,1
2.74683E+14,2
2.74683E+14,1
2.74683E+14,1
2.74683E+14,1
2.74683E+14,1
2.74683E+14,1
2.74683E+14,1
2.74683E+14,1
2.74683E+14,1
2.74683E+14,1
2.74683E+14,1
2.74683E+14,1
2.74683E+14,2
2.74683E+14,1
2.74683E+14,1
2.74683E+14,1
2.74683E+14,2
2.74683E+14,2
2.74683E+14,2
2.74683E+14,2
2.74683E+14,2
2.74683E+14,2
2.74683E+14,2
2.74683E+14,2
2.74683E+14,2
2.74683E+14,2
2.74683E+14,2
2.74683E+14,2
2.74683E+14,1
2.74683E+14,1
2.74683E+14,1
2.74683E+14,2
2.74683E+14,1
2.74683E+14,1
2.74683E+14,1
2.74683E+14,2
2.74683E+14,1
2.74683E+14,1
2.74683E+14,1
2.74683E+14,1
2.74683E+14,1
2.74683E+14,2
2.74683E+14,2
2.74683E+14,1
2.74683E+14,2
2.74683E+14,3
2.74683E+14,2
2.74683E+14,2
2.74683E+14,2
2.74683E+14,2
2.74683E+14,2
2.74683E+14,2
2.74683E+14,2
2.74683E+14,2
2.74683E+14,2
2.74683E+14,2
2.74683E+14,2
2.74683E+14,2
2.74683E+14,2
2.74683E+14,2
2.74683E+14,1
2.74683E+14,1
2.74683E+14,1
2.74683E+14,2
2.74683E+14,2
2.74683E+14,1
2.74683E+14,3
2.74683E+14,3
2.74683E+14,3
2.74683E+14,2
2.74683E+14,2
2.74683E+14,2
2.74683E+14,2
2.75622E+14,3
2.75622E+14,3
2.75622E+14,3
2.75622E+14,3
2.75622E+14,3
2.75622E+14,3
2.75622E+14,3
2.75622E+14,3
2.75622E+14,3
2.75622E+14,3
2.75622E+14,3
2.75622E+14,3
2.75622E+14,3
2.75622E+14,3
2.75622E+14,3
2.75622E+14,3
2.75622E+14,4
2.75622E+14,4
2.75622E+14,3
2.75622E+14,3
2.75622E+14,4
2.75622E+14,4
2.75622E+14,4
2.75622E+14,2
2.75622E+14,3
2.75622E+14,2
2.75622E+14,2
2.75622E+14,2
2.75622E+14,3
2.75622E+14,3
2.75622E+14,4
2.75622E+14,3
2.75622E+14,3
2.75622E+14,4
2.75622E+14,3
2.75622E+14,3
2.75622E+14,3
2.75622E+14,3
2.75622E+14,3
2.75622E+14,3
2.75622E+14,4
2.75622E+14,2
2.75622E+14,3
2.75622E+14,4
2.75622E+14,2
2.75622E+14,2
2.75622E+14,3
2.75622E+14,3
2.75622E+14,4
2.75622E+14,3
2.75622E+14,3
2.75622E+14,4
2.75622E+14,5
2.75622E+14,3
2.75622E+14,4
2.75622E+14,4
2.75622E+14,4
2.75622E+14,3
2.82497E+14,2
2.82497E+14,2
2.82497E+14,2
2.82497E+14,2
2.82497E+14,3
2.82497E+14,2
2.82497E+14,2
2.82497E+14,2
2.82497E+14,1
2.82497E+14,2
2.82497E+14,2
2.82497E+14,2
2.82497E+14,3
2.82497E+14,2
2.82497E+14,2
2.82497E+14,3
2.82497E+14,3
2.82497E+14,3
2.82497E+14,3
2.82497E+14,1
2.82497E+14,2
2.82497E+14,3
2.82497E+14,2
2.82497E+14,3
2.82497E+14,3
2.82497E+14,3
2.82497E+14,3
2.82497E+14,3
2.82497E+14,3
2.82497E+14,3
2.82497E+14,2
2.82497E+14,1
2.82497E+14,1
2.82497E+14,3
2.82497E+14,2
2.82497E+14,3
2.82497E+14,3
2.82497E+14,2
2.82497E+14,3
2.82497E+14,3
2.82497E+14,3
2.82497E+14,3
2.82497E+14,3
2.82497E+14,3
2.82497E+14,3
2.82497E+14,3
2.82497E+14,3
2.82497E+14,3
2.82497E+14,3
2.82497E+14,3
2.82497E+14,3
2.82497E+14,3
2.82497E+14,2
2.82497E+14,3
2.82497E+14,3
2.82497E+14,3
2.82497E+14,3
2.82497E+14,3
2.82497E+14,3
2.82497E+14,2
2.82497E+14,3
2.82497E+14,2
2.82497E+14,3
2.82497E+14,2
2.82497E+14,4
2.82497E+14,2
2.82497E+14,2
2.82497E+14,3
2.82497E+14,3
2.82497E+14,3
2.82497E+14,3
2.82497E+14,2
2.82497E+14,3
2.82497E+14,2
2.82498E+14,3
2.82498E+14,3
2.82498E+14,3
2.82498E+14,3
2.82498E+14,3
2.82498E+14,3
2.82498E+14,3
2.82498E+14,3
2.82498E+14,3
2.82498E+14,2
2.82498E+14,3
2.825E+14,2
2.825E+14,2
2.825E+14,2
2.825E+14,2
2.825E+14,2
2.825E+14,2
2.825E+14,2
2.825E+14,2
2.825E+14,2
2.825E+14,3
2.825E+14,2
2.825E+14,3
2.825E+14,3
2.825E+14,3
2.825E+14,2
2.825E+14,3
2.825E+14,3
2.825E+14,3
2.825E+14,2
2.825E+14,2
2.825E+14,2
2.825E+14,2
2.825E+14,2
2.825E+14,2
2.825E+14,2
2.825E+14,2
2.825E+14,2
2.825E+14,2
2.825E+14,2
2.825E+14,2
2.825E+14,2
2.825E+14,2
2.825E+14,2
2.825E+14,2
2.825E+14,2
2.825E+14,2
2.825E+14,2
2.825E+14,2
2.825E+14,2
2.825E+14,2
2.825E+14,2
2.825E+14,2
2.825E+14,3
2.825E+14,2
2.825E+14,2
2.825E+14,2
2.825E+14,2
2.825E+14,2
2.825E+14,2
2.825E+14,3
2.825E+14,3
2.825E+14,3
2.825E+14,3
2.825E+14,3
2.825E+14,2
2.825E+14,2
2.825E+14,3
2.825E+14,2
2.825E+14,2
2.825E+14,2
2.825E+14,2
2.825E+14,2
2.825E+14,2
2.825E+14,2
2.825E+14,3
2.825E+14,2
2.825E+14,2
2.825E+14,2
2.825E+14,3
2.825E+14,2
2.825E+14,2
2.825E+14,2
2.825E+14,2
2.825E+14,2
2.825E+14,2
2.825E+14,2
2.825E+14,2
2.825E+14,2
2.825E+14,2
2.825E+14,2
2.825E+14,2
2.825E+14,2
2.825E+14,2
2.825E+14,2
2.825E+14,3
2.825E+14,2
2.825E+14,2
2.825E+14,2
2.825E+14,2
2.825E+14,2
2.825E+14,2
2.825E+14,2
2.825E+14,2
2.825E+14,2
2.825E+14,2
2.825E+14,2
2.825E+14,2
2.825E+14,2
2.825E+14,2
2.825E+14,2
2.825E+14,2
2.825E+14,2
2.825E+14,2
2.825E+14,2
2.825E+14,2
2.825E+14,2
2.825E+14,2
2.825E+14,2
2.825E+14,2
2.825E+14,3
2.825E+14,2
2.825E+14,2
2.825E+14,2
2.825E+14,2
2.825E+14,2
2.825E+14,2
2.825E+14,3
2.825E+14,2
2.825E+14,3
2.825E+14,2
2.825E+14,2
2.825E+14,3
2.825E+14,3
2.825E+14,3
2.825E+14,3
2.825E+14,2
2.825E+14,2
2.825E+14,2
2.825E+14,3
2.825E+14,2
2.825E+14,2
2.825E+14,2
2.825E+14,3
2.825E+14,2
2.825E+14,2
2.825E+14,2
2.825E+14,2
2.825E+14,2
2.825E+14,2
2.825E+14,2
2.825E+14,2
2.825E+14,2
2.82501E+14,2
2.82501E+14,3
2.82501E+14,3
2.82501E+14,3
2.82501E+14,2
2.82501E+14,3
2.82501E+14,3
2.82501E+14,3
2.82501E+14,3
2.82501E+14,3
2.82501E+14,2
2.82501E+14,2
2.82501E+14,2
2.82501E+14,3
2.82501E+14,2
2.82501E+14,3
2.82501E+14,4
2.82501E+14,4
2.82501E+14,3
2.82501E+14,4
2.82501E+14,4
2.82501E+14,4
2.82501E+14,4
2.82501E+14,2
2.82501E+14,3
2.82501E+14,3
2.82501E+14,3
2.82501E+14,2
2.82501E+14,3
2.82501E+14,3
2.82501E+14,3
2.82501E+14,4
2.82501E+14,5
2.82501E+14,4
2.82501E+14,3
2.82501E+14,3
2.82501E+14,3
2.82501E+14,3
2.82501E+14,3
2.82501E+14,4
2.82501E+14,4
2.82501E+14,4
2.82501E+14,3
2.82501E+14,4
2.82501E+14,4
2.82501E+14,3
2.82501E+14,3
2.82501E+14,3
2.82501E+14,4
2.82501E+14,4
2.82501E+14,2
2.82501E+14,2
2.82501E+14,3
2.82501E+14,3
2.82501E+14,3
2.82501E+14,4
2.82501E+14,3
2.82501E+14,3
2.82501E+14,4
2.82501E+14,4
2.82501E+14,3
2.82501E+14,3
2.82501E+14,4
2.82501E+14,4
2.82501E+14,4
2.82501E+14,3
2.82501E+14,3
2.82501E+14,3
2.82501E+14,3
2.82501E+14,5
2.82501E+14,5
2.82501E+14,5
2.82501E+14,5
2.82501E+14,4
2.82501E+14,5
2.82501E+14,5
2.82501E+14,4
2.82501E+14,4
2.82501E+14,3
2.82501E+14,3
2.82501E+14,3
2.82501E+14,3
2.82501E+14,3
2.82501E+14,3
2.82501E+14,3
2.82501E+14,3
2.82501E+14,3
2.82501E+14,3
2.82501E+14,2
2.82501E+14,2
2.82501E+14,2
2.82501E+14,2
2.82501E+14,3
2.82501E+14,2
2.82501E+14,2
2.82501E+14,2
2.82501E+14,2
2.82501E+14,3
2.82502E+14,1
2.82502E+14,1
2.82502E+14,2
2.82502E+14,3
2.82502E+14,3
2.82502E+14,2
2.82502E+14,3
2.82502E+14,2
2.82502E+14,3
2.82502E+14,3
2.82502E+14,3
2.82502E+14,3
2.82502E+14,2
2.82502E+14,2
2.82502E+14,2
2.82502E+14,1
2.82502E+14,3
2.82502E+14,2
2.82502E+14,2
2.82502E+14,2
2.82502E+14,2
2.82502E+14,3
2.82502E+14,3
2.82502E+14,2
2.82502E+14,2
2.82502E+14,2
2.82502E+14,2
2.82502E+14,2
2.82502E+14,2
2.82502E+14,2
2.82502E+14,2
2.82502E+14,2
2.82502E+14,2
2.82502E+14,2
2.82502E+14,2
2.82502E+14,2
2.82502E+14,2
2.82502E+14,3
2.82502E+14,2
2.82502E+14,2
2.82502E+14,3
2.82502E+14,3
2.82502E+14,3
2.82502E+14,1
2.82502E+14,2
2.82502E+14,2
2.82502E+14,2
2.82502E+14,2
2.82502E+14,2
2.82502E+14,2
2.82502E+14,1
2.82502E+14,1
2.82502E+14,1
2.82502E+14,1
2.82502E+14,1
2.82502E+14,2
2.82502E+14,1
2.82502E+14,2
2.82502E+14,1
2.82502E+14,1
2.82502E+14,1
2.82502E+14,1
2.82502E+14,1
2.82502E+14,1
2.82502E+14,2
2.82502E+14,3
2.82502E+14,3
2.82502E+14,2
2.82502E+14,2
2.82502E+14,3
2.82502E+14,3
2.82502E+14,3
2.82502E+14,1
2.82502E+14,1
2.82502E+14,1
2.82502E+14,1
2.82502E+14,1
2.82502E+14,1
2.82502E+14,2
2.82502E+14,2
2.82502E+14,1
2.82502E+14,1
2.82502E+14,1
2.82502E+14,1
2.82502E+14,2
2.82502E+14,2
2.82502E+14,3
2.82502E+14,3
2.82502E+14,3
2.82502E+14,2
2.82502E+14,2
2.82502E+14,2
2.82502E+14,3
2.82502E+14,3
2.82502E+14,3
2.82502E+14,3
2.82502E+14,3
2.82502E+14,1
2.82502E+14,1
2.82502E+14,2
2.82502E+14,2
2.82502E+14,2
2.82502E+14,2
2.82502E+14,2
2.82502E+14,1
2.82502E+14,2
2.82502E+14,3
2.82502E+14,3
2.82502E+14,2
2.82502E+14,3
2.82502E+14,3
2.82502E+14,3
2.82502E+14,3
2.82502E+14,3
2.82502E+14,3
2.82502E+14,3
2.82502E+14,3
2.82502E+14,3
2.82502E+14,3
2.82502E+14,3
2.82502E+14,3
2.82502E+14,3
2.82502E+14,3
2.82502E+14,3
2.82502E+14,3
2.82502E+14,3
2.82502E+14,3
2.82502E+14,2
2.82502E+14,3
2.82502E+14,2
2.82502E+14,2
2.82502E+14,3
2.82502E+14,3
2.82502E+14,3
2.82502E+14,3
2.82502E+14,3
2.82502E+14,3
2.82502E+14,3
2.82502E+14,3
2.82502E+14,2
2.82502E+14,2
2.82502E+14,2
2.82502E+14,3
2.82502E+14,2
2.82502E+14,2
2.82503E+14,3
2.82503E+14,3
2.82503E+14,3
2.82503E+14,3
2.82503E+14,2
2.82503E+14,3
2.82503E+14,2
2.82503E+14,3
2.82503E+14,2
2.82503E+14,3
2.82503E+14,3
2.82503E+14,3
2.82503E+14,3
2.82503E+14,3
2.82503E+14,3
2.82503E+14,3
2.82503E+14,2
2.82503E+14,2
2.82503E+14,2
2.82503E+14,3
2.82503E+14,3
2.82503E+14,3
2.82503E+14,3
2.89515E+14,2
2.89515E+14,2
2.89515E+14,2
2.89515E+14,2
2.89515E+14,2
2.89515E+14,2
2.89515E+14,2
2.89515E+14,2
2.89515E+14,2
2.89515E+14,2
2.89515E+14,2
2.89515E+14,2
2.89515E+14,2
2.89515E+14,2
2.89515E+14,2
2.89515E+14,2
2.89515E+14,2
2.89515E+14,2
2.89515E+14,2
2.89515E+14,2
2.89515E+14,2
2.89515E+14,2
2.89515E+14,2
2.89515E+14,2
2.89515E+14,2
2.89515E+14,2
2.89515E+14,2
2.89515E+14,2
2.89515E+14,2
2.89515E+14,3
2.89515E+14,3
2.89515E+14,4
2.89515E+14,3
2.89515E+14,3
2.89515E+14,4
2.89515E+14,3
2.89515E+14,3
2.89515E+14,3
2.89515E+14,2
2.89515E+14,2
2.89515E+14,2
2.89515E+14,2
2.89515E+14,4
2.89515E+14,3
2.89515E+14,2
2.89515E+14,2
2.89515E+14,3
2.89515E+14,3
2.89515E+14,3
2.89515E+14,3
2.89515E+14,2
2.89515E+14,3
2.89515E+14,2
2.89515E+14,4
2.89515E+14,2
2.89515E+14,2
2.89516E+14,3
2.89516E+14,2
2.89516E+14,2
2.89516E+14,2
2.89516E+14,2
2.89516E+14,2
2.89516E+14,2
2.89516E+14,3
2.89516E+14,3
2.89516E+14,3
2.89516E+14,3
2.89516E+14,3
2.89516E+14,3
2.89516E+14,4
2.89516E+14,4
2.89516E+14,2
2.89516E+14,2
2.89516E+14,3
2.89516E+14,3
2.89516E+14,3
2.89516E+14,4
2.89516E+14,4
2.89516E+14,2
2.89516E+14,2
2.89516E+14,3
2.89516E+14,3
2.89516E+14,2
2.89516E+14,2
2.89516E+14,2
2.89516E+14,2
2.89516E+14,2
2.89516E+14,2
2.89516E+14,2
2.89516E+14,3
2.89516E+14,3
2.89516E+14,4
2.89516E+14,4
2.89516E+14,3
2.89516E+14,3
2.89516E+14,3
2.89516E+14,4
2.89516E+14,2
2.89516E+14,2
2.91609E+14,2
2.91609E+14,2
2.91609E+14,2
2.91609E+14,2
2.91609E+14,2
2.91609E+14,2
2.91609E+14,2
2.91609E+14,1
2.91609E+14,1
2.91609E+14,1
2.91609E+14,1
2.91609E+14,1
2.91609E+14,1
2.91609E+14,2
2.91609E+14,1
2.91609E+14,1
2.91609E+14,1
2.91609E+14,1
2.91609E+14,1
2.91609E+14,1
2.91609E+14,1
2.91609E+14,1
2.91609E+14,1
2.91609E+14,1
2.91609E+14,1
2.91609E+14,1
2.91609E+14,1
2.91609E+14,2
2.91609E+14,2
2.91609E+14,1
2.91609E+14,1
2.91609E+14,1
2.91609E+14,2
2.91609E+14,2
2.91609E+14,1
2.91609E+14,1
2.91609E+14,1
2.91609E+14,1
2.91609E+14,1
2.91609E+14,1
2.91609E+14,1
2.91609E+14,1
2.91609E+14,1
2.91609E+14,2
2.91609E+14,1
2.91609E+14,2
2.91609E+14,2
2.91609E+14,2
2.91609E+14,2
2.91609E+14,2
2.91609E+14,2
2.91609E+14,2
2.91609E+14,2
2.91609E+14,2
2.91609E+14,2
2.91609E+14,2
2.91609E+14,1
2.91609E+14,1
2.91609E+14,2
2.91609E+14,1
2.91609E+14,1
2.91609E+14,1
2.91609E+14,1
2.91609E+14,1
2.91609E+14,1
2.91609E+14,1
2.91609E+14,1
2.91609E+14,1
2.91609E+14,1
2.91609E+14,1
2.91609E+14,2
2.91609E+14,2
2.91609E+14,2
2.91609E+14,2
2.91609E+14,2
2.91609E+14,2
2.9161E+14,2
2.9161E+14,2
2.9161E+14,2
2.9161E+14,2
2.9161E+14,2
2.9161E+14,1
2.9161E+14,2
2.9161E+14,2
2.9161E+14,1
2.9161E+14,1
2.9161E+14,1
2.9161E+14,1
2.9161E+14,1
2.9161E+14,1
2.9161E+14,1
2.9161E+14,1
2.9161E+14,1
2.9161E+14,1
2.9161E+14,2
2.9161E+14,2
2.9161E+14,2
2.9161E+14,2
2.9161E+14,1
2.9161E+14,2
2.9161E+14,2
2.9161E+14,2
2.9161E+14,2
2.9161E+14,2
2.9161E+14,2
2.9161E+14,2
2.9161E+14,2
2.9161E+14,2
2.9161E+14,1
2.9161E+14,2
2.9161E+14,2
2.9161E+14,2
2.9161E+14,2
2.9161E+14,1
2.9161E+14,1
2.9161E+14,1
2.9161E+14,2
2.9161E+14,2
2.9161E+14,2
2.9161E+14,2
2.9993E+14,4
2.99931E+14,4
2.99931E+14,3
2.99931E+14,3
2.99931E+14,3
2.99931E+14,3
2.99931E+14,4
3.00158E+14,2
3.00158E+14,1
3.0016E+14,2
3.0016E+14,1
3.0016E+14,1
3.0016E+14,2
3.0016E+14,1
3.0016E+14,1
3.0016E+14,2
3.0016E+14,1
3.0016E+14,1
3.0016E+14,1
3.0016E+14,2
3.0016E+14,2
3.0016E+14,2
3.0016E+14,3
3.0016E+14,2
3.0016E+14,2
3.0016E+14,3
3.0016E+14,1
3.0016E+14,1
3.0016E+14,1
3.0016E+14,1
3.0016E+14,1
3.0016E+14,1
3.0016E+14,1
3.00161E+14,2
3.00161E+14,1
3.00161E+14,2
3.00161E+14,2
3.00161E+14,1
3.00161E+14,2
3.00161E+14,1
3.00161E+14,1
3.00161E+14,1
3.00161E+14,1
3.00161E+14,2
3.00161E+14,1
3.00161E+14,1
3.00161E+14,1
3.00161E+14,1
3.00161E+14,1
3.00161E+14,1
3.00161E+14,1
3.00161E+14,1
3.00161E+14,1
3.00161E+14,1
3.00161E+14,1
3.00161E+14,1
3.00161E+14,1
3.00161E+14,1
3.00161E+14,1
3.00161E+14,1
3.00161E+14,1
3.00161E+14,1
3.00161E+14,1
3.00161E+14,1
3.00161E+14,1
3.00161E+14,1
3.00161E+14,1
3.00161E+14,1
3.00161E+14,1
3.00161E+14,1
3.00161E+14,1
3.00161E+14,1
3.00161E+14,1
3.00161E+14,1
3.00161E+14,1
3.00161E+14,1
3.00161E+14,1
3.00161E+14,1
3.00161E+14,2
3.00163E+14,2
3.00163E+14,1
3.00163E+14,1
3.00163E+14,1
3.00163E+14,1
3.00163E+14,2
3.00164E+14,2
3.00164E+14,2
3.00164E+14,2
3.00164E+14,1
3.00164E+14,1
3.00164E+14,1
3.00164E+14,1
3.00164E+14,1
3.00164E+14,1
3.00164E+14,1
3.00164E+14,1
3.00164E+14,1
3.00164E+14,1
3.00164E+14,1
3.00164E+14,1
3.00164E+14,1
3.00164E+14,1
3.00164E+14,1
3.00164E+14,1
3.00164E+14,1
3.00164E+14,1
3.00164E+14,1
3.00164E+14,1
3.00164E+14,2
3.00164E+14,1
3.00164E+14,1
3.00164E+14,1
3.00164E+14,1
3.00164E+14,1
3.00164E+14,1
3.00164E+14,1
3.00164E+14,1
3.00164E+14,1
3.00164E+14,1
3.00164E+14,1
3.00164E+14,1
3.00164E+14,1
3.00164E+14,1
3.00164E+14,2
3.00164E+14,1
3.00164E+14,2
3.00164E+14,2
3.00164E+14,2
3.00164E+14,2
3.00164E+14,2
3.00164E+14,2
3.00164E+14,2
3.00164E+14,2
3.00164E+14,2
3.00164E+14,2
3.00164E+14,2
3.00164E+14,1
3.00164E+14,2
3.00164E+14,1
3.00164E+14,1
3.00164E+14,2
3.00164E+14,2
3.00164E+14,2
3.00164E+14,1
3.00164E+14,2
3.00164E+14,1
3.00164E+14,2
3.00164E+14,2
3.00164E+14,2
3.00164E+14,2
3.00164E+14,2
3.00164E+14,2
3.00164E+14,2
3.00164E+14,2
3.00164E+14,2
3.00164E+14,2
3.00164E+14,2
3.00164E+14,1
3.00164E+14,1
3.00164E+14,2
3.00164E+14,2
3.00164E+14,2
3.00164E+14,2
3.00164E+14,2
3.00164E+14,2
3.00164E+14,2
3.00164E+14,2
3.00164E+14,2
3.00164E+14,2
3.00164E+14,2
3.00164E+14,2
3.00164E+14,1
3.00164E+14,1
3.00164E+14,2
3.00164E+14,2
3.00165E+14,2
3.00165E+14,2
3.00165E+14,2
3.00165E+14,2
3.00165E+14,2
3.00165E+14,2
3.00165E+14,2
3.00165E+14,2
3.00165E+14,2
3.00165E+14,2
3.00165E+14,2
3.00165E+14,2
3.00165E+14,2
3.00165E+14,2
3.00165E+14,2
3.00165E+14,2
3.00165E+14,2
3.00165E+14,2
3.00165E+14,2
3.00165E+14,2
3.00165E+14,2
3.00165E+14,2
3.00165E+14,2
3.00165E+14,2
3.00165E+14,2
3.00165E+14,2
3.00165E+14,2
3.00165E+14,2
3.00165E+14,2
3.00165E+14,2
3.00165E+14,2
3.00165E+14,2
3.00886E+14,3
3.00886E+14,3
3.00886E+14,2
3.00886E+14,2
3.00886E+14,2
3.00886E+14,1
3.00886E+14,2
3.00886E+14,2
3.00886E+14,2
3.00886E+14,2
3.00886E+14,2
3.00886E+14,2
3.00886E+14,2
3.00886E+14,2
3.00886E+14,2
3.00886E+14,2
3.00886E+14,2
3.00886E+14,2
3.00886E+14,2
3.00886E+14,2
3.00887E+14,2
3.00887E+14,2
3.00887E+14,2
3.00887E+14,2
3.00887E+14,2
3.00887E+14,2
3.00887E+14,1
3.00887E+14,1
3.00887E+14,2
3.00887E+14,2
3.00887E+14,2
3.00887E+14,2
3.00887E+14,2
3.00887E+14,2
3.00887E+14,3
3.00887E+14,2
3.00887E+14,2
3.00887E+14,2
3.00887E+14,3
3.00887E+14,3
3.00887E+14,2
3.00887E+14,2
3.00887E+14,2
3.00887E+14,2
3.00887E+14,2
3.00887E+14,2
3.00887E+14,2
3.00887E+14,2
3.00887E+14,2
3.00887E+14,3
3.00887E+14,2
3.00887E+14,2
3.00887E+14,2
3.04024E+14,2
3.04024E+14,2
3.04024E+14,1
3.0403E+14,1
3.0403E+14,1
3.0403E+14,1
3.0403E+14,1
3.0403E+14,1
3.0403E+14,1
3.0403E+14,1
3.0403E+14,1
3.0403E+14,1
3.0403E+14,1
3.0403E+14,1
3.0403E+14,1
3.0403E+14,1
3.0403E+14,1
3.0403E+14,1
3.0403E+14,1
3.0403E+14,1
3.0403E+14,2
3.0403E+14,2
3.0403E+14,1
3.0403E+14,1
3.0403E+14,1
3.0403E+14,1
3.0403E+14,1
3.0403E+14,1
3.0403E+14,2
3.0403E+14,1
3.0403E+14,1
3.0403E+14,1
3.0403E+14,1
3.0403E+14,1
3.0403E+14,1
3.0403E+14,1
3.0403E+14,2
3.0403E+14,2
3.0403E+14,2
3.0403E+14,1
3.0403E+14,1
3.0403E+14,1
3.0403E+14,1
3.0403E+14,1
3.0403E+14,2
3.0403E+14,1
3.0403E+14,1
3.0403E+14,2
3.0403E+14,1
3.0403E+14,1
3.0403E+14,1
3.0403E+14,1
3.0403E+14,1
3.0403E+14,1
3.0403E+14,1
3.0403E+14,2
3.0403E+14,1
3.0403E+14,1
3.0403E+14,1
3.0403E+14,1
3.0403E+14,1
3.0403E+14,1
3.0403E+14,1
3.0403E+14,1
3.0403E+14,1
3.0403E+14,1
3.0403E+14,1
3.0403E+14,1
3.0403E+14,1
3.0403E+14,1
3.0403E+14,1
3.0403E+14,1
3.0403E+14,1
3.0403E+14,1
3.0403E+14,1
3.0403E+14,1
3.0403E+14,1
3.0403E+14,1
3.0403E+14,1
3.0403E+14,1
3.0403E+14,1
3.0403E+14,1
3.0403E+14,1
3.0403E+14,1
3.0403E+14,1
3.0403E+14,1
3.0403E+14,1
3.0403E+14,1
3.0403E+14,1
3.0403E+14,1
3.0403E+14,1
3.0403E+14,1
3.0403E+14,2
3.0403E+14,2
3.0403E+14,2
3.0403E+14,1
3.0403E+14,2
3.0403E+14,1
3.0403E+14,2
3.0403E+14,1
3.0403E+14,1
3.0403E+14,1
3.0403E+14,1
3.0403E+14,1
3.0403E+14,1
3.0403E+14,1
3.0403E+14,1
3.0403E+14,1
3.0403E+14,2
3.0403E+14,1
3.0403E+14,1
3.0403E+14,1
3.0403E+14,1
3.0403E+14,1
3.0403E+14,1
3.0403E+14,1
3.0403E+14,1
3.04031E+14,1
3.04031E+14,1
3.04031E+14,1
3.04031E+14,1
3.04031E+14,1
3.04031E+14,1
3.04031E+14,1
3.04031E+14,1
3.04031E+14,1
3.04031E+14,1
3.04031E+14,1
3.04031E+14,1
3.04031E+14,1
3.04031E+14,1
3.04031E+14,1
3.04031E+14,1
3.04031E+14,1
3.04031E+14,1
3.04031E+14,1
3.04031E+14,1
3.04031E+14,1
3.04031E+14,1
3.04031E+14,1
3.04031E+14,1
3.04031E+14,2
3.04031E+14,2
3.04031E+14,1
3.04031E+14,1
3.04031E+14,1
3.04031E+14,1
3.04031E+14,1
3.04031E+14,1
3.04031E+14,1
3.04031E+14,1
3.04031E+14,1
3.04031E+14,1
3.04031E+14,2
3.04031E+14,1
3.04031E+14,1
3.04031E+14,1
3.04031E+14,1
3.04031E+14,1
3.04031E+14,1
3.04031E+14,2
3.04031E+14,2
3.04031E+14,2
3.04031E+14,2
3.04031E+14,1
3.04031E+14,1
3.04031E+14,1
3.04031E+14,2
3.04031E+14,1
3.04031E+14,1
3.04031E+14,2
3.04031E+14,1
3.04031E+14,1
3.04032E+14,1
3.04032E+14,2
3.04032E+14,2
3.04032E+14,2
3.04032E+14,1
3.04032E+14,2
3.04032E+14,1
3.04032E+14,1
3.04032E+14,2
3.04032E+14,1
3.04032E+14,1
3.04032E+14,1
3.04032E+14,1
3.04032E+14,1
3.04032E+14,1
3.04032E+14,1
3.04032E+14,1
3.04032E+14,2
3.04033E+14,2
3.04033E+14,2
3.04033E+14,2
3.04149E+14,2
3.04149E+14,3
3.04149E+14,2
3.04149E+14,2
3.04149E+14,2
3.04149E+14,3
3.04149E+14,2
3.04149E+14,2
3.04149E+14,2
3.04149E+14,2
3.04149E+14,2
3.04149E+14,2
3.04149E+14,2
3.04149E+14,2
3.04149E+14,2
3.04149E+14,2
3.04149E+14,2
3.0415E+14,2
3.0415E+14,2
3.0415E+14,2
3.0415E+14,2
3.0415E+14,2
3.0415E+14,2
3.0415E+14,2
3.0415E+14,2
3.04151E+14,2
3.04151E+14,3
3.04151E+14,3
3.04151E+14,2
3.04151E+14,2
3.04151E+14,2
3.04151E+14,2
3.04151E+14,2
3.04151E+14,2
3.04152E+14,2
3.04152E+14,2
3.04152E+14,2
3.04152E+14,2
3.04152E+14,2
3.04152E+14,2
3.04152E+14,2
3.04152E+14,2
3.04152E+14,2
3.04152E+14,2
3.04152E+14,2
3.04152E+14,2
3.04152E+14,2
3.04152E+14,1
3.04152E+14,1
3.04152E+14,2
3.04152E+14,2
3.04152E+14,2
3.04152E+14,3
3.04152E+14,2
3.04152E+14,2
3.04152E+14,2
3.04152E+14,2
3.04152E+14,3
3.04152E+14,3
3.04152E+14,2
3.04152E+14,2
3.04152E+14,2
3.04152E+14,2
3.04152E+14,2
3.04152E+14,2
3.04152E+14,1
3.04152E+14,1
3.04152E+14,2
3.04152E+14,1
3.04152E+14,1
3.04152E+14,1
3.04152E+14,1
3.04152E+14,1
3.04152E+14,1
3.04152E+14,1
3.04152E+14,1
3.04152E+14,2
3.04152E+14,2
3.04152E+14,1
3.04152E+14,1
3.04152E+14,1
3.04199E+14,3
3.04199E+14,2
3.04199E+14,2
3.04199E+14,3
3.04199E+14,2
3.04199E+14,2
3.04199E+14,2
3.04199E+14,3
3.04199E+14,2
3.04199E+14,2
3.04199E+14,2
3.04199E+14,3
3.042E+14,3
3.042E+14,3
3.042E+14,3
3.042E+14,3
3.042E+14,2
3.042E+14,3
3.042E+14,3
3.042E+14,3
3.042E+14,3
3.042E+14,3
3.042E+14,2
3.042E+14,3
3.042E+14,2
3.042E+14,2
3.042E+14,2
3.042E+14,3
3.042E+14,2
3.042E+14,2
3.042E+14,2
3.042E+14,2
3.042E+14,2
3.042E+14,3
3.042E+14,2
3.042E+14,2
3.042E+14,3
3.042E+14,3
3.042E+14,2
3.042E+14,2
3.042E+14,2
3.042E+14,3
3.042E+14,2
3.042E+14,2
3.042E+14,2
3.042E+14,2
3.042E+14,2
3.042E+14,2
3.042E+14,2
3.042E+14,3
3.042E+14,3
3.042E+14,3
3.042E+14,3
3.042E+14,2
3.042E+14,3
3.042E+14,2
3.042E+14,2
3.042E+14,2
3.042E+14,2
3.042E+14,3
3.042E+14,3
3.042E+14,2
3.042E+14,2
3.042E+14,2
3.042E+14,2
3.042E+14,3
3.042E+14,3
3.042E+14,3
3.042E+14,3
3.042E+14,2
3.042E+14,3
3.042E+14,2
3.042E+14,2
3.042E+14,2
3.042E+14,2
3.042E+14,2
3.042E+14,2
3.042E+14,2
3.042E+14,2
3.042E+14,3
3.042E+14,2
3.042E+14,2
3.042E+14,2
3.042E+14,2
3.042E+14,2
3.042E+14,3
3.042E+14,2
3.042E+14,2
3.042E+14,2
3.042E+14,2
3.042E+14,2
3.042E+14,2
3.042E+14,2
3.042E+14,2
3.042E+14,2
3.042E+14,2
3.042E+14,3
3.042E+14,2
3.042E+14,3
3.042E+14,2
3.042E+14,2
3.042E+14,2
3.042E+14,2
3.042E+14,2
3.042E+14,2
3.042E+14,2
3.042E+14,2
3.042E+14,2
3.042E+14,2
3.042E+14,2
3.042E+14,2
3.042E+14,3
3.04202E+14,5
3.04202E+14,4
3.04202E+14,6
3.04208E+14,1
3.04208E+14,2
3.04208E+14,1
3.04208E+14,1
3.04208E+14,1
3.04208E+14,1
3.04208E+14,1
3.04208E+14,1
3.04208E+14,1
3.04208E+14,1
3.04208E+14,1
3.04208E+14,1
3.04208E+14,2
3.04208E+14,2
3.04208E+14,2
3.04208E+14,2
3.04208E+14,2
3.04208E+14,2
3.04208E+14,2
3.0421E+14,6
3.0421E+14,6
3.0523E+14,2
3.0523E+14,1
3.0523E+14,2
3.0523E+14,1
3.0523E+14,1
3.0523E+14,1
3.0523E+14,2
3.05231E+14,5
3.05231E+14,5
3.05231E+14,7
3.05231E+14,7
3.05231E+14,4
3.05231E+14,4
3.05231E+14,4
3.05231E+14,5
3.05231E+14,6
3.05231E+14,4
3.05232E+14,7
3.05245E+14,1
3.05245E+14,1
3.05245E+14,1
3.05247E+14,1
3.05247E+14,1
3.05247E+14,1
3.05247E+14,2
3.05247E+14,2
3.05247E+14,1
3.05247E+14,1
3.05247E+14,1
3.05247E+14,1
3.05247E+14,1
3.05247E+14,1
3.05247E+14,1
3.05247E+14,1
3.05247E+14,1
3.05247E+14,1
3.05247E+14,1
3.05247E+14,1
3.05247E+14,1
3.05247E+14,1
3.05247E+14,1
3.05247E+14,1
3.05247E+14,1
3.05247E+14,1
3.05247E+14,1
3.05247E+14,1
3.05247E+14,1
3.05247E+14,1
3.05247E+14,1
3.05247E+14,1
3.05247E+14,1
3.05247E+14,1
3.05247E+14,1
3.05247E+14,1
3.05247E+14,1
3.05247E+14,1
3.05247E+14,1
3.05247E+14,1
3.05247E+14,1
3.05247E+14,1
3.05247E+14,1
3.05247E+14,1
3.05247E+14,1
3.05247E+14,2
3.05247E+14,1
3.05247E+14,1
3.05247E+14,1
3.05247E+14,2
3.05247E+14,1
3.05282E+14,1
3.05282E+14,1
3.05282E+14,1
3.05282E+14,1
3.05282E+14,1
3.05282E+14,1
3.05282E+14,1
3.06265E+14,2
3.06265E+14,2
3.06265E+14,1
3.06265E+14,1
3.06265E+14,1
3.06265E+14,1
3.06265E+14,1
3.06265E+14,1
3.06265E+14,1
3.06265E+14,1
3.06265E+14,1
3.06265E+14,1
3.06265E+14,2
3.06265E+14,1
3.06265E+14,1
3.06265E+14,1
3.06265E+14,1
3.06265E+14,1
3.06265E+14,1
3.06265E+14,1
3.06265E+14,1
3.06265E+14,2
3.06265E+14,1
3.06265E+14,1
3.06265E+14,1
3.06265E+14,1
3.06265E+14,1
3.06265E+14,1
3.06265E+14,1
3.06266E+14,1
3.06266E+14,1
3.06266E+14,1
3.06266E+14,1
3.06266E+14,1
3.06266E+14,1
3.06266E+14,1
3.06266E+14,1
3.06266E+14,1
3.06266E+14,1
3.06266E+14,1
3.06266E+14,1
3.06266E+14,1
3.06266E+14,1
3.06266E+14,1
3.06266E+14,2
3.06266E+14,1
3.06266E+14,1
3.06266E+14,1
3.06266E+14,1
3.06266E+14,1
3.06266E+14,2
3.06266E+14,1
3.06266E+14,1
3.06266E+14,1
3.06266E+14,1
3.06266E+14,1
3.06266E+14,1
3.06266E+14,1
3.06266E+14,1
3.06266E+14,1
3.06266E+14,1
3.06266E+14,1
3.06266E+14,2
3.06266E+14,1
3.06266E+14,1
3.06266E+14,1
3.06266E+14,1
3.06266E+14,1
3.06266E+14,1
3.06266E+14,1
3.06266E+14,1
3.06266E+14,1
3.06266E+14,1
3.06266E+14,1
3.06266E+14,1
3.06266E+14,1
3.06266E+14,1
3.06266E+14,1
3.06266E+14,2
3.06266E+14,1
3.06266E+14,1
3.06266E+14,1
3.06266E+14,1
3.06266E+14,1
3.06266E+14,1
3.06266E+14,1
3.06266E+14,1
3.06266E+14,1
3.06266E+14,1
3.06266E+14,1
3.06266E+14,1
3.06266E+14,1
3.06266E+14,1
3.06266E+14,1
3.06266E+14,1
3.06266E+14,1
3.06266E+14,1
3.06266E+14,1
3.06266E+14,1
3.06266E+14,1
3.06266E+14,1
3.06266E+14,1
3.06266E+14,1
3.06266E+14,1
3.06266E+14,1
3.06266E+14,1
3.06266E+14,1
3.06266E+14,1
3.06266E+14,1
3.06266E+14,1
3.06266E+14,1
3.06266E+14,1
3.06266E+14,1
3.06266E+14,1
3.06266E+14,1
3.06266E+14,1
3.06266E+14,1
3.06266E+14,1
3.06266E+14,1
3.06266E+14,1
3.06266E+14,2
3.06266E+14,1
3.06266E+14,1
3.06266E+14,1
3.06266E+14,1
3.06266E+14,1
3.06266E+14,1
3.06266E+14,1
3.06266E+14,1
3.06266E+14,1
3.06266E+14,1
3.06266E+14,1
3.06266E+14,1
3.06266E+14,1
3.06266E+14,1
3.06266E+14,1
3.06266E+14,1
3.06266E+14,1
3.06266E+14,2
3.06266E+14,2
3.06266E+14,2
3.06266E+14,2
3.06266E+14,2
3.06266E+14,2
3.06266E+14,2
3.06266E+14,2
3.06266E+14,2
3.06266E+14,2
3.06266E+14,2
3.06266E+14,2
3.06266E+14,2
3.06266E+14,2
3.06266E+14,2
3.06266E+14,2
3.06266E+14,2
3.06266E+14,2
3.06266E+14,2
3.06266E+14,2
3.06266E+14,2
3.06266E+14,2
3.06267E+14,2
3.06267E+14,1
3.06267E+14,1
3.06267E+14,2
3.06267E+14,1
3.06267E+14,2
3.06267E+14,2
3.06267E+14,1
3.06267E+14,2
3.06267E+14,2
3.06267E+14,2
3.06267E+14,2
3.06267E+14,1
3.06267E+14,2
3.06268E+14,2
3.06268E+14,1
3.06269E+14,1
3.06269E+14,2
3.06269E+14,1
3.06269E+14,1
3.06269E+14,2
3.06269E+14,1
3.06269E+14,1
3.06269E+14,1
3.06269E+14,1
3.06269E+14,1
3.06269E+14,2
3.06269E+14,1
3.06269E+14,1
3.06269E+14,1
3.06269E+14,1
3.06269E+14,1
3.06269E+14,1
3.06269E+14,1
3.06269E+14,1
3.06269E+14,1
3.06269E+14,1
3.06269E+14,1
3.06269E+14,1
3.06269E+14,1
3.06269E+14,1
3.06269E+14,1
3.06269E+14,1
3.06269E+14,2
3.06269E+14,2
3.06269E+14,2
3.06269E+14,1
3.06269E+14,1
3.06269E+14,1
3.06269E+14,1
3.06269E+14,1
3.06269E+14,1
3.06269E+14,1
3.06269E+14,1
3.06269E+14,1
3.06269E+14,1
3.06269E+14,1
3.06269E+14,1
3.06269E+14,1
3.06269E+14,1
3.06269E+14,1
3.06269E+14,1
3.06269E+14,1
3.06269E+14,2
3.06269E+14,1
3.06269E+14,1
3.06269E+14,1
3.06269E+14,1
3.06269E+14,1
3.06269E+14,1
3.06269E+14,1
3.06269E+14,1
3.06269E+14,2
3.06269E+14,1
3.06269E+14,1
3.06269E+14,1
3.06269E+14,1
3.06269E+14,1
3.06269E+14,1
3.06269E+14,2
3.06269E+14,1
3.06269E+14,1
3.06269E+14,1
3.06269E+14,1
3.06269E+14,1
3.06269E+14,2
3.06269E+14,2
3.06269E+14,1
3.06269E+14,1
3.06269E+14,1
3.06269E+14,1
3.06269E+14,1
3.06269E+14,1
3.06269E+14,1
3.06269E+14,1
3.06269E+14,1
3.06269E+14,1
3.06269E+14,1
3.06269E+14,2
3.06269E+14,1
3.06269E+14,1
3.06269E+14,1
3.06269E+14,1
3.06269E+14,1
3.06269E+14,1
3.06269E+14,2
3.06269E+14,2
3.06269E+14,2
3.06269E+14,1
3.06269E+14,1
3.06269E+14,2
3.06269E+14,2
3.06269E+14,1
3.06269E+14,1
3.06269E+14,2
3.06269E+14,1
3.06269E+14,1
3.06269E+14,2
3.06269E+14,1
3.06269E+14,1
3.06269E+14,2
3.06269E+14,1
3.06269E+14,1
3.06269E+14,1
3.06269E+14,1
3.06269E+14,1
3.06269E+14,1
3.06269E+14,2
3.06269E+14,1
3.06269E+14,1
3.06269E+14,2
3.06269E+14,1
3.06269E+14,1
3.06269E+14,2
3.06269E+14,1
3.06269E+14,1
3.06269E+14,1
3.06269E+14,1
3.06269E+14,1
3.06269E+14,1
3.06269E+14,1
3.06269E+14,1
3.06269E+14,2
3.06269E+14,1
3.06269E+14,1
3.06269E+14,1
3.06269E+14,2
3.06269E+14,2
3.06276E+14,1
3.06276E+14,1
3.06276E+14,1
3.06276E+14,1
3.06276E+14,1
3.06276E+14,1
3.06276E+14,1
3.06276E+14,1
3.06276E+14,2
3.06276E+14,1
3.06276E+14,1
3.06276E+14,1
3.06276E+14,1
3.06276E+14,1
3.06276E+14,1
3.06276E+14,1
3.06276E+14,1
3.06276E+14,1
3.06276E+14,1
3.06276E+14,2
3.06276E+14,2
3.06276E+14,1
3.06276E+14,2
3.06276E+14,1
3.06276E+14,2
3.06276E+14,1
3.06276E+14,1
3.06276E+14,1
3.06276E+14,1
3.06276E+14,1
3.06276E+14,1
3.06276E+14,1
3.06276E+14,1
3.06276E+14,1
3.06276E+14,1
3.06276E+14,1
3.06276E+14,1
3.06276E+14,1
3.06276E+14,1
3.06276E+14,1
3.06276E+14,1
3.06276E+14,1
3.06276E+14,1
3.06276E+14,1
3.06276E+14,1
3.06276E+14,1
3.06276E+14,1
3.06336E+14,1
3.06336E+14,1
3.06336E+14,2
3.06336E+14,1
3.06336E+14,1
3.06336E+14,1
3.06336E+14,1
3.06336E+14,1
3.06336E+14,1
3.06336E+14,1
3.06336E+14,1
3.06336E+14,1
3.06336E+14,1
3.06336E+14,1
3.06336E+14,1
3.06336E+14,1
3.06336E+14,1
3.06336E+14,1
3.06336E+14,1
3.06336E+14,1
3.06336E+14,1
3.06336E+14,2
3.06336E+14,1
3.06336E+14,2
3.06336E+14,2
3.06336E+14,1
3.06336E+14,2
3.06336E+14,1
3.06336E+14,1
3.06336E+14,1
3.06336E+14,2
3.06336E+14,1
3.06336E+14,1
3.06336E+14,1
3.06336E+14,1
3.06336E+14,1
3.06336E+14,1
3.06336E+14,1
3.06336E+14,2
3.06336E+14,2
3.06336E+14,1
3.06336E+14,1
3.06336E+14,1
3.06336E+14,1
3.06336E+14,1
3.06336E+14,1
3.06336E+14,2
3.06336E+14,1
3.06336E+14,1
3.06336E+14,2
3.06336E+14,1
3.06336E+14,1
3.06336E+14,2
3.06336E+14,1
3.06336E+14,2
3.06336E+14,1
3.06336E+14,1
3.06336E+14,1
3.06336E+14,1
3.06336E+14,1
3.06336E+14,1
3.06336E+14,1
3.06336E+14,1
3.06336E+14,1
3.06336E+14,1
3.06336E+14,1
3.06336E+14,1
3.06336E+14,1
3.06336E+14,1
3.06336E+14,1
3.06336E+14,1
3.06336E+14,2
3.06336E+14,1
3.06336E+14,1
3.06336E+14,1
3.06336E+14,1
3.06336E+14,1
3.06336E+14,1
3.06336E+14,1
3.06336E+14,1
3.06336E+14,1
3.06336E+14,1
3.06336E+14,2
3.06336E+14,2
3.06336E+14,2
3.06336E+14,2
3.06336E+14,2
3.06336E+14,1
3.06349E+14,1
3.06349E+14,1
3.06349E+14,1
3.0635E+14,1
3.0635E+14,1
3.0635E+14,1
3.0635E+14,1
3.0635E+14,1
3.0635E+14,1
3.0635E+14,2
3.0635E+14,1
3.0635E+14,1
3.0635E+14,2
3.0635E+14,1
3.0635E+14,1
3.0635E+14,2
3.0635E+14,1
3.0635E+14,2
3.0635E+14,1
3.0635E+14,1
3.0635E+14,1
3.0635E+14,1
3.0635E+14,1
3.0635E+14,1
3.0635E+14,2
3.0635E+14,1
3.0635E+14,1
3.0635E+14,2
3.0635E+14,1
3.0635E+14,1
3.0635E+14,1
3.0635E+14,1
3.0635E+14,1
3.0635E+14,1
3.0635E+14,1
3.0635E+14,2
3.0635E+14,2
3.0635E+14,1
3.0635E+14,2
3.0635E+14,2
3.0635E+14,1
3.0635E+14,1
3.0635E+14,1
3.0635E+14,2
3.0635E+14,2
3.3523E+14,1
3.3523E+14,1
3.3523E+14,1
3.3523E+14,1
3.3523E+14,2
3.3523E+14,1
3.3523E+14,2
3.3523E+14,2
3.3523E+14,2
3.3523E+14,2
3.3523E+14,2
3.3523E+14,2
3.35231E+14,1
3.35231E+14,1
3.35231E+14,1
3.35231E+14,2
3.35231E+14,1
3.35231E+14,2
3.35231E+14,2
3.35231E+14,2
3.35231E+14,1
3.35231E+14,1
3.35231E+14,1
3.35231E+14,1
3.35231E+14,1
3.35231E+14,1
3.35231E+14,1
3.35231E+14,1
3.35231E+14,2
3.35231E+14,2
3.35231E+14,2
3.35231E+14,2
3.35231E+14,2
3.35231E+14,2
3.35231E+14,1
3.35231E+14,2
3.35231E+14,2
3.35231E+14,2
3.35231E+14,2
3.35231E+14,2
3.35231E+14,2
3.35231E+14,2
3.35231E+14,2
3.35231E+14,2
3.35231E+14,2
3.35231E+14,2
3.35231E+14,2
3.35231E+14,2
3.35231E+14,3
3.35231E+14,2
3.35231E+14,2
3.35231E+14,2
3.35231E+14,2
3.35231E+14,2
3.35231E+14,2
3.35231E+14,2
3.35231E+14,2
3.35232E+14,1
3.35232E+14,1
3.35232E+14,1
3.35232E+14,1
3.35232E+14,2
3.35232E+14,2
3.35232E+14,2
3.35232E+14,2
3.35232E+14,2
3.35232E+14,1
3.35232E+14,1
3.35232E+14,1
3.35232E+14,1
3.35232E+14,1
3.35232E+14,1
3.35232E+14,1
3.35232E+14,2
3.35232E+14,2
3.35232E+14,2
3.35232E+14,1
3.35232E+14,2
3.35232E+14,2
3.35232E+14,2
3.35232E+14,2
3.35232E+14,1
3.35232E+14,2
3.35232E+14,2
3.35232E+14,1
3.35232E+14,2
3.35232E+14,2
3.35232E+14,2
3.35232E+14,2
3.35232E+14,1
3.35232E+14,1
3.35232E+14,2
3.35232E+14,2
3.35232E+14,2
3.35232E+14,2
3.35232E+14,2
3.35232E+14,2
3.35232E+14,2
3.35232E+14,2
3.35232E+14,2
3.35232E+14,2
3.35232E+14,2
3.35232E+14,2
3.35232E+14,2
3.35232E+14,2
3.35232E+14,2
3.35232E+14,2
3.35232E+14,2
3.35232E+14,1
3.35232E+14,2
3.35232E+14,1
3.35232E+14,1
3.35232E+14,1
3.35232E+14,1
3.35232E+14,1
3.35232E+14,1
3.35232E+14,2
3.35232E+14,2
3.35232E+14,2
3.35232E+14,2
3.35232E+14,2
3.35232E+14,2
3.35232E+14,2
3.35232E+14,2
3.35232E+14,2
3.35232E+14,2
3.35232E+14,1
3.35232E+14,2
3.35232E+14,2
3.35232E+14,2
3.35232E+14,2
3.35232E+14,2
3.35232E+14,2
3.35232E+14,2
3.35232E+14,2
3.35232E+14,2
3.35232E+14,2
3.35232E+14,2
3.35232E+14,2
3.35232E+14,2
3.35232E+14,2
3.35232E+14,2
3.35232E+14,2
3.35232E+14,2
3.35232E+14,3
3.35232E+14,2
3.35232E+14,2
3.35232E+14,2
3.35232E+14,2
3.35232E+14,2
3.35232E+14,2
3.35232E+14,2
3.35232E+14,2
3.35232E+14,2
3.35232E+14,3
3.35232E+14,3
3.35232E+14,2
3.35232E+14,1
3.35232E+14,1
3.35232E+14,1
3.35232E+14,1
3.35232E+14,1
3.35232E+14,1
3.35232E+14,1
3.35232E+14,1
3.35232E+14,1
3.35232E+14,1
3.35232E+14,2
3.35232E+14,2
3.35232E+14,2
3.35232E+14,2
3.35232E+14,2
3.35232E+14,1
3.35232E+14,2
3.35232E+14,1
3.35232E+14,2
3.35232E+14,1
3.35232E+14,2
3.35232E+14,2
3.35232E+14,2
3.35232E+14,2
3.35232E+14,2
3.35232E+14,2
3.35232E+14,2
3.35232E+14,2
3.35232E+14,2
3.35232E+14,2
3.35232E+14,2
3.35232E+14,2
3.35232E+14,2
3.35232E+14,2
3.35232E+14,2
3.35232E+14,2
3.35232E+14,1
3.35445E+14,2
3.35445E+14,2
3.35445E+14,2
3.35445E+14,2
3.35445E+14,2
3.35445E+14,2
3.35445E+14,2
3.35445E+14,2
3.35445E+14,2
3.35445E+14,2
3.35445E+14,2
3.35445E+14,2
3.35445E+14,2
3.35445E+14,2
3.35445E+14,2
3.35445E+14,2
3.35445E+14,2
3.35445E+14,2
3.35445E+14,2
3.35445E+14,2
3.35445E+14,2
3.35445E+14,2
3.35445E+14,2
3.35445E+14,2
3.35445E+14,2
3.35445E+14,2
3.35445E+14,1
3.35445E+14,2
3.35445E+14,2
3.35445E+14,2
3.35445E+14,2
3.35445E+14,2
3.35445E+14,2
3.35445E+14,2
3.35445E+14,3
3.35445E+14,2
3.35445E+14,2
3.35445E+14,2
3.35445E+14,2
3.35445E+14,2
3.35445E+14,2
3.35445E+14,2
3.35445E+14,2
3.35445E+14,2
3.35445E+14,2
3.35445E+14,2
3.35445E+14,2
3.35445E+14,2
3.35445E+14,2
3.35445E+14,2
3.35445E+14,2
3.35445E+14,2
3.35445E+14,2
3.35445E+14,2
3.35445E+14,2
3.35445E+14,2
3.35445E+14,2
3.35445E+14,2
3.35445E+14,2
3.35445E+14,2
3.35445E+14,2
3.35445E+14,2
3.35445E+14,2
3.35445E+14,2
3.35445E+14,2
3.35445E+14,2
3.35446E+14,2
3.35446E+14,2
3.35446E+14,2
3.35446E+14,2
3.35446E+14,2
3.35446E+14,2
3.35446E+14,2
3.35446E+14,2
3.35446E+14,2
3.35446E+14,2
3.35446E+14,2
3.35446E+14,2
3.35446E+14,2
3.35446E+14,2
3.35446E+14,2
3.35446E+14,2
3.35446E+14,2
3.35446E+14,2
3.35446E+14,2
3.35446E+14,2
3.35446E+14,2
3.35446E+14,2
3.35446E+14,2
3.35446E+14,2
3.35446E+14,2
3.35446E+14,2
3.35446E+14,2
3.35446E+14,2
3.35446E+14,2
3.35446E+14,2
3.35446E+14,2
3.35446E+14,2
3.35446E+14,2
3.37702E+14,3
3.37702E+14,2
3.37702E+14,2
3.37702E+14,2
3.37702E+14,2
3.37702E+14,2
3.37702E+14,2
3.37702E+14,2
3.37702E+14,2
3.37702E+14,2
3.37702E+14,2
3.37702E+14,2
3.37702E+14,1
3.37702E+14,1
3.37702E+14,2
3.37702E+14,2
3.37702E+14,1
3.37702E+14,1
3.37702E+14,1
3.37702E+14,2
3.37702E+14,1
3.37702E+14,1
3.37702E+14,2
3.37702E+14,1
3.37702E+14,1
3.37702E+14,2
3.37702E+14,1
3.37702E+14,3
3.37702E+14,2
3.37702E+14,2
3.37702E+14,2
3.37702E+14,2
3.37702E+14,2
3.37702E+14,2
3.37702E+14,2
3.37702E+14,2
3.37702E+14,2
3.37702E+14,2
3.37702E+14,2
3.37702E+14,2
3.37702E+14,2
3.37702E+14,1
3.37702E+14,2
3.37702E+14,1
3.37702E+14,1
3.37702E+14,1
3.37702E+14,2
3.37702E+14,2
3.37702E+14,2
3.37702E+14,2
3.37702E+14,2
3.37702E+14,2
3.37702E+14,2
3.37702E+14,1
3.37702E+14,1
3.37702E+14,1
3.37702E+14,1
3.37702E+14,1
3.37702E+14,1
3.37702E+14,1
3.37702E+14,1
3.37702E+14,1
3.37702E+14,1
3.37702E+14,1
3.37702E+14,1
3.37702E+14,1
3.37702E+14,1
3.37702E+14,1
3.37702E+14,1
3.37702E+14,1
3.37702E+14,1
3.37702E+14,2
3.37702E+14,2
3.37702E+14,2
3.37702E+14,2
3.37702E+14,2
3.37702E+14,2
3.37702E+14,2
3.37702E+14,1
3.37702E+14,1
3.37702E+14,1
3.37702E+14,1
3.37702E+14,2
3.37702E+14,1
3.37702E+14,1
3.37702E+14,1
3.37702E+14,1
3.37702E+14,1
3.37702E+14,1
3.37702E+14,1
3.37702E+14,1
3.37702E+14,1
3.37702E+14,1
3.37702E+14,1
3.37702E+14,1
3.37702E+14,2
3.37703E+14,2
3.37703E+14,2
3.37703E+14,2
3.37703E+14,2
3.37703E+14,2
3.37703E+14,2
3.37703E+14,2
3.37703E+14,2
3.37703E+14,2
3.47195E+14,2
3.47195E+14,2
3.47195E+14,2
3.47195E+14,2
3.47195E+14,2
3.47195E+14,2
3.47195E+14,2
3.47195E+14,2
3.47195E+14,3
3.47195E+14,2
3.47196E+14,2
3.47196E+14,2
3.47196E+14,2
3.47196E+14,2
3.47196E+14,2
3.47196E+14,2
3.47196E+14,2
3.47196E+14,2
3.47196E+14,2
3.47196E+14,2
3.47196E+14,2
3.47196E+14,2
3.47196E+14,2
3.47196E+14,3
3.47196E+14,2
3.47196E+14,3
3.47196E+14,3
3.47196E+14,2
3.47196E+14,2
3.47196E+14,2
3.47196E+14,3
3.47196E+14,3
3.47196E+14,3
3.47196E+14,2
3.47196E+14,2
3.47196E+14,2
3.47196E+14,2
3.47196E+14,2
3.47196E+14,2
3.47196E+14,2
3.47196E+14,2
3.47196E+14,2
3.47196E+14,2
3.47196E+14,2
3.47196E+14,2
3.47196E+14,2
3.47196E+14,2
3.47196E+14,2
3.47196E+14,3
3.47196E+14,2
3.47196E+14,2
3.47196E+14,2
3.47196E+14,2
3.47196E+14,2
3.47196E+14,2
3.47196E+14,2
3.47196E+14,2
3.47196E+14,2
3.47196E+14,2
3.47196E+14,2
3.47196E+14,2
3.47196E+14,2
3.47196E+14,2
3.47196E+14,2
3.47196E+14,2
3.47196E+14,2
3.47196E+14,2
3.47196E+14,2
3.47196E+14,2
3.47196E+14,3
3.47196E+14,3
3.47196E+14,3
3.47196E+14,3
3.47196E+14,3
3.47196E+14,2
3.47196E+14,2
3.47196E+14,2
3.47196E+14,2
3.47196E+14,2
3.47196E+14,2
3.47196E+14,2
3.47196E+14,2
3.47196E+14,2
3.47196E+14,2
3.47196E+14,2
3.47196E+14,2
3.47196E+14,2
3.47196E+14,2
3.47196E+14,2
3.47196E+14,2
3.47196E+14,2
3.47196E+14,2
3.47196E+14,2
3.47196E+14,2
3.47196E+14,2
3.47196E+14,2
3.47196E+14,3
3.47196E+14,3
3.47196E+14,2
3.47196E+14,3
3.47196E+14,2
3.47196E+14,2
3.47196E+14,2
3.47196E+14,2
3.47196E+14,2
3.47196E+14,2
3.47196E+14,2
3.47196E+14,2
3.47196E+14,2
3.47196E+14,3
3.47196E+14,3
3.47196E+14,2
3.47196E+14,2
3.47196E+14,2
3.47196E+14,2
3.47196E+14,2
3.47196E+14,2
3.47196E+14,2
3.47196E+14,2
3.47196E+14,2
3.47196E+14,2
3.47196E+14,2
3.47196E+14,2
3.47196E+14,2
3.47196E+14,2
3.47196E+14,2
3.47196E+14,2
3.47196E+14,2
3.47196E+14,2
3.47196E+14,2
3.47196E+14,2
3.47196E+14,3
3.47196E+14,3
3.47196E+14,3
3.47196E+14,3
3.47196E+14,3
3.47196E+14,3
3.47196E+14,2
3.47196E+14,2
3.47196E+14,3
3.47196E+14,2
3.47196E+14,2
3.47196E+14,2
3.47196E+14,2
3.47196E+14,3
3.47196E+14,3
3.47196E+14,2
3.47196E+14,2
3.47196E+14,2
3.47196E+14,2
3.47196E+14,2
3.47196E+14,2
3.47196E+14,2
3.47196E+14,2
3.47196E+14,2
3.47196E+14,2
3.47196E+14,2
3.47196E+14,2
3.47196E+14,2
3.47196E+14,2
3.47196E+14,2
3.47196E+14,2
3.47196E+14,3
3.47196E+14,3
3.47196E+14,3
3.47196E+14,3
3.47196E+14,3
3.47196E+14,3
3.47196E+14,3
3.47197E+14,2
3.47197E+14,2
3.47197E+14,2
3.47197E+14,2
3.47197E+14,2
3.47197E+14,2
3.47197E+14,3
3.47393E+14,1
3.47393E+14,2
3.47393E+14,3
3.47395E+14,2
3.47395E+14,2
3.47395E+14,3
3.47395E+14,3
3.47395E+14,3
3.47395E+14,3
3.47395E+14,2
3.47395E+14,2
3.47395E+14,2
3.47395E+14,1
3.47395E+14,2
3.47395E+14,2
3.47395E+14,3
3.47395E+14,3
3.47395E+14,3
3.47395E+14,3
3.47395E+14,3
3.47395E+14,3
3.47395E+14,3
3.47395E+14,3
3.47395E+14,3
3.47395E+14,3
3.47395E+14,3
3.47395E+14,3
3.47395E+14,3
3.47395E+14,3
3.47395E+14,1
3.47395E+14,3
3.47395E+14,3
3.47395E+14,3
3.47395E+14,3
3.47395E+14,3
3.47395E+14,3
3.47395E+14,3
3.47395E+14,3
3.47395E+14,3
3.47395E+14,3
3.47395E+14,3
3.47395E+14,3
3.47395E+14,3
3.47395E+14,3
3.47395E+14,2
3.47395E+14,3
3.47395E+14,3
3.47395E+14,3
3.47395E+14,3
3.47395E+14,3
3.47395E+14,3
3.47395E+14,3
3.47395E+14,3
3.47395E+14,2
3.47395E+14,2
3.47395E+14,2
3.47395E+14,2
3.47395E+14,2
3.47395E+14,2
3.47395E+14,3
3.47395E+14,3
3.47395E+14,3
3.47395E+14,3
3.47395E+14,3
3.47395E+14,2
3.47395E+14,2
3.47395E+14,2
3.47395E+14,2
3.47395E+14,2
3.47395E+14,3
3.47395E+14,3
3.47395E+14,3
3.47395E+14,3
3.47395E+14,3
3.47395E+14,3
3.51508E+14,2
3.51508E+14,2
3.51508E+14,2
3.51508E+14,2
3.51508E+14,2
3.51508E+14,2
3.51508E+14,2
3.51508E+14,3
3.51508E+14,2
3.51508E+14,2
3.51508E+14,2
3.51508E+14,2
3.51508E+14,2
3.51508E+14,2
3.51508E+14,2
3.51508E+14,2
3.51508E+14,2
3.51508E+14,2
3.51508E+14,2
3.51508E+14,2
3.51508E+14,2
3.51508E+14,3
3.51508E+14,2
3.51508E+14,2
3.51508E+14,2
3.51508E+14,2
3.51508E+14,2
3.51508E+14,3
3.51508E+14,2
3.51508E+14,2
3.51508E+14,2
3.51508E+14,2
3.51508E+14,3
3.51508E+14,3
3.51508E+14,2
3.51508E+14,2
3.51508E+14,2
3.51508E+14,3
3.51508E+14,3
3.51508E+14,3
3.51508E+14,2
3.51508E+14,2
3.51508E+14,2
3.51508E+14,2
3.51508E+14,2
3.51508E+14,2
3.51509E+14,2
3.51509E+14,2
3.51509E+14,2
3.51509E+14,2
3.51509E+14,2
3.51509E+14,2
3.51509E+14,2
3.51509E+14,2
3.51509E+14,2
3.51509E+14,2
3.51509E+14,2
3.51509E+14,2
3.51509E+14,2
3.51509E+14,2
3.51509E+14,2
3.51509E+14,2
3.51509E+14,2
3.51509E+14,2
3.51509E+14,2
3.51509E+14,2
3.51509E+14,2
3.51509E+14,2
3.51509E+14,2
3.51509E+14,2
3.51509E+14,2
3.51509E+14,1
3.51509E+14,2
3.51509E+14,2
3.51509E+14,2
3.51509E+14,2
3.51509E+14,2
3.51509E+14,2
3.51509E+14,2
3.53324E+14,4
3.53325E+14,4
3.53325E+14,4
3.53325E+14,4
3.53325E+14,3
3.53325E+14,4
3.53325E+14,4
3.53325E+14,3
3.53325E+14,3
3.53325E+14,3
3.53325E+14,3
3.53325E+14,4
3.53325E+14,3
3.53325E+14,5
3.53325E+14,4
3.53325E+14,4
3.53325E+14,3
3.53325E+14,4
3.53325E+14,4
3.53325E+14,3
3.53325E+14,3
3.53325E+14,3
3.53325E+14,3
3.53325E+14,4
3.53325E+14,4
3.53325E+14,3
3.53325E+14,3
3.53325E+14,3
3.53325E+14,4
3.53325E+14,4
3.53325E+14,4
3.53325E+14,4
3.53325E+14,3
3.53325E+14,4
3.53325E+14,4
3.53325E+14,4
3.53325E+14,3
3.53325E+14,3
3.53325E+14,3
3.53325E+14,3
3.53325E+14,4
3.53325E+14,5
3.53325E+14,5
3.53325E+14,4
3.53325E+14,4
3.53325E+14,4
3.53325E+14,4
3.53325E+14,3
3.53325E+14,3
3.53325E+14,3
3.53325E+14,3
3.53326E+14,3
3.53326E+14,3
3.53326E+14,3
3.53326E+14,5
3.53326E+14,4
3.53326E+14,4
3.53326E+14,4
3.53326E+14,5
3.53326E+14,3
3.53326E+14,3
3.53326E+14,3
3.53326E+14,3
3.53326E+14,3
3.53326E+14,3
3.53326E+14,3
3.53326E+14,3
3.53326E+14,2
3.53326E+14,3
3.53326E+14,2
3.53326E+14,2
3.53326E+14,3
3.53326E+14,3
3.53326E+14,2
3.71555E+14,3
3.71555E+14,3
3.71555E+14,3
3.71555E+14,3
3.71555E+14,3
3.71555E+14,3
3.71555E+14,4
3.71556E+14,3
3.71556E+14,3
3.71556E+14,3
3.71556E+14,3
3.71556E+14,3
3.71556E+14,3
3.71556E+14,3
3.71556E+14,3
3.71556E+14,3
3.71556E+14,3
3.71556E+14,3
3.71556E+14,3
3.71556E+14,2
3.71556E+14,3
3.71556E+14,3
3.71556E+14,3
3.71556E+14,3
3.71556E+14,4
3.71556E+14,2
3.71556E+14,2
3.71556E+14,3
3.71556E+14,2
3.71556E+14,3
3.71556E+14,3
3.71556E+14,2
3.71556E+14,2
3.71556E+14,2
3.71556E+14,3
3.71556E+14,3
3.71556E+14,3
3.71556E+14,3
3.71556E+14,3
3.71556E+14,3
3.71556E+14,3
3.71556E+14,3
3.71556E+14,3
3.71556E+14,3
3.71556E+14,3
3.71556E+14,2
3.71556E+14,3
3.71556E+14,3
3.71556E+14,3
3.71556E+14,3
3.71556E+14,2
3.71556E+14,3
3.71556E+14,4
3.71556E+14,3
3.71556E+14,3
3.71556E+14,3
3.71556E+14,2
3.71556E+14,3
3.71556E+14,4
3.71556E+14,3
3.71556E+14,4
3.71556E+14,4
3.71556E+14,4
3.71556E+14,4
3.71556E+14,3
3.71556E+14,3
3.71556E+14,3
3.71556E+14,3
3.72784E+14,1
3.72784E+14,1
3.72784E+14,2
3.72784E+14,1
3.72784E+14,2
3.72784E+14,1
3.72784E+14,1
3.72784E+14,2
3.72784E+14,1
3.72784E+14,2
3.72784E+14,2
3.72784E+14,2
3.72784E+14,2
3.72784E+14,1
3.72784E+14,3
3.72785E+14,2
3.72785E+14,2
3.72785E+14,2
3.72785E+14,2
3.72785E+14,1
3.72785E+14,1
3.72785E+14,2
3.72785E+14,1
3.72785E+14,2
3.72785E+14,1
3.72785E+14,1
3.72785E+14,1
3.72785E+14,1
3.72785E+14,2
3.72785E+14,1
3.72785E+14,1
3.72785E+14,1
3.72785E+14,2
3.72785E+14,1
3.72785E+14,2
3.72785E+14,1
3.72785E+14,1
3.72785E+14,1
3.72785E+14,1
3.72785E+14,1
3.72785E+14,1
3.72785E+14,1
3.72785E+14,1
3.72785E+14,1
3.72785E+14,1
3.72785E+14,2
3.72785E+14,1
3.72785E+14,1
3.72785E+14,1
3.72785E+14,1
3.72785E+14,1
3.72785E+14,1
3.72785E+14,1
3.72786E+14,1
3.72786E+14,1
3.72786E+14,1
3.72786E+14,1
3.72786E+14,1
3.72786E+14,1
3.72786E+14,1
3.72786E+14,1
3.72786E+14,2
3.72786E+14,2
3.72786E+14,1
3.72786E+14,1
3.72786E+14,1
3.72786E+14,1
3.72786E+14,2
3.72786E+14,2
3.72786E+14,1
3.72786E+14,1
3.72786E+14,2
3.72786E+14,1
3.72786E+14,1
3.72786E+14,2
3.72786E+14,1
3.72786E+14,1
3.72786E+14,1
3.72786E+14,1
3.72786E+14,1
3.72786E+14,1
3.72786E+14,1
3.72786E+14,1
3.72786E+14,1
3.72786E+14,1
3.72786E+14,1
3.72786E+14,1
3.72786E+14,1
3.72786E+14,1
3.72786E+14,1
3.72786E+14,1
3.72786E+14,1
3.72786E+14,1
3.72786E+14,2
3.72786E+14,1
3.72786E+14,1
3.72786E+14,2
3.72786E+14,2
3.72786E+14,1
3.72786E+14,1
3.72786E+14,1
3.72786E+14,1
3.7368E+14,2
3.7368E+14,2
3.7368E+14,3
3.7368E+14,2
3.7368E+14,2
3.7368E+14,3
3.7368E+14,2
3.7368E+14,2
3.7368E+14,2
3.7368E+14,2
3.7368E+14,3
3.7368E+14,3
3.7368E+14,2
3.7368E+14,2
3.7368E+14,3
3.7368E+14,3
3.7368E+14,3
3.7368E+14,3
3.7368E+14,3
3.7368E+14,3
3.7368E+14,3
3.7368E+14,3
3.7368E+14,3
3.73681E+14,3
3.73681E+14,3
3.73681E+14,3
3.73681E+14,3
3.73681E+14,3
3.73681E+14,3
3.73681E+14,3
3.73681E+14,3
3.73681E+14,2
3.73681E+14,3
3.73681E+14,3
3.73681E+14,2
3.73681E+14,2
3.73681E+14,2
3.73681E+14,3
3.73681E+14,3
3.73681E+14,2
3.73681E+14,2
3.73681E+14,2
3.73681E+14,2
3.73681E+14,2
3.73681E+14,2
3.73681E+14,3
3.73681E+14,3
3.73681E+14,2
3.73681E+14,2
3.73681E+14,2
3.73681E+14,2
3.73681E+14,2
3.73681E+14,3
3.73681E+14,3
3.73681E+14,2
3.73681E+14,2
3.73681E+14,3
3.73681E+14,2
3.73681E+14,2
3.73681E+14,2
3.73681E+14,3
3.73681E+14,2
3.73681E+14,2
3.73681E+14,3
3.73681E+14,2
3.73681E+14,2
3.73681E+14,2
3.73681E+14,2
3.73681E+14,2
3.73681E+14,2
3.73681E+14,2
3.73681E+14,3
3.73681E+14,3
3.73681E+14,2
3.73681E+14,2
3.73681E+14,2
3.73681E+14,2
3.73681E+14,2
3.73681E+14,2
3.73681E+14,2
3.73681E+14,2
3.73681E+14,2
3.73681E+14,2
3.73681E+14,2
3.73681E+14,2
3.73681E+14,2
3.73681E+14,2
3.73681E+14,3
3.73681E+14,2
3.73681E+14,2
3.73681E+14,2
3.73681E+14,3
3.73681E+14,3
3.73681E+14,2
3.73681E+14,2
3.73681E+14,2
3.73681E+14,2
3.73681E+14,2
3.73681E+14,2
3.73681E+14,2
3.73681E+14,2
3.73681E+14,2
3.73681E+14,3
3.73681E+14,2
3.73681E+14,2
3.73681E+14,3
3.73681E+14,2
3.73681E+14,2
3.73681E+14,2
3.73681E+14,2
3.73681E+14,2
3.73681E+14,2
3.73681E+14,2
3.73681E+14,2
3.73681E+14,3
3.73681E+14,2
3.73681E+14,2
3.73681E+14,2
3.73681E+14,3
3.73681E+14,2
3.73681E+14,2
3.73687E+14,2
3.73687E+14,3
3.73687E+14,2
3.73687E+14,2
3.73687E+14,2
3.73687E+14,2
3.73687E+14,2
3.73687E+14,2
3.73687E+14,2
3.73687E+14,2
3.73687E+14,2
3.73687E+14,2
3.73687E+14,2
3.73687E+14,2
3.73687E+14,2
3.73688E+14,2
3.73752E+14,1
3.73752E+14,1
3.73752E+14,1
3.73752E+14,2
3.73752E+14,2
3.73752E+14,2
3.73752E+14,1
3.73752E+14,1
3.73752E+14,1
3.73752E+14,1
3.73752E+14,1
3.73752E+14,2
3.73752E+14,1
3.73752E+14,1
3.73752E+14,1
3.73752E+14,1
3.73752E+14,1
3.73753E+14,1
3.73753E+14,1
3.73753E+14,1
3.73753E+14,1
3.73753E+14,1
3.73753E+14,1
3.73753E+14,1
3.73753E+14,1
3.73753E+14,2
3.73753E+14,1
3.73753E+14,1
3.73753E+14,2
3.73753E+14,2
3.73753E+14,1
3.73753E+14,1
3.73753E+14,1
3.73753E+14,2
3.73753E+14,1
3.73753E+14,2
3.73753E+14,1
3.73753E+14,1
3.73753E+14,1
3.73753E+14,2
3.73753E+14,1
3.73753E+14,1
3.73753E+14,1
3.73753E+14,1
3.73753E+14,1
3.73753E+14,1
3.73753E+14,2
3.73753E+14,2
3.73753E+14,1
3.73753E+14,1
3.73753E+14,1
3.73753E+14,1
3.73753E+14,1
3.73753E+14,1
3.73753E+14,1
3.73753E+14,1
3.73753E+14,1
3.73753E+14,1
3.73753E+14,1
3.73753E+14,1
3.73753E+14,1
3.73753E+14,2
3.73753E+14,1
3.73753E+14,1
3.73753E+14,1
3.73753E+14,1
3.73753E+14,1
3.73753E+14,1
3.73753E+14,1
3.73753E+14,1
3.73753E+14,2
3.73753E+14,2
3.73753E+14,1
3.73753E+14,1
3.73753E+14,1
3.73753E+14,1
3.73753E+14,1
3.73753E+14,1
3.73753E+14,2
3.73753E+14,2
3.73753E+14,2
3.73753E+14,1
3.73753E+14,1
3.73753E+14,1
3.73753E+14,1
3.73753E+14,1
3.73753E+14,2
3.73753E+14,1
3.73753E+14,1
3.73753E+14,2
3.73753E+14,2
3.73753E+14,2
3.73753E+14,2
3.73753E+14,1
3.73753E+14,1
3.73753E+14,1
3.73753E+14,2
3.73753E+14,1
3.73851E+14,1
3.73851E+14,1
3.73851E+14,1
3.73851E+14,1
3.73851E+14,1
3.73851E+14,1
3.73851E+14,1
3.73851E+14,1
3.73851E+14,2
3.73994E+14,3
3.73995E+14,4
3.73995E+14,4
3.73995E+14,3
3.73995E+14,3
3.73995E+14,5
3.73995E+14,7
3.73996E+14,7
3.73996E+14,7
3.73996E+14,6
3.73996E+14,4
3.73997E+14,3
3.73998E+14,2
3.73998E+14,2
3.73998E+14,2
3.73998E+14,1
3.73998E+14,1
3.73998E+14,1
3.73998E+14,1
3.73998E+14,2
3.73998E+14,2
3.73998E+14,2
3.73998E+14,3
3.73998E+14,2
3.73998E+14,2
3.73998E+14,3
3.73998E+14,2
3.73998E+14,2
3.73998E+14,2
3.74003E+14,2
3.74003E+14,2
3.74003E+14,1
3.74003E+14,1
3.74003E+14,1
3.74003E+14,1
3.74003E+14,1
3.74003E+14,1
3.74003E+14,1
3.74003E+14,1
3.74003E+14,1
3.74003E+14,1
3.74003E+14,1
3.74003E+14,2
3.74003E+14,1
3.74003E+14,1
3.74003E+14,1
3.74003E+14,1
3.74003E+14,1
3.74003E+14,2
3.74003E+14,2
3.74003E+14,2
3.74003E+14,2
3.74003E+14,1
3.74006E+14,7
3.74007E+14,4
3.74007E+14,3
3.74007E+14,3
3.74007E+14,4
3.74007E+14,4
3.7401E+14,2
3.7401E+14,2
3.7401E+14,1
3.7401E+14,1
3.74861E+14,2
3.74861E+14,2
3.74861E+14,2
3.74861E+14,2
3.74861E+14,2
3.74861E+14,2
3.74861E+14,2
3.74861E+14,2
3.74861E+14,2
3.74861E+14,2
3.74861E+14,2
3.74861E+14,2
3.74861E+14,2
3.74861E+14,2
3.74861E+14,2
3.74861E+14,2
3.74861E+14,2
3.74861E+14,2
3.74861E+14,2
3.74861E+14,2
3.74861E+14,2
3.74861E+14,2
3.74861E+14,2
3.74861E+14,2
3.74861E+14,2
3.74861E+14,2
3.74861E+14,2
3.74861E+14,2
3.74861E+14,2
3.74861E+14,2
3.74861E+14,2
3.74861E+14,2
3.74861E+14,2
3.74861E+14,2
3.74861E+14,4
3.74861E+14,3
3.74861E+14,3
3.74861E+14,4
3.74861E+14,3
3.74861E+14,3
3.74861E+14,3
3.74861E+14,3
3.74861E+14,4
3.74861E+14,3
3.74861E+14,3
3.74861E+14,3
3.74861E+14,2
3.74861E+14,2
3.74861E+14,3
3.74861E+14,3
3.74861E+14,3
3.74861E+14,3
3.74861E+14,3
3.74861E+14,2
3.74861E+14,3
3.74861E+14,2
3.74861E+14,2
3.74861E+14,2
3.74861E+14,4
3.74861E+14,4
3.74861E+14,2
3.74861E+14,2
3.74861E+14,2
3.74861E+14,2
3.74861E+14,2
3.74862E+14,2
3.74862E+14,2
3.74862E+14,2
3.74862E+14,2
3.74862E+14,2
3.74862E+14,2
3.74862E+14,2
3.74862E+14,2
3.74862E+14,3
3.74862E+14,3
3.74862E+14,3
3.74862E+14,2
3.74862E+14,3
3.74862E+14,3
3.74862E+14,3
3.74862E+14,2
3.74862E+14,4
3.74862E+14,4
3.74862E+14,2
3.74862E+14,2
3.74862E+14,2
3.74862E+14,2
3.74862E+14,2
3.74862E+14,3
3.74862E+14,3
3.74862E+14,2
3.74862E+14,2
3.74862E+14,4
3.74862E+14,4
3.74862E+14,4
3.74862E+14,3
3.74862E+14,4
3.74862E+14,4
3.74862E+14,4
3.74862E+14,4
3.74862E+14,4
3.74862E+14,3
3.74862E+14,2
3.74862E+14,2
3.74862E+14,2
3.74862E+14,2
3.74862E+14,4
3.74862E+14,4
3.74862E+14,4
3.74862E+14,3
3.74862E+14,4
3.74862E+14,2
3.74862E+14,4
3.74961E+14,2
3.74961E+14,1
3.74961E+14,1
3.74961E+14,1
3.74961E+14,1
3.74961E+14,1
3.74961E+14,2
3.74961E+14,2
3.74961E+14,1
3.74961E+14,2
3.74961E+14,1
3.74961E+14,1
3.74961E+14,2
3.74961E+14,1
3.74961E+14,1
3.74961E+14,1
3.74961E+14,1
3.74961E+14,1
3.74961E+14,1
3.74961E+14,1
3.74961E+14,2
3.74961E+14,1
3.74961E+14,2
3.74961E+14,1
3.74961E+14,1
3.74961E+14,1
3.74961E+14,2
3.74961E+14,2
3.74961E+14,2
3.74961E+14,2
3.74961E+14,1
3.74961E+14,2
3.74961E+14,2
3.74961E+14,2
3.74961E+14,1
3.74961E+14,1
3.74961E+14,1
3.74961E+14,1
3.74961E+14,1
3.74961E+14,1
3.74961E+14,2
3.74961E+14,1
3.74961E+14,1
3.74961E+14,2
3.74961E+14,1
3.74961E+14,1
3.74961E+14,1
3.74961E+14,1
3.74961E+14,1
3.74961E+14,1
3.74961E+14,1
3.74961E+14,1
3.74961E+14,1
3.74961E+14,1
3.74961E+14,1
3.74961E+14,1
3.74961E+14,1
3.74961E+14,1
3.74961E+14,1
3.74961E+14,1
3.74961E+14,1
3.74961E+14,1
3.74961E+14,1
3.74961E+14,2
3.74961E+14,1
3.74961E+14,1
3.74961E+14,1
3.74961E+14,1
3.74961E+14,1
3.74961E+14,1
3.74961E+14,1
3.74961E+14,1
3.74961E+14,1
3.74961E+14,1
3.74961E+14,1
3.74962E+14,1
3.74962E+14,1
3.74962E+14,1
3.74962E+14,1
3.74962E+14,1
3.74962E+14,1
3.74962E+14,1
3.74962E+14,1
3.74962E+14,1
3.74962E+14,2
3.74962E+14,2
3.74962E+14,2
3.74962E+14,2
3.74962E+14,2
3.74962E+14,2
3.74962E+14,2
3.74962E+14,2
3.74962E+14,1
3.74962E+14,1
3.75014E+14,1
3.75014E+14,1
3.75014E+14,1
3.75014E+14,1
3.75014E+14,1
3.75519E+14,1
3.75519E+14,1
3.75519E+14,1
3.75519E+14,1
3.75519E+14,1
3.75519E+14,1
3.75519E+14,1
3.75519E+14,1
3.75519E+14,1
3.75519E+14,1
3.75519E+14,1
3.75519E+14,1
3.75519E+14,1
3.75519E+14,1
3.75519E+14,1
3.75519E+14,1
3.75519E+14,1
3.75519E+14,1
3.75519E+14,1
3.75519E+14,1
3.75519E+14,1
3.75519E+14,1
3.75519E+14,1
3.75519E+14,1
3.75519E+14,1
3.75519E+14,1
3.75519E+14,1
3.75519E+14,1
3.75519E+14,1
3.75519E+14,1
3.75519E+14,1
3.75519E+14,1
3.75519E+14,1
3.75519E+14,1
3.75519E+14,1
3.75519E+14,1
3.75519E+14,1
3.75519E+14,1
3.75519E+14,1
3.75519E+14,1
3.75519E+14,1
3.75549E+14,2
3.75549E+14,2
3.75549E+14,1
3.75549E+14,2
3.7555E+14,2
3.7555E+14,2
3.7555E+14,1
3.7555E+14,2
3.7555E+14,2
3.7555E+14,2
3.7555E+14,2
3.7555E+14,1
3.7555E+14,2
3.7555E+14,2
3.7555E+14,1
3.7555E+14,1
3.7555E+14,2
3.7555E+14,1
3.7555E+14,1
3.7555E+14,2
3.7555E+14,2
3.7555E+14,2
3.7555E+14,1
3.7555E+14,2
3.7555E+14,2
3.7555E+14,1
3.7555E+14,1
3.7555E+14,2
3.7555E+14,2
3.7555E+14,2
3.7555E+14,2
3.75554E+14,2
3.75554E+14,2
3.75554E+14,3
3.75555E+14,2
3.75555E+14,2
3.75555E+14,2
3.75555E+14,2
3.75555E+14,2
3.75555E+14,2
3.75555E+14,2
3.75555E+14,2
3.75555E+14,2
3.75555E+14,2
3.75555E+14,2
3.75555E+14,2
3.75555E+14,2
3.75555E+14,2
3.75555E+14,2
3.75555E+14,2
3.75555E+14,2
3.75555E+14,2
3.75555E+14,2
3.75555E+14,2
3.75555E+14,2
3.75555E+14,2
3.75555E+14,2
3.75555E+14,2
3.75555E+14,2
3.75555E+14,2
3.75555E+14,2
3.75555E+14,3
3.7556E+14,2
3.7556E+14,2
3.7556E+14,2
3.7556E+14,2
3.7556E+14,2
3.7556E+14,2
3.7556E+14,2
3.7556E+14,2
3.7556E+14,2
3.7556E+14,2
3.7556E+14,2
3.7556E+14,2
3.7556E+14,2
3.7556E+14,2
3.7556E+14,2
3.7556E+14,2
3.7556E+14,2
3.7556E+14,2
3.7556E+14,2
3.7556E+14,2
3.7556E+14,2
3.7556E+14,2
3.7556E+14,2
3.7556E+14,2
3.7556E+14,2
3.7556E+14,2
3.75584E+14,1
3.75584E+14,1
3.75584E+14,2
3.75584E+14,1
3.75584E+14,1
3.75584E+14,2
3.75584E+14,1
3.75584E+14,1
3.75584E+14,1
3.75584E+14,1
3.75584E+14,1
3.75584E+14,1
3.75584E+14,1
3.75584E+14,1
3.75584E+14,1
3.75584E+14,1
3.75584E+14,1
3.75584E+14,1
3.75584E+14,1
3.75584E+14,1
3.75584E+14,1
3.75584E+14,1
3.75584E+14,1
3.75584E+14,1
3.75584E+14,2
3.75584E+14,1
3.75584E+14,1
3.75584E+14,1
3.75584E+14,2
3.75584E+14,1
3.75584E+14,1
3.75584E+14,1
3.75584E+14,1
3.75584E+14,1
3.75584E+14,1
3.75584E+14,1
3.75584E+14,1
3.75584E+14,1
3.75584E+14,1
3.75584E+14,1
3.75584E+14,2
3.75584E+14,1
3.75584E+14,1
3.75584E+14,1
3.75681E+14,1
3.75681E+14,1
3.75681E+14,1
3.75681E+14,1
3.75681E+14,1
3.75681E+14,2
3.75682E+14,1
3.75682E+14,1
3.75682E+14,1
3.75682E+14,2
3.75682E+14,1
3.75682E+14,1
3.75682E+14,1
3.75682E+14,1
3.75682E+14,1
3.75682E+14,1
3.75682E+14,1
3.75682E+14,2
3.75682E+14,1
3.75682E+14,1
3.75682E+14,1
3.75682E+14,1
3.75682E+14,1
3.75682E+14,1
3.75682E+14,1
3.75682E+14,1
3.75682E+14,1
3.75682E+14,2
3.75683E+14,1
3.75683E+14,1
3.75683E+14,1
3.75683E+14,1
3.75683E+14,1
3.75683E+14,1
3.75683E+14,1
3.75683E+14,1
3.75683E+14,1
3.75683E+14,2
3.75683E+14,1
3.75683E+14,1
3.75683E+14,1
3.75683E+14,1
3.75683E+14,1
3.75683E+14,1
3.75683E+14,1
3.75683E+14,1
3.75683E+14,1
3.75683E+14,1
3.75683E+14,1
3.75683E+14,1
3.75683E+14,2
3.75683E+14,1
3.75683E+14,2
3.75683E+14,1
3.75683E+14,1
3.75683E+14,1
3.75683E+14,1
3.75683E+14,1
3.75683E+14,1
3.75683E+14,1
3.75683E+14,1
3.75683E+14,1
3.75683E+14,1
3.75683E+14,1
3.75683E+14,1
3.75683E+14,1
3.75683E+14,1
3.75683E+14,1
3.75683E+14,1
3.75683E+14,1
3.75683E+14,1
3.75683E+14,1
3.75683E+14,1
3.75683E+14,1
3.75683E+14,1
3.75683E+14,1
3.75683E+14,1
3.75683E+14,1
3.75683E+14,1
3.75683E+14,1
3.75683E+14,1
3.75683E+14,1
3.75683E+14,1
3.75683E+14,1
3.75683E+14,1
3.75683E+14,1
3.75683E+14,1
3.75683E+14,1
3.75683E+14,1
3.75683E+14,1
3.75683E+14,1
3.75683E+14,1
3.75683E+14,1
3.75683E+14,1
3.75683E+14,1
3.75683E+14,1
3.75683E+14,1
3.75683E+14,1
3.75683E+14,1
3.75683E+14,1
3.75683E+14,1
3.75683E+14,1
3.75683E+14,1
3.75683E+14,1
3.75683E+14,1
3.75683E+14,1
3.75683E+14,1
3.75683E+14,1
3.75683E+14,1
3.75683E+14,1
3.75683E+14,1
3.75683E+14,1
3.75683E+14,1
3.75683E+14,1
3.75683E+14,1
3.75683E+14,1
3.75683E+14,1
3.75683E+14,1
3.75683E+14,1
3.75683E+14,1
3.75683E+14,1
3.75683E+14,1
3.75683E+14,1
3.75683E+14,1
3.75683E+14,1
3.75683E+14,1
3.75683E+14,1
3.75683E+14,1
3.75683E+14,1
3.75683E+14,1
3.75683E+14,1
3.75683E+14,1
3.75683E+14,1
3.75683E+14,2
3.75683E+14,1
3.75683E+14,1
3.75683E+14,1
3.75683E+14,1
3.75683E+14,1
3.75683E+14,1
3.75683E+14,1
3.75683E+14,1
3.75683E+14,1
3.75683E+14,1
3.75683E+14,1
3.75683E+14,1
3.75683E+14,1
3.75683E+14,1
3.75683E+14,1
3.75683E+14,1
3.75683E+14,1
3.75683E+14,1
3.75683E+14,1
3.75683E+14,2
3.75683E+14,2
3.75683E+14,1
3.75683E+14,1
3.75684E+14,2
3.75684E+14,2
3.75684E+14,2
3.75684E+14,1
3.75684E+14,2
3.75684E+14,1
3.75684E+14,1
3.75684E+14,1
3.75684E+14,2
3.75684E+14,2
3.75684E+14,2
3.75684E+14,2
3.75684E+14,2
3.75684E+14,2
3.75684E+14,2
3.75684E+14,1
3.75684E+14,1
3.75684E+14,1
3.75684E+14,1
3.75684E+14,1
3.75684E+14,1
3.75684E+14,1
3.75684E+14,1
3.75684E+14,1
3.75684E+14,1
3.75684E+14,1
3.75684E+14,1
3.75684E+14,1
3.75684E+14,1
3.75684E+14,2
3.75684E+14,1
3.75684E+14,1
3.75684E+14,1
3.75684E+14,2
3.75684E+14,2
3.75684E+14,1
3.75684E+14,1
3.75684E+14,1
3.75684E+14,1
3.75684E+14,1
3.75684E+14,1
3.75684E+14,2
3.75684E+14,2
3.75684E+14,1
3.75684E+14,1
3.75684E+14,1
3.75684E+14,2
3.75684E+14,2
3.75684E+14,2
3.75684E+14,2
3.75684E+14,2
3.75684E+14,2
3.75684E+14,2
3.75684E+14,1
3.75684E+14,1
3.75684E+14,1
3.75684E+14,1
3.75684E+14,1
3.75684E+14,1
3.75684E+14,1
3.75684E+14,1
3.75684E+14,1
3.75684E+14,1
3.75684E+14,1
3.75684E+14,2
3.75684E+14,1
3.75684E+14,1
3.75684E+14,2
3.75684E+14,2
3.75684E+14,2
3.75684E+14,2
3.75684E+14,2
3.75684E+14,2
3.75684E+14,1
3.75684E+14,2
3.75684E+14,2
3.75684E+14,2
3.75684E+14,1
3.75684E+14,2
3.75684E+14,1
3.75684E+14,2
3.75684E+14,2
3.75684E+14,2
3.75684E+14,2
3.75684E+14,2
3.75684E+14,2
3.75684E+14,2
3.75684E+14,2
3.75684E+14,2
3.75684E+14,2
3.75684E+14,2
3.75816E+14,2
3.75816E+14,2
3.75816E+14,2
3.75823E+14,1
3.75823E+14,1
3.75823E+14,1
3.75823E+14,1
3.75823E+14,2
3.75823E+14,1
3.75823E+14,1
3.75823E+14,2
3.75823E+14,1
3.75823E+14,1
3.75823E+14,1
3.75823E+14,1
3.75823E+14,1
3.75823E+14,2
3.75823E+14,1
3.75823E+14,1
3.75823E+14,1
3.75823E+14,1
3.75823E+14,1
3.75823E+14,1
3.75823E+14,1
3.75823E+14,1
3.75823E+14,1
3.75823E+14,2
3.75823E+14,1
3.75823E+14,1
3.75823E+14,1
3.75823E+14,1
3.75823E+14,1
3.75823E+14,1
3.75823E+14,1
3.75823E+14,1
3.75823E+14,1
3.75823E+14,1
3.75823E+14,1
3.75823E+14,1
3.75823E+14,1
3.75823E+14,2
3.75823E+14,2
3.75823E+14,1
3.75823E+14,1
3.75823E+14,1
3.75823E+14,2
3.75823E+14,2
3.75823E+14,2
3.75823E+14,2
3.75823E+14,2
3.75823E+14,2
3.75823E+14,1
3.75823E+14,1
3.75823E+14,1
3.75823E+14,1
3.75823E+14,1
3.75823E+14,1
3.75823E+14,1
3.75823E+14,1
3.75823E+14,2
3.75823E+14,1
3.75823E+14,2
3.75823E+14,1
3.75823E+14,1
3.75823E+14,1
3.75823E+14,1
3.75823E+14,1
3.75823E+14,1
3.75823E+14,1
3.75823E+14,1
3.75823E+14,1
3.75823E+14,1
3.75823E+14,1
3.75823E+14,1
3.75823E+14,1
3.75823E+14,1
3.75823E+14,1
3.75823E+14,1
3.75823E+14,1
3.75823E+14,1
3.75823E+14,1
3.75823E+14,1
3.75823E+14,1
3.75823E+14,1
3.75823E+14,1
3.75823E+14,1
3.75823E+14,1
3.75823E+14,1
3.75823E+14,1
3.75823E+14,1
3.75823E+14,1
3.75823E+14,1
3.75823E+14,1
3.75823E+14,1
3.75823E+14,1
3.75823E+14,1
3.75823E+14,1
3.75823E+14,1
3.75823E+14,1
3.75823E+14,1
3.75823E+14,1
3.75823E+14,1
3.75823E+14,1
3.75823E+14,2
3.75823E+14,2
3.75823E+14,1
3.75823E+14,2
3.75824E+14,1
3.75824E+14,1
3.75824E+14,1
3.75824E+14,1
3.75824E+14,1
3.75824E+14,1
3.75824E+14,1
3.75824E+14,1
3.75824E+14,1
3.75824E+14,1
3.75824E+14,1
3.75824E+14,1
3.75824E+14,1
3.75824E+14,1
3.75824E+14,2
3.75824E+14,2
3.75824E+14,1
3.75824E+14,1
3.75824E+14,1
3.75824E+14,1
3.75824E+14,1
3.75824E+14,1
3.75824E+14,1
3.75824E+14,1
3.75824E+14,1
3.75824E+14,1
3.75824E+14,1
3.75824E+14,1
3.75824E+14,1
3.75824E+14,1
3.75824E+14,1
3.75824E+14,1
3.75824E+14,1
3.75824E+14,1
3.75824E+14,1
3.75824E+14,1
3.75824E+14,1
3.75824E+14,1
3.75824E+14,1
3.75824E+14,1
3.75824E+14,1
3.75824E+14,1
3.75824E+14,1
3.75824E+14,1
3.75824E+14,1
3.75824E+14,1
3.75824E+14,1
3.75824E+14,1
3.75824E+14,1
3.75824E+14,1
3.75824E+14,1
3.75824E+14,1
3.75824E+14,1
3.75824E+14,1
3.75824E+14,2
3.75824E+14,2
3.75824E+14,1
3.75824E+14,2
3.75824E+14,2
3.75824E+14,1
3.75824E+14,2
3.75824E+14,2
3.75824E+14,2
3.75824E+14,1
3.75824E+14,1
3.75824E+14,1
3.75824E+14,1
3.75824E+14,2
3.75824E+14,2
3.75824E+14,1
3.75824E+14,2
3.75824E+14,1
3.75824E+14,1
3.75838E+14,1
3.75838E+14,1
3.75838E+14,1
3.75838E+14,1
3.75838E+14,1
3.75838E+14,1
3.75838E+14,2
3.75838E+14,1
3.75838E+14,1
3.75838E+14,1
3.75838E+14,2
3.75838E+14,2
3.75838E+14,2
3.75838E+14,2
3.75838E+14,2
3.75838E+14,2
3.75838E+14,2
3.75838E+14,2
3.75838E+14,2
3.75838E+14,1
3.75841E+14,2
3.75841E+14,1
3.75841E+14,1
3.75841E+14,2
3.75841E+14,1
3.75841E+14,2
3.75841E+14,1
3.75841E+14,1
3.75841E+14,2
3.75841E+14,1
3.75841E+14,1
3.75841E+14,1
3.75841E+14,2
3.75841E+14,2
3.75841E+14,1
3.75841E+14,1
3.75841E+14,1
3.75841E+14,1
3.75841E+14,1
3.75841E+14,2
3.75841E+14,1
3.75841E+14,1
3.75841E+14,1
3.75841E+14,1
3.75841E+14,1
3.75841E+14,1
3.75841E+14,1
3.75841E+14,1
3.75841E+14,1
3.75841E+14,1
3.75841E+14,1
3.75841E+14,2
3.75841E+14,1
3.75841E+14,2
3.75841E+14,1
3.75841E+14,1
3.75841E+14,1
3.75841E+14,1
3.75841E+14,1
3.75841E+14,1
3.75841E+14,1
3.75841E+14,1
3.75841E+14,1
3.75841E+14,1
3.75841E+14,2
3.75841E+14,1
3.75841E+14,1
3.75841E+14,1
3.75841E+14,1
3.75841E+14,1
3.75841E+14,1
3.75841E+14,1
3.75841E+14,1
3.75841E+14,1
3.75841E+14,1
3.75841E+14,1
3.75841E+14,1
3.75841E+14,1
3.75841E+14,1
3.75841E+14,1
3.75841E+14,1
3.75841E+14,2
3.75841E+14,1
3.75841E+14,1
3.75841E+14,1
3.75841E+14,2
3.75841E+14,1
3.75841E+14,1
3.75841E+14,2
3.75841E+14,1
3.75841E+14,1
3.75841E+14,1
3.75841E+14,2
3.75841E+14,2
3.75841E+14,2
3.75841E+14,1
3.75841E+14,1
3.75841E+14,1
3.75841E+14,1
3.75841E+14,2
3.75841E+14,2
3.75841E+14,2
3.75841E+14,1
3.75841E+14,1
3.75841E+14,1
3.75841E+14,1
3.75841E+14,1
3.75841E+14,2
3.75841E+14,1
3.75841E+14,2
3.75841E+14,1
3.75841E+14,1
3.75841E+14,2
3.75841E+14,2
3.75841E+14,1
3.75841E+14,1
3.75841E+14,1
3.75841E+14,1
3.75841E+14,1
3.75841E+14,1
3.75841E+14,1
3.75841E+14,1
3.75841E+14,1
3.75841E+14,1
3.75841E+14,1
3.75841E+14,1
3.75841E+14,1
3.75841E+14,1
3.75841E+14,1
3.75841E+14,1
3.75841E+14,1
3.75841E+14,1
3.75841E+14,1
3.75841E+14,1
3.75841E+14,1
3.75841E+14,1
3.75841E+14,1
3.75841E+14,1
3.75841E+14,2
3.75841E+14,1
3.75841E+14,2
3.75841E+14,1
3.75841E+14,1
3.85727E+14,3
3.85729E+14,1
3.85729E+14,1
3.85729E+14,1
3.85729E+14,2
3.85729E+14,3
3.85729E+14,2
3.85729E+14,3
3.85729E+14,3
3.85729E+14,2
3.85729E+14,3
3.85729E+14,2
3.85729E+14,2
3.85729E+14,2
3.85729E+14,2
3.85729E+14,2
3.85729E+14,2
3.85729E+14,2
3.85729E+14,3
3.85729E+14,3
3.85729E+14,2
3.85729E+14,2
3.85729E+14,2
3.85729E+14,2
3.85729E+14,2
3.85729E+14,3
3.85729E+14,3
3.85729E+14,3
3.85729E+14,3
3.85729E+14,3
3.85729E+14,3
3.85729E+14,1
3.85729E+14,1
3.85729E+14,3
3.85729E+14,1
3.85729E+14,1
3.85729E+14,1
3.85729E+14,1
3.85729E+14,1
3.85729E+14,1
3.85729E+14,1
3.85729E+14,1
3.85729E+14,2
3.85729E+14,1
3.85729E+14,2
3.85729E+14,2
3.85729E+14,3
3.85729E+14,3
3.85729E+14,3
3.85729E+14,3
3.85729E+14,1
3.85729E+14,1
3.85729E+14,2
3.85729E+14,3
3.85729E+14,3
3.85729E+14,2
3.85729E+14,2
3.85729E+14,1
3.85729E+14,1
3.85729E+14,1
3.85729E+14,1
3.85729E+14,2
3.85729E+14,2
3.85729E+14,1
3.85729E+14,1
3.85729E+14,1
3.85729E+14,3
3.85729E+14,3
3.85729E+14,3
3.85729E+14,3
3.85729E+14,3
3.85729E+14,3
3.85729E+14,3
3.85729E+14,3
3.85729E+14,3
3.85729E+14,3
3.85729E+14,2
3.85729E+14,2
3.85729E+14,2
3.85729E+14,2
3.85729E+14,2
3.85729E+14,2
3.85729E+14,2
3.8573E+14,3
3.8573E+14,2
3.8573E+14,1
3.8573E+14,1
3.8573E+14,2
3.8573E+14,2
3.8573E+14,3
3.8573E+14,3
3.8573E+14,3
3.8573E+14,3
3.8573E+14,3
3.8573E+14,2
3.8573E+14,3
3.8573E+14,4
3.8573E+14,3
3.8573E+14,3
3.8573E+14,3
3.8573E+14,3
3.8573E+14,3
3.8573E+14,3
3.8573E+14,3
3.8573E+14,3
3.8573E+14,3
3.8573E+14,3
3.8573E+14,2
3.8573E+14,3
3.8573E+14,3
3.8573E+14,3
3.8573E+14,2
3.8573E+14,2
3.8573E+14,4
3.8573E+14,3
3.8573E+14,3
3.8573E+14,3
3.8573E+14,3
3.8573E+14,3
3.8573E+14,3
3.8573E+14,3
3.8573E+14,3
3.8573E+14,3
3.8573E+14,3
3.8573E+14,3
3.8573E+14,2
3.8573E+14,2
3.8573E+14,2
3.8573E+14,3
3.8573E+14,3
3.8573E+14,3
3.8573E+14,3
3.8573E+14,3
3.8573E+14,2
3.8573E+14,2
3.8573E+14,3
3.8573E+14,3
3.8573E+14,2
3.8573E+14,2
3.8573E+14,3
3.8573E+14,2
3.8573E+14,3
3.8573E+14,2
3.8573E+14,3
3.8573E+14,2
3.8573E+14,4
3.8573E+14,3
3.8573E+14,3
3.8573E+14,3
3.8573E+14,2
3.86106E+14,2
3.86106E+14,2
3.86106E+14,2
3.86106E+14,2
3.86106E+14,2
3.86106E+14,2
3.86106E+14,2
3.86106E+14,2
3.86106E+14,2
3.86106E+14,2
3.86106E+14,2
3.86106E+14,2
3.86106E+14,2
3.86106E+14,2
3.86107E+14,2
3.86107E+14,2
3.86107E+14,2
3.86107E+14,2
3.86107E+14,2
3.86107E+14,2
3.86107E+14,2
3.86107E+14,1
3.86107E+14,2
3.86107E+14,2
3.86107E+14,2
3.86107E+14,2
3.86107E+14,2
3.86107E+14,2
3.86107E+14,2
3.86107E+14,2
3.86107E+14,2
3.86107E+14,2
3.86107E+14,2
3.86107E+14,2
3.86107E+14,2
3.86107E+14,2
3.86107E+14,2
3.86107E+14,2
3.86107E+14,2
3.86107E+14,2
3.86107E+14,2
3.86107E+14,2
3.86107E+14,2
3.86107E+14,2
3.86107E+14,2
3.86107E+14,2
3.86107E+14,2
3.86107E+14,2
3.86107E+14,2
3.86107E+14,2
3.86107E+14,2
3.86107E+14,2
3.86107E+14,2
3.86107E+14,2
3.86107E+14,2
3.86107E+14,2
3.86107E+14,2
3.86107E+14,2
3.86107E+14,2
3.86107E+14,2
3.86107E+14,2
3.86107E+14,2
3.86107E+14,2
3.86107E+14,2
3.86107E+14,2
3.86107E+14,2
3.86107E+14,2
3.86107E+14,2
3.86107E+14,2
3.86107E+14,2
3.86107E+14,2
3.86107E+14,2
3.86107E+14,3
3.86107E+14,2
3.86107E+14,2
3.86107E+14,2
3.86107E+14,2
3.86107E+14,2
3.86107E+14,2
3.86107E+14,2
3.86107E+14,2
3.86107E+14,2
3.86107E+14,2
3.86107E+14,2
3.86107E+14,2
3.86107E+14,2
3.86107E+14,2
3.86107E+14,2
3.86107E+14,2
3.86107E+14,2
3.86107E+14,2
3.86107E+14,2
3.86107E+14,2
3.86107E+14,2
3.86107E+14,2
3.86107E+14,2
3.86107E+14,2
3.8611E+14,3
3.8611E+14,3
3.8611E+14,3
3.86114E+14,3
3.86114E+14,3
3.86114E+14,3
3.86114E+14,2
3.86114E+14,2
3.86114E+14,2
3.86114E+14,2
3.86114E+14,2
3.86114E+14,2
3.86114E+14,2
3.86114E+14,2
3.86114E+14,2
3.86114E+14,2
3.86114E+14,2
3.86114E+14,2
3.86114E+14,2
3.86114E+14,2
3.86114E+14,2
3.86114E+14,2
3.86114E+14,2
3.86114E+14,2
3.86114E+14,3
3.86114E+14,2
3.86114E+14,1
3.86114E+14,2
3.86114E+14,1
3.86114E+14,2
3.86114E+14,2
3.86114E+14,2
3.86114E+14,1
3.86114E+14,2
3.86114E+14,2
3.86114E+14,2
3.86114E+14,3
3.86114E+14,3
3.86114E+14,2
3.86114E+14,2
3.86114E+14,2
3.86114E+14,2
3.86114E+14,2
3.86114E+14,1
3.86114E+14,1
3.86114E+14,2
3.86114E+14,2
3.86114E+14,2
3.86114E+14,3
3.86114E+14,2
3.86114E+14,2
3.86114E+14,2
3.86114E+14,2
3.86114E+14,2
3.86114E+14,2
3.86114E+14,2
3.86114E+14,2
3.86114E+14,2
3.87481E+14,1
3.87481E+14,1
3.87485E+14,1
3.87485E+14,1
3.87485E+14,1
3.87485E+14,1
3.87485E+14,1
3.87485E+14,1
3.87485E+14,1
3.87485E+14,1
3.87485E+14,2
3.87485E+14,1
3.87485E+14,1
3.87485E+14,3
3.87485E+14,2
3.87485E+14,2
3.87485E+14,2
3.87485E+14,2
3.87485E+14,2
3.87485E+14,2
3.87485E+14,2
3.87485E+14,2
3.87485E+14,2
3.87485E+14,2
3.87485E+14,2
3.87485E+14,2
3.87485E+14,2
3.87485E+14,2
3.87485E+14,1
3.87485E+14,1
3.87485E+14,2
3.87485E+14,1
3.87485E+14,2
3.87485E+14,2
3.87485E+14,2
3.87485E+14,1
3.87485E+14,1
3.87485E+14,1
3.87485E+14,1
3.87485E+14,1
3.87485E+14,1
3.87485E+14,2
3.87485E+14,2
3.87485E+14,2
3.87485E+14,2
3.87485E+14,2
3.87485E+14,2
3.87485E+14,2
3.87485E+14,2
3.87485E+14,1
3.87485E+14,1
3.87485E+14,2
3.87485E+14,2
3.87485E+14,1
3.87485E+14,1
3.87485E+14,1
3.87485E+14,1
3.87485E+14,2
3.87485E+14,1
3.87485E+14,1
3.87485E+14,1
3.87485E+14,1
3.87485E+14,1
3.87485E+14,2
3.87485E+14,1
3.87485E+14,1
3.87485E+14,1
3.87485E+14,2
3.87485E+14,2
3.87485E+14,2
3.87485E+14,2
3.87485E+14,2
3.87485E+14,1
3.87485E+14,1
3.87485E+14,1
3.87485E+14,2
3.87485E+14,1
3.87485E+14,2
3.87485E+14,1
3.87485E+14,1
3.87485E+14,1
3.87485E+14,1
3.87485E+14,1
3.87485E+14,1
3.87485E+14,1
3.87485E+14,1
3.87485E+14,2
3.87485E+14,3
3.87485E+14,2
3.87485E+14,2
3.87485E+14,2
3.87485E+14,2
3.87485E+14,2
3.87485E+14,2
3.87485E+14,2
3.87485E+14,2
3.87485E+14,1
3.87485E+14,2
3.87485E+14,2
3.87485E+14,2
3.87485E+14,2
3.87485E+14,2
3.87485E+14,2
3.87485E+14,2
3.87485E+14,1
3.87485E+14,2
3.87485E+14,3
3.87485E+14,3
3.87485E+14,3
3.87485E+14,2
3.87485E+14,2
3.87485E+14,2
4.14325E+14,2
4.14338E+14,2
4.14338E+14,2
4.14338E+14,1
4.14338E+14,1
4.14338E+14,1
4.14338E+14,1
4.14338E+14,1
4.14338E+14,1
4.14338E+14,1
4.14338E+14,1
4.14338E+14,1
4.14338E+14,1
4.14338E+14,1
4.14338E+14,1
4.14338E+14,1
4.14338E+14,2
4.14338E+14,1
4.14338E+14,2
4.14338E+14,2
4.14338E+14,2
4.14338E+14,2
4.14338E+14,2
4.14338E+14,2
4.14338E+14,2
4.14338E+14,2
4.14338E+14,2
4.14338E+14,2
4.14338E+14,2
4.14338E+14,1
4.14338E+14,2
4.14338E+14,2
4.14338E+14,2
4.14338E+14,1
4.14338E+14,2
4.14338E+14,2
4.14338E+14,2
4.14338E+14,1
4.14338E+14,1
4.14338E+14,1
4.14338E+14,2
4.14338E+14,2
4.14338E+14,1
4.14338E+14,2
4.14338E+14,2
4.14338E+14,2
4.14338E+14,2
4.14338E+14,2
4.14338E+14,1
4.14338E+14,1
4.14338E+14,1
4.14338E+14,1
4.14338E+14,1
4.14338E+14,1
4.14338E+14,1
4.14338E+14,1
4.14338E+14,1
4.14338E+14,2
4.14338E+14,1
4.14338E+14,2
4.14338E+14,2
4.14338E+14,2
4.14338E+14,2
4.14338E+14,2
4.14338E+14,2
4.14338E+14,2
4.14338E+14,2
4.14338E+14,2
4.14339E+14,2
4.14339E+14,2
4.14339E+14,2
4.14339E+14,1
4.14339E+14,1
4.14339E+14,1
4.14339E+14,1
4.14339E+14,1
4.14339E+14,1
4.14339E+14,1
4.14339E+14,1
4.14339E+14,1
4.14339E+14,1
4.14339E+14,1
4.14339E+14,2
4.14339E+14,1
4.14339E+14,1
4.14339E+14,2
4.14339E+14,2
4.14339E+14,2
4.14339E+14,2
4.14339E+14,1
4.14339E+14,2
4.14339E+14,2
4.14839E+14,4
4.14839E+14,4
4.14839E+14,6
4.14839E+14,4
4.14839E+14,5
4.14839E+14,5
4.14839E+14,5
4.14839E+14,6
4.14839E+14,7
4.14839E+14,4
4.14839E+14,4
4.14839E+14,6
4.14839E+14,6
4.14839E+14,7
4.14839E+14,7
4.14839E+14,7
4.14839E+14,5
4.14839E+14,5
4.33033E+14,1
4.33033E+14,2
4.33033E+14,1
4.33033E+14,2
4.33033E+14,2
4.33034E+14,1
4.33034E+14,1
4.33034E+14,1
4.33034E+14,1
4.33034E+14,1
4.33034E+14,1
4.33034E+14,1
4.33034E+14,1
4.33034E+14,1
4.33034E+14,2
4.33034E+14,1
4.33034E+14,2
4.33034E+14,1
4.33034E+14,2
4.33034E+14,1
4.33034E+14,1
4.33034E+14,1
4.33034E+14,2
4.33034E+14,1
4.33034E+14,2
4.33034E+14,1
4.33034E+14,2
4.33034E+14,2
4.33034E+14,2
4.33034E+14,2
4.33034E+14,2
4.33034E+14,2
4.33034E+14,2
4.33034E+14,2
4.33034E+14,2
4.33034E+14,2
4.33034E+14,2
4.33034E+14,2
4.33034E+14,2
4.33034E+14,2
4.33034E+14,2
4.33034E+14,2
4.33034E+14,2
4.33034E+14,2
4.33034E+14,2
4.33034E+14,2
4.33034E+14,2
4.33034E+14,2
4.33034E+14,2
4.33034E+14,2
4.33034E+14,2
4.33034E+14,2
4.33034E+14,2
4.33034E+14,2
4.33034E+14,2
4.33034E+14,2
4.33034E+14,2
4.33034E+14,2
4.33034E+14,2
4.33034E+14,2
4.33034E+14,2
4.33034E+14,1
4.33034E+14,1
4.33034E+14,1
4.33034E+14,1
4.33034E+14,1
4.33034E+14,1
4.33034E+14,1
4.33034E+14,1
4.33034E+14,1
4.33034E+14,2
4.33034E+14,2
4.33034E+14,2
4.33034E+14,2
4.33034E+14,2
4.33034E+14,2
4.33034E+14,1
4.33034E+14,2
4.33034E+14,2
4.33034E+14,1
4.33034E+14,2
4.33034E+14,2
4.33034E+14,2
4.33034E+14,1
4.33034E+14,1
4.33034E+14,2
4.33034E+14,1
4.33034E+14,2
4.33034E+14,1
4.33034E+14,2
4.33034E+14,2
4.33034E+14,2
4.33034E+14,2
4.33034E+14,2
4.33034E+14,2
4.33034E+14,1
4.33034E+14,1
4.33034E+14,1
4.33034E+14,1
4.33034E+14,1
4.33034E+14,1
4.33034E+14,2
4.33034E+14,2
4.33034E+14,2
4.33034E+14,2
4.33034E+14,2
4.33034E+14,2
4.33034E+14,2
4.33034E+14,2
4.33034E+14,2
4.33034E+14,2
4.33034E+14,2
4.33034E+14,2
4.33034E+14,2
4.33034E+14,1
4.33034E+14,2
4.33034E+14,1
4.33034E+14,1
4.33034E+14,1
4.33034E+14,1
4.33034E+14,1
4.33034E+14,1
4.33034E+14,2
4.33034E+14,2
4.33034E+14,2
4.33034E+14,2
4.33034E+14,1
4.33034E+14,2
4.33034E+14,2
4.33034E+14,2
4.33034E+14,2
4.33034E+14,2
4.33034E+14,2
4.33034E+14,2
4.33034E+14,2
4.33034E+14,2
4.33034E+14,2
4.33034E+14,2
4.33034E+14,2
4.33034E+14,2
4.33034E+14,2
4.33034E+14,2
4.33034E+14,2
4.33034E+14,2
4.33034E+14,2
4.33034E+14,3
4.33034E+14,2
4.33034E+14,2
4.33034E+14,2
4.33034E+14,1
4.33034E+14,1
4.33034E+14,1
4.33034E+14,2
4.33034E+14,1
4.33034E+14,1
4.33034E+14,1
4.33034E+14,1
4.33034E+14,1
4.33034E+14,1
4.33034E+14,2
4.33034E+14,2
4.33034E+14,2
4.33034E+14,2
4.33034E+14,2
4.33034E+14,2
4.33034E+14,2
4.33034E+14,1
4.33034E+14,1
4.33034E+14,2
4.33034E+14,2
4.33034E+14,1
4.33034E+14,1
4.33034E+14,1
4.33034E+14,2
4.33034E+14,2
4.33034E+14,2
4.33035E+14,2
4.33035E+14,2
4.33035E+14,2
4.33035E+14,2
4.33035E+14,2
4.33035E+14,2
4.33035E+14,2
4.33035E+14,2
4.33035E+14,2
4.33035E+14,2
4.33035E+14,2
4.33035E+14,2
4.33035E+14,2
4.33035E+14,2
4.33035E+14,2
4.33035E+14,2
4.33035E+14,2
4.33035E+14,2
4.33035E+14,2
4.33035E+14,2
4.33062E+14,3
4.33062E+14,2
4.33062E+14,2
4.33062E+14,3
4.33062E+14,2
4.33062E+14,3
4.33062E+14,3
4.33062E+14,3
4.33062E+14,3
4.33062E+14,3
4.33062E+14,3
4.33062E+14,2
4.33062E+14,2
4.33062E+14,2
4.33062E+14,3
4.33062E+14,3
4.33062E+14,3
4.33062E+14,3
4.33062E+14,3
4.33062E+14,3
4.33062E+14,3
4.33062E+14,3
4.33062E+14,2
4.33062E+14,3
4.33062E+14,3
4.33062E+14,3
4.33062E+14,3
4.33062E+14,3
4.33062E+14,3
4.33062E+14,3
4.33062E+14,3
4.33062E+14,3
4.33062E+14,3
4.33062E+14,3
4.33062E+14,3
4.33062E+14,3
4.33062E+14,3
4.33062E+14,3
4.33062E+14,2
4.33062E+14,2
4.33062E+14,2
4.33062E+14,2
4.33062E+14,3
4.33062E+14,3
4.33062E+14,3
4.33062E+14,3
4.33062E+14,3
4.33062E+14,3
4.33062E+14,3
4.33062E+14,3
4.33062E+14,2
4.33062E+14,3
4.33062E+14,2
4.33062E+14,3
4.33062E+14,2
4.33062E+14,3
4.33062E+14,2
4.33062E+14,2
4.33062E+14,2
4.33062E+14,2
4.33062E+14,2
4.33062E+14,2
4.33062E+14,3
4.33062E+14,2
4.33062E+14,3
4.33062E+14,3
4.33062E+14,2
4.33063E+14,3
4.33063E+14,2
4.33063E+14,3
4.33063E+14,3
4.33063E+14,2
4.33063E+14,3
4.33063E+14,3
4.33063E+14,2
4.33063E+14,3
4.33063E+14,3
4.33063E+14,3
4.33074E+14,3
4.33075E+14,3
4.33075E+14,2
4.33075E+14,2
4.33075E+14,2
4.33075E+14,2
4.33075E+14,3
4.33075E+14,2
4.33075E+14,3
4.33075E+14,2
4.33075E+14,3
4.33075E+14,2
4.33075E+14,2
4.33075E+14,2
4.33075E+14,2
4.33075E+14,2
4.33075E+14,3
4.33075E+14,2
4.33075E+14,2
4.33075E+14,2
4.33075E+14,2
4.33075E+14,2
4.33075E+14,2
4.33075E+14,2
4.33075E+14,2
4.33075E+14,2
4.33075E+14,2
4.33075E+14,2
4.33075E+14,2
4.33075E+14,2
4.43866E+14,4
4.43867E+14,2
4.43867E+14,4
4.43867E+14,4
4.43867E+14,4
4.43867E+14,3
4.43867E+14,3
4.43867E+14,3
4.43867E+14,3
4.43867E+14,3
4.43867E+14,5
4.43867E+14,4
4.43867E+14,4
4.43867E+14,5
4.43867E+14,5
4.43867E+14,4
4.43867E+14,3
4.43867E+14,4
4.43867E+14,3
4.43867E+14,4
4.43867E+14,4
4.43867E+14,3
4.43867E+14,3
4.43867E+14,4
4.43867E+14,4
4.43867E+14,4
4.43867E+14,4
4.43867E+14,4
4.43867E+14,3
4.43867E+14,3
4.43867E+14,4
4.43867E+14,4
4.43867E+14,3
4.43867E+14,3
4.43867E+14,3
4.43868E+14,3
4.43868E+14,3
4.43868E+14,3
4.43868E+14,5
4.43868E+14,4
4.43868E+14,5
4.43868E+14,4
4.43868E+14,3
4.43868E+14,4
4.43868E+14,3
4.43868E+14,3
4.43868E+14,3
4.43868E+14,3
4.43868E+14,4
4.43868E+14,4
4.43868E+14,3
4.43868E+14,3
4.43868E+14,3
4.43868E+14,3
4.43868E+14,3
4.43868E+14,3
4.43868E+14,3
4.43868E+14,3
4.43868E+14,3
4.43868E+14,5
4.43868E+14,5
4.43868E+14,4
4.43868E+14,4
4.43868E+14,5
4.43868E+14,2
4.43868E+14,3
4.43868E+14,3
4.43868E+14,3
4.43868E+14,3
4.43868E+14,3
4.43868E+14,2
4.43868E+14,2
4.43868E+14,3
4.43868E+14,2
4.43868E+14,2
4.43868E+14,3
4.43868E+14,3
4.43868E+14,3
4.43868E+14,3
4.43868E+14,3
4.43868E+14,3
4.43868E+14,3
4.43868E+14,2
4.43868E+14,2
4.43868E+14,2
4.44191E+14,3
4.44191E+14,2
4.44191E+14,2
4.44191E+14,3
4.44191E+14,2
4.44191E+14,2
4.44191E+14,2
4.44191E+14,2
4.44191E+14,2
4.44191E+14,2
4.44191E+14,2
4.44191E+14,2
4.44191E+14,2
4.44191E+14,2
4.44191E+14,2
4.44191E+14,2
4.45193E+14,2
4.45193E+14,2
4.45193E+14,2
4.45193E+14,3
4.45193E+14,2
4.45193E+14,2
4.45193E+14,2
4.45193E+14,2
4.45193E+14,2
4.45193E+14,2
4.45193E+14,2
4.45193E+14,2
4.45193E+14,2
4.45193E+14,2
4.45193E+14,2
4.45193E+14,2
4.45193E+14,2
4.45193E+14,2
4.45193E+14,2
4.45193E+14,2
4.45193E+14,3
4.45193E+14,2
4.45193E+14,2
4.45193E+14,2
4.45193E+14,3
4.45193E+14,3
4.45193E+14,2
4.45193E+14,2
4.45193E+14,2
4.45193E+14,2
4.45193E+14,2
4.45193E+14,2
4.45193E+14,2
4.45193E+14,2
4.45193E+14,2
4.45193E+14,3
4.45193E+14,3
4.45193E+14,2
4.45193E+14,2
4.45193E+14,2
4.45193E+14,2
4.45193E+14,2
4.45193E+14,2
4.45193E+14,2
4.45193E+14,2
4.45193E+14,2
4.45193E+14,2
4.45193E+14,2
4.45193E+14,2
4.45193E+14,2
4.45193E+14,2
4.45193E+14,2
4.45194E+14,2
4.45194E+14,2
4.45194E+14,3
4.45194E+14,2
4.45194E+14,2
4.45194E+14,2
4.45194E+14,3
4.45194E+14,2
4.45194E+14,2
4.45194E+14,2
4.45194E+14,2
4.45194E+14,3
4.45194E+14,3
4.45194E+14,3
4.45194E+14,3
4.45194E+14,3
4.45194E+14,3
4.45194E+14,2
4.45194E+14,2
4.45194E+14,2
4.45194E+14,3
4.45194E+14,2
4.45194E+14,2
4.45194E+14,2
4.45194E+14,2
4.45194E+14,2
4.45194E+14,2
4.45194E+14,2
4.45194E+14,3
4.45194E+14,2
4.45194E+14,2
4.45194E+14,2
4.45194E+14,2
4.45194E+14,2
4.45194E+14,2
4.45194E+14,2
4.45194E+14,2
4.45194E+14,3
4.45194E+14,2
4.45194E+14,2
4.45194E+14,2
4.45194E+14,3
4.45194E+14,2
4.45194E+14,2
4.45194E+14,2
4.45194E+14,2
4.45194E+14,2
4.45194E+14,2
4.45194E+14,2
4.45194E+14,2
4.45194E+14,2
4.45194E+14,3
4.45194E+14,2
4.45194E+14,3
4.45194E+14,3
4.45194E+14,2
4.45194E+14,2
4.45194E+14,2
4.45194E+14,2
4.45194E+14,3
4.45194E+14,2
4.45194E+14,2
4.45194E+14,3
4.45194E+14,3
4.45194E+14,2
4.45194E+14,2
4.45194E+14,2
4.45194E+14,2
4.45194E+14,2
4.45194E+14,2
4.45194E+14,2
4.45194E+14,2
4.45194E+14,2
4.45194E+14,2
4.45194E+14,2
4.45194E+14,2
4.45194E+14,2
4.45194E+14,2
4.45194E+14,3
4.45194E+14,2
4.45194E+14,2
4.45194E+14,2
4.45194E+14,2
4.45194E+14,2
4.45194E+14,2
4.45194E+14,2
4.45194E+14,3
4.45194E+14,3
4.45194E+14,3
4.45194E+14,3
4.45194E+14,2
4.45194E+14,2
4.45194E+14,3
4.45194E+14,2
4.45194E+14,2
4.45194E+14,2
4.45194E+14,2
4.45194E+14,2
4.45194E+14,2
4.45194E+14,2
4.45194E+14,2
4.45194E+14,2
4.45194E+14,2
4.45194E+14,2
4.45194E+14,2
4.45194E+14,2
4.45194E+14,2
4.45194E+14,2
4.45194E+14,2
4.45194E+14,2
4.45194E+14,2
4.45194E+14,2
4.45194E+14,3
4.45194E+14,3
4.45194E+14,3
4.45194E+14,3
4.45194E+14,3
4.45194E+14,3
4.45194E+14,3
4.45194E+14,3
4.45194E+14,2
4.45194E+14,2
4.45194E+14,2
4.45194E+14,2
4.45194E+14,2
4.45194E+14,2
4.45194E+14,2
4.45194E+14,3
4.45573E+14,1
4.45573E+14,1
4.45573E+14,1
4.45573E+14,1
4.45573E+14,2
4.45573E+14,2
4.45573E+14,1
4.45573E+14,1
4.45573E+14,1
4.45573E+14,1
4.45573E+14,1
4.45573E+14,1
4.45573E+14,2
4.45573E+14,2
4.45573E+14,2
4.45573E+14,2
4.45573E+14,2
4.45573E+14,2
4.45573E+14,2
4.45573E+14,2
4.45573E+14,2
4.45573E+14,2
4.45573E+14,2
4.45573E+14,2
4.4894E+14,2
4.4894E+14,2
4.4894E+14,2
4.4894E+14,2
4.4894E+14,2
4.4894E+14,2
4.4894E+14,2
4.4894E+14,2
4.4894E+14,2
4.4894E+14,2
4.4894E+14,2
4.4894E+14,2
4.4894E+14,2
4.4894E+14,2
4.4894E+14,3
4.4894E+14,3
4.4894E+14,4
4.4894E+14,4
4.4894E+14,4
4.4894E+14,4
4.4894E+14,3
4.4894E+14,3
4.4894E+14,2
4.4894E+14,2
4.4894E+14,3
4.4894E+14,2
4.4894E+14,2
4.4894E+14,2
4.4894E+14,3
4.4894E+14,3
4.4894E+14,3
4.4894E+14,3
4.4894E+14,3
4.4894E+14,2
4.4894E+14,2
4.4894E+14,3
4.4894E+14,2
4.4894E+14,2
4.4894E+14,2
4.4894E+14,2
4.4894E+14,2
4.4894E+14,2
4.4894E+14,3
4.4894E+14,2
4.4894E+14,4
4.4894E+14,2
4.4894E+14,2
4.4894E+14,2
4.4894E+14,2
4.4894E+14,3
4.48941E+14,4
4.48941E+14,4
4.48941E+14,4
4.48941E+14,2
4.48941E+14,3
4.48941E+14,3
4.48941E+14,3
4.48941E+14,2
4.48941E+14,2
4.48941E+14,2
4.48941E+14,4
4.48941E+14,4
4.48941E+14,3
4.48941E+14,3
4.48941E+14,4
4.48941E+14,4
4.48941E+14,4
4.48941E+14,2
4.48941E+14,2
4.48941E+14,3
4.49071E+14,1
4.49071E+14,1
4.49071E+14,1
4.49071E+14,1
4.49071E+14,1
4.49071E+14,1
4.49071E+14,2
4.49071E+14,1
4.49071E+14,1
4.49071E+14,1
4.49071E+14,1
4.49071E+14,1
4.49071E+14,1
4.49071E+14,2
4.49072E+14,1
4.49072E+14,2
4.49072E+14,3
4.49072E+14,2
4.49072E+14,2
4.49072E+14,2
4.49072E+14,2
4.49072E+14,1
4.49072E+14,1
4.49072E+14,1
4.49072E+14,1
4.49072E+14,1
4.49072E+14,1
4.49072E+14,2
4.49072E+14,1
4.49072E+14,1
4.49072E+14,2
4.49072E+14,3
4.49072E+14,1
4.49072E+14,2
4.49072E+14,2
4.49072E+14,1
4.49072E+14,1
4.49072E+14,1
4.49072E+14,1
4.49072E+14,1
4.49072E+14,1
4.49072E+14,1
4.49072E+14,1
4.49072E+14,1
4.49072E+14,1
4.49072E+14,1
4.49072E+14,1
4.49072E+14,1
4.49072E+14,1
4.49072E+14,1
4.49072E+14,2
4.49072E+14,1
4.49072E+14,1
4.49072E+14,1
4.49072E+14,2
4.49072E+14,1
4.49072E+14,1
4.49072E+14,1
4.49072E+14,1
4.49072E+14,1
4.49072E+14,1
4.49072E+14,1
4.49072E+14,1
4.49072E+14,1
4.49072E+14,1
4.49072E+14,1
4.49073E+14,1
4.49073E+14,1
4.49073E+14,2
4.49073E+14,1
4.49073E+14,1
4.49073E+14,2
4.49073E+14,2
4.49073E+14,1
4.49073E+14,1
4.49073E+14,1
4.49073E+14,1
4.49073E+14,1
4.49073E+14,1
4.49073E+14,1
4.49073E+14,1
4.49073E+14,1
4.49073E+14,1
4.49073E+14,1
4.49073E+14,1
4.49073E+14,1
4.49073E+14,1
4.49073E+14,1
4.49073E+14,1
4.49073E+14,1
4.49073E+14,1
4.49073E+14,1
4.49073E+14,1
4.49073E+14,1
4.49073E+14,1
4.49073E+14,1
4.49073E+14,1
4.49073E+14,1
4.49073E+14,1
4.51058E+14,3
4.51058E+14,2
4.51058E+14,3
4.51063E+14,1
4.51063E+14,1
4.51063E+14,2
4.51063E+14,1
4.51063E+14,1
4.51063E+14,1
4.51063E+14,1
4.51063E+14,2
4.51063E+14,1
4.51063E+14,1
4.51063E+14,2
4.51063E+14,1
4.51063E+14,1
4.51063E+14,1
4.51063E+14,1
4.51063E+14,2
4.51063E+14,2
4.51063E+14,1
4.51063E+14,1
4.51063E+14,1
4.51063E+14,1
4.51063E+14,1
4.51063E+14,1
4.51063E+14,1
4.51063E+14,1
4.51063E+14,1
4.51063E+14,1
4.51063E+14,1
4.51063E+14,2
4.51063E+14,2
4.51063E+14,2
4.51063E+14,1
4.51063E+14,1
4.51063E+14,1
4.51063E+14,1
4.51063E+14,1
4.51063E+14,1
4.51063E+14,1
4.51063E+14,1
4.51063E+14,1
4.51063E+14,1
4.51063E+14,1
4.51063E+14,1
4.51063E+14,1
4.51063E+14,1
4.51063E+14,1
4.51063E+14,1
4.51063E+14,1
4.51063E+14,1
4.51063E+14,1
4.51063E+14,1
4.51063E+14,1
4.51063E+14,1
4.51063E+14,1
4.51063E+14,1
4.51063E+14,1
4.51063E+14,1
4.51063E+14,1
4.51063E+14,1
4.51063E+14,1
4.51063E+14,1
4.51063E+14,1
4.51063E+14,1
4.51063E+14,1
4.51063E+14,1
4.51063E+14,1
4.51063E+14,1
4.51063E+14,1
4.51063E+14,1
4.51063E+14,1
4.51063E+14,1
4.51063E+14,1
4.51063E+14,1
4.51063E+14,1
4.51063E+14,2
4.51063E+14,2
4.51064E+14,2
4.51064E+14,2
4.51064E+14,1
4.51064E+14,1
4.51064E+14,1
4.51064E+14,1
4.51064E+14,1
4.51064E+14,1
4.51064E+14,1
4.51064E+14,1
4.51064E+14,1
4.51064E+14,1
4.51064E+14,1
4.51064E+14,1
4.51064E+14,1
4.51064E+14,2
4.51064E+14,2
4.51064E+14,1
4.51064E+14,1
4.51064E+14,1
4.51064E+14,2
4.51064E+14,1
4.51064E+14,1
4.51064E+14,1
4.51064E+14,1
4.51064E+14,1
4.51064E+14,1
4.51064E+14,1
4.51064E+14,1
4.51064E+14,1
4.51064E+14,1
4.51064E+14,1
4.51064E+14,1
4.51064E+14,1
4.51064E+14,1
4.51064E+14,1
4.51064E+14,1
4.51064E+14,1
4.51064E+14,1
4.51064E+14,1
4.51064E+14,1
4.51064E+14,1
4.51064E+14,1
4.51064E+14,1
4.51064E+14,1
4.51064E+14,1
4.51064E+14,1
4.51064E+14,1
4.51064E+14,1
4.51064E+14,1
4.51064E+14,1
4.51064E+14,1
4.51064E+14,1
4.51064E+14,1
4.51064E+14,1
4.51064E+14,1
4.51064E+14,1
4.51064E+14,1
4.51064E+14,1
4.51064E+14,1
4.51064E+14,1
4.51064E+14,1
4.51064E+14,1
4.51064E+14,1
4.51064E+14,1
4.51064E+14,1
4.51064E+14,1
4.51064E+14,1
4.51064E+14,1
4.51064E+14,1
4.51064E+14,1
4.51064E+14,1
4.51064E+14,1
4.51064E+14,1
4.51064E+14,1
4.51064E+14,1
4.51064E+14,1
4.51064E+14,1
4.51064E+14,1
4.51064E+14,2
4.51064E+14,2
4.51064E+14,1
4.51064E+14,2
4.51064E+14,2
4.51064E+14,2
4.51064E+14,1
4.51064E+14,2
4.51064E+14,1
4.51064E+14,1
4.51064E+14,1
4.51064E+14,1
4.51064E+14,1
4.51065E+14,3
4.51065E+14,3
4.51065E+14,3
4.51065E+14,2
4.51065E+14,3
4.51065E+14,1
4.51065E+14,2
4.51065E+14,2
4.51065E+14,2
4.51065E+14,2
4.51065E+14,2
4.51065E+14,2
4.51065E+14,2
4.51065E+14,2
4.51065E+14,2
4.51065E+14,2
4.51065E+14,2
4.51065E+14,2
4.51065E+14,2
4.51065E+14,2
4.51065E+14,2
4.51065E+14,3
4.51065E+14,2
4.51065E+14,2
4.51065E+14,2
4.51065E+14,2
4.51065E+14,2
4.51065E+14,2
4.51065E+14,2
4.51065E+14,2
4.51066E+14,2
4.51066E+14,2
4.51066E+14,2
4.51066E+14,2
4.51066E+14,2
4.51066E+14,2
4.51066E+14,1
4.51066E+14,1
4.51066E+14,2
4.51066E+14,2
4.51066E+14,2
4.51066E+14,2
4.51066E+14,2
4.51066E+14,3
4.51066E+14,3
4.51066E+14,3
4.51066E+14,2
4.51066E+14,1
4.51066E+14,2
4.51066E+14,2
4.51066E+14,1
4.51066E+14,1
4.51066E+14,2
4.51066E+14,2
4.51066E+14,2
4.51066E+14,2
4.51066E+14,2
4.51066E+14,3
4.51066E+14,2
4.51066E+14,2
4.51066E+14,2
4.51066E+14,2
4.51066E+14,2
4.51066E+14,2
4.51066E+14,2
4.51066E+14,2
4.51066E+14,3
4.51066E+14,3
4.51135E+14,2
4.51135E+14,3
4.51135E+14,3
4.51136E+14,1
4.51136E+14,1
4.51136E+14,2
4.51136E+14,3
4.51136E+14,3
4.51136E+14,3
4.51136E+14,3
4.51136E+14,2
4.51136E+14,3
4.51136E+14,1
4.51136E+14,2
4.51136E+14,2
4.51136E+14,2
4.51136E+14,2
4.51136E+14,2
4.51136E+14,2
4.51136E+14,2
4.51136E+14,2
4.51136E+14,2
4.51136E+14,2
4.51136E+14,2
4.51136E+14,2
4.51136E+14,3
4.51136E+14,3
4.51136E+14,3
4.51136E+14,3
4.51136E+14,4
4.51136E+14,2
4.51136E+14,3
4.51136E+14,2
4.51136E+14,2
4.51136E+14,2
4.51136E+14,2
4.51136E+14,1
4.51136E+14,2
4.51136E+14,2
4.51136E+14,2
4.51136E+14,2
4.51136E+14,3
4.51136E+14,3
4.51136E+14,3
4.51136E+14,3
4.51136E+14,3
4.51136E+14,4
4.51136E+14,3
4.51136E+14,4
4.51136E+14,2
4.51136E+14,2
4.51136E+14,2
4.51136E+14,2
4.51136E+14,1
4.51136E+14,1
4.51136E+14,1
4.51136E+14,1
4.51136E+14,1
4.51136E+14,1
4.51136E+14,2
4.51136E+14,1
4.51136E+14,2
4.51136E+14,1
4.51136E+14,1
4.51136E+14,1
4.51136E+14,2
4.51136E+14,3
4.51136E+14,3
4.51136E+14,3
4.51136E+14,3
4.51136E+14,3
4.51136E+14,1
4.51136E+14,1
4.51136E+14,2
4.51136E+14,3
4.51136E+14,1
4.51136E+14,1
4.51136E+14,1
4.51136E+14,1
4.51136E+14,2
4.51136E+14,2
4.51136E+14,3
4.51136E+14,1
4.51136E+14,1
4.51136E+14,1
4.51136E+14,1
4.51136E+14,2
4.51136E+14,2
4.51136E+14,3
4.51136E+14,2
4.51136E+14,2
4.51136E+14,3
4.51136E+14,3
4.51136E+14,2
4.51136E+14,2
4.51136E+14,2
4.51136E+14,2
4.51136E+14,2
4.51136E+14,2
4.51136E+14,2
4.51136E+14,2
4.51136E+14,3
4.51136E+14,3
4.51136E+14,3
4.51136E+14,3
4.51136E+14,3
4.51136E+14,3
4.51136E+14,2
4.51136E+14,2
4.51136E+14,2
4.51136E+14,2
4.51136E+14,3
4.51136E+14,2
4.51136E+14,2
4.51136E+14,2
4.51136E+14,1
4.51136E+14,2
4.51136E+14,2
4.51136E+14,2
4.51136E+14,2
4.51136E+14,2
4.51136E+14,2
4.51136E+14,3
4.51136E+14,3
4.51136E+14,3
4.51136E+14,3
4.51136E+14,3
4.51136E+14,3
4.51136E+14,3
4.51136E+14,3
4.51137E+14,3
4.51137E+14,3
4.51137E+14,3
4.51137E+14,3
4.51137E+14,3
4.51137E+14,3
4.51137E+14,3
4.51137E+14,2
4.51137E+14,2
4.51137E+14,2
4.51137E+14,3
4.51137E+14,2
4.51137E+14,2
4.51137E+14,3
4.51137E+14,3
4.51137E+14,3
4.51137E+14,3
4.51137E+14,3
4.51137E+14,2
4.51137E+14,2
4.51137E+14,3
4.51137E+14,3
4.51137E+14,3
4.51137E+14,3
4.51137E+14,3
4.51137E+14,2
4.51137E+14,3
4.51137E+14,3
4.51137E+14,3
4.51137E+14,2
4.51137E+14,3
4.51137E+14,2
4.51137E+14,3
4.51137E+14,3
4.51137E+14,4
4.51137E+14,4
4.51137E+14,3
4.51137E+14,3
4.51137E+14,3
4.51137E+14,3
4.51137E+14,3
4.51137E+14,3
4.51137E+14,3
4.51137E+14,3
4.51137E+14,3
4.51137E+14,3
4.51137E+14,2
4.51137E+14,2
4.51137E+14,2
4.51137E+14,2
4.51137E+14,2
4.51137E+14,2
4.51137E+14,3
4.51137E+14,3
4.51137E+14,3
4.51407E+14,3
4.51407E+14,2
4.51407E+14,2
4.51407E+14,2
4.51407E+14,2
4.51407E+14,2
4.51407E+14,2
4.51407E+14,2
4.51407E+14,2
4.51407E+14,2
4.51407E+14,2
4.51407E+14,2
4.51407E+14,2
4.51407E+14,2
4.51407E+14,3
4.51407E+14,2
4.51407E+14,2
4.51407E+14,2
4.51407E+14,2
4.51407E+14,2
4.51407E+14,3
4.51407E+14,2
4.51407E+14,2
4.51407E+14,2
4.51407E+14,2
4.51407E+14,2
4.51407E+14,2
4.51407E+14,3
4.51407E+14,2
4.51407E+14,3
4.51407E+14,3
4.51408E+14,2
4.51408E+14,2
4.51408E+14,2
4.51408E+14,2
4.51408E+14,2
4.51408E+14,2
4.51408E+14,2
4.51408E+14,2
4.51408E+14,2
4.51408E+14,2
4.51408E+14,3
4.51408E+14,2
4.51408E+14,2
4.51408E+14,2
4.51408E+14,2
4.51408E+14,2
4.51408E+14,2
4.51408E+14,2
4.51408E+14,2
4.51408E+14,2
4.51408E+14,2
4.51408E+14,2
4.51408E+14,2
4.51408E+14,2
4.51408E+14,2
4.51408E+14,3
4.51408E+14,3
4.51408E+14,3
4.51408E+14,2
4.51408E+14,2
4.51408E+14,2
4.51408E+14,2
4.51408E+14,2
4.51408E+14,2
4.51408E+14,2
4.51408E+14,2
4.51408E+14,2
4.51408E+14,2
4.51408E+14,2
4.51408E+14,1
4.51408E+14,2
4.51408E+14,2
4.51408E+14,2
4.51408E+14,2
4.51408E+14,2
4.51408E+14,2
4.51408E+14,2
4.51408E+14,2
4.51408E+14,2
4.51408E+14,2
4.51408E+14,2
4.51408E+14,2
4.51408E+14,2
4.51408E+14,2
4.51408E+14,2
4.51408E+14,1
4.51408E+14,2
4.51408E+14,2
4.51408E+14,2
4.51408E+14,2
4.51408E+14,2
4.51408E+14,2
4.51408E+14,2
4.51408E+14,2
4.51408E+14,2
4.51408E+14,2
4.51408E+14,2
4.51408E+14,2
4.51408E+14,2
4.51408E+14,2
4.51408E+14,2
4.51408E+14,2
4.51408E+14,2
4.51408E+14,2
4.51408E+14,2
4.51408E+14,2
4.51408E+14,2
4.51408E+14,2
4.7157E+14,2
4.7157E+14,2
4.7157E+14,2
4.7157E+14,2
4.7157E+14,2
4.7157E+14,2
4.7157E+14,2
4.7157E+14,2
4.7157E+14,2
4.7157E+14,2
4.7157E+14,2
4.7157E+14,1
4.7157E+14,1
4.7157E+14,2
4.7157E+14,1
4.7157E+14,1
4.7157E+14,1
4.7157E+14,2
4.7157E+14,1
4.7157E+14,1
4.7157E+14,1
4.7157E+14,2
4.7157E+14,1
4.7157E+14,2
4.7157E+14,2
4.7157E+14,1
4.7157E+14,2
4.7157E+14,2
4.7157E+14,2
4.7157E+14,2
4.7157E+14,2
4.7157E+14,2
4.7157E+14,2
4.7157E+14,2
4.7157E+14,2
4.7157E+14,2
4.7157E+14,2
4.7157E+14,2
4.7157E+14,2
4.7157E+14,1
4.7157E+14,2
4.7157E+14,1
4.7157E+14,1
4.7157E+14,1
4.7157E+14,1
4.7157E+14,1
4.7157E+14,1
4.7157E+14,1
4.7157E+14,2
4.7157E+14,2
4.7157E+14,1
4.7157E+14,2
4.7157E+14,1
4.7157E+14,2
4.7157E+14,2
4.7157E+14,2
4.7157E+14,3
4.7157E+14,2
4.7157E+14,2
4.7157E+14,2
4.7157E+14,1
4.7157E+14,1
4.7157E+14,1
4.7157E+14,1
4.7157E+14,1
4.7157E+14,1
4.7157E+14,1
4.7157E+14,1
4.7157E+14,1
4.7157E+14,1
4.7157E+14,1
4.7157E+14,1
4.7157E+14,2
4.7157E+14,1
4.7157E+14,2
4.7157E+14,2
4.7157E+14,2
4.7157E+14,2
4.7157E+14,2
4.7157E+14,2
4.7157E+14,2
4.7157E+14,2
4.7157E+14,2
4.7157E+14,2
4.7157E+14,1
4.7157E+14,1
4.71571E+14,1
4.71571E+14,1
4.71571E+14,1
4.71571E+14,1
4.71571E+14,1
4.71571E+14,1
4.71571E+14,1
4.71571E+14,1
4.71571E+14,1
4.71571E+14,1
4.71571E+14,1
4.71571E+14,1
4.71571E+14,1
4.71571E+14,2
4.71571E+14,2
4.71571E+14,2
4.71571E+14,3
4.71571E+14,2
4.71571E+14,2
4.71571E+14,2
4.71571E+14,1
4.7179E+14,3
4.7179E+14,3
4.7179E+14,3
4.7179E+14,3
4.7179E+14,3
4.7179E+14,4
4.7179E+14,4
4.7179E+14,3
4.7179E+14,3
4.7179E+14,3
4.7179E+14,3
4.7179E+14,3
4.7179E+14,3
4.7179E+14,3
4.7179E+14,3
4.7179E+14,3
4.7179E+14,3
4.7179E+14,3
4.7179E+14,4
4.7179E+14,3
4.7179E+14,3
4.7179E+14,4
4.7179E+14,4
4.7179E+14,4
4.7179E+14,2
4.7179E+14,2
4.7179E+14,2
4.7179E+14,2
4.7179E+14,3
4.7179E+14,2
4.7179E+14,3
4.7179E+14,3
4.7179E+14,3
4.7179E+14,3
4.7179E+14,4
4.7179E+14,3
4.7179E+14,3
4.7179E+14,4
4.7179E+14,3
4.7179E+14,3
4.7179E+14,3
4.7179E+14,3
4.7179E+14,2
4.7179E+14,3
4.7179E+14,4
4.7179E+14,4
4.7179E+14,4
4.7179E+14,2
4.7179E+14,3
4.7179E+14,3
4.7179E+14,3
4.7179E+14,3
4.7179E+14,3
4.7179E+14,4
4.7179E+14,3
4.7179E+14,3
4.7179E+14,4
4.7179E+14,2
4.7179E+14,3
4.7179E+14,3
4.7179E+14,3
4.7179E+14,3
4.7179E+14,3
4.73314E+14,3
4.73314E+14,3
4.73314E+14,4
4.73314E+14,3
4.73314E+14,3
4.73314E+14,4
4.73314E+14,3
4.73314E+14,3
4.73314E+14,3
4.73314E+14,4
4.73314E+14,3
4.73314E+14,3
4.73314E+14,3
4.73314E+14,3
4.73314E+14,3
4.73314E+14,2
4.73314E+14,4
4.73314E+14,3
4.73314E+14,4
4.73314E+14,4
4.73314E+14,4
4.73314E+14,4
4.73314E+14,3
4.73314E+14,2
4.73314E+14,2
4.73314E+14,3
4.73314E+14,3
4.73314E+14,2
4.73314E+14,3
4.73314E+14,3
4.73314E+14,3
4.73314E+14,3
4.73314E+14,3
4.73314E+14,3
4.73314E+14,3
4.73314E+14,3
4.73314E+14,3
4.73314E+14,3
4.73314E+14,3
4.73314E+14,3
4.73314E+14,3
4.73314E+14,3
4.73314E+14,3
4.73314E+14,3
4.73314E+14,4
4.73314E+14,4
4.73314E+14,4
4.73314E+14,4
4.73314E+14,2
4.73314E+14,2
4.73314E+14,3
4.73314E+14,3
4.73314E+14,3
4.73314E+14,3
4.73314E+14,3
4.73314E+14,4
4.73314E+14,3
4.73314E+14,4
4.73314E+14,4
4.73314E+14,4
4.73314E+14,3
4.73314E+14,4
4.73314E+14,4
4.73314E+14,3
4.73314E+14,2
4.73314E+14,2
4.73314E+14,5
4.73314E+14,5
4.73314E+14,3
4.80976E+14,1
4.80976E+14,2
4.80976E+14,2
4.80976E+14,2
4.80976E+14,1
4.80976E+14,2
4.80976E+14,1
4.80976E+14,2
4.80976E+14,1
4.80976E+14,2
4.80976E+14,2
4.80976E+14,2
4.80976E+14,1
4.80976E+14,1
4.80976E+14,1
4.80976E+14,1
4.80976E+14,1
4.80976E+14,1
4.80976E+14,1
4.80976E+14,2
4.80976E+14,1
4.80976E+14,1
4.80976E+14,2
4.80976E+14,1
4.80976E+14,1
4.80976E+14,2
4.80976E+14,1
4.80976E+14,2
4.80976E+14,1
4.80976E+14,1
4.80976E+14,2
4.80976E+14,2
4.80976E+14,2
4.80976E+14,2
4.80976E+14,2
4.80976E+14,2
4.80976E+14,2
4.80976E+14,2
4.80976E+14,2
4.80976E+14,2
4.80976E+14,2
4.80976E+14,2
4.80976E+14,2
4.80976E+14,2
4.80976E+14,2
4.80976E+14,1
4.80976E+14,2
4.80976E+14,2
4.80976E+14,2
4.80976E+14,2
4.80976E+14,2
4.80976E+14,2
4.80976E+14,2
4.80976E+14,3
4.80976E+14,2
4.80976E+14,2
4.80976E+14,2
4.80976E+14,2
4.80976E+14,2
4.80976E+14,2
4.80976E+14,1
4.80976E+14,1
4.80976E+14,1
4.80976E+14,1
4.80976E+14,1
4.80976E+14,1
4.80976E+14,1
4.80976E+14,1
4.80976E+14,2
4.80976E+14,2
4.80976E+14,2
4.80976E+14,2
4.80976E+14,2
4.80976E+14,1
4.80976E+14,1
4.80976E+14,2
4.80976E+14,2
4.80976E+14,2
4.80976E+14,1
4.80976E+14,2
4.80976E+14,1
4.80976E+14,2
4.80976E+14,1
4.80976E+14,2
4.80976E+14,2
4.80976E+14,2
4.80976E+14,2
4.80976E+14,2
4.80976E+14,1
4.80976E+14,2
4.80976E+14,1
4.80976E+14,1
4.80976E+14,1
4.80976E+14,1
4.80976E+14,2
4.80976E+14,2
4.80976E+14,1
4.80976E+14,1
4.80976E+14,1
4.80976E+14,1
4.80976E+14,2
4.80976E+14,2
4.80977E+14,2
4.80977E+14,2
4.80977E+14,2
4.80977E+14,1
4.80977E+14,1
4.80977E+14,1
4.80977E+14,2
4.80977E+14,2
4.80977E+14,1
4.80977E+14,1
4.80977E+14,1
4.80977E+14,1
4.80977E+14,1
4.80977E+14,1
4.80977E+14,1
4.80977E+14,1
4.80977E+14,2
4.80977E+14,2
4.80977E+14,2
4.80977E+14,1
4.80977E+14,2
4.80977E+14,2
4.80977E+14,2
4.80977E+14,2
4.80977E+14,2
4.80977E+14,2
4.80977E+14,2
4.80977E+14,2
4.80977E+14,2
4.80977E+14,2
4.80977E+14,2
4.80977E+14,2
4.80977E+14,2
4.80977E+14,2
4.80977E+14,2
4.80977E+14,2
4.80977E+14,2
4.80977E+14,2
4.80977E+14,2
4.80977E+14,2
4.80977E+14,2
4.80977E+14,2
4.80977E+14,1
4.80977E+14,1
4.80977E+14,1
4.80977E+14,1
4.80977E+14,1
4.80977E+14,1
4.80977E+14,1
4.80977E+14,1
4.80977E+14,1
4.80977E+14,1
4.80977E+14,1
4.80977E+14,1
4.80977E+14,1
4.80977E+14,1
4.80977E+14,1
4.80977E+14,1
4.80977E+14,1
4.80977E+14,1
4.80977E+14,1
4.80977E+14,1
4.80977E+14,2
4.80977E+14,2
4.80977E+14,1
4.80977E+14,2
4.80977E+14,1
4.80977E+14,2
4.80977E+14,2
4.80977E+14,2
4.80977E+14,1
4.80977E+14,1
4.80977E+14,2
4.80977E+14,2
4.80977E+14,2
4.80977E+14,2
4.80977E+14,2
4.80977E+14,2
4.80977E+14,2
4.80977E+14,2
4.80977E+14,2
4.80977E+14,2
4.80977E+14,2
4.80977E+14,2
4.80977E+14,2
4.80977E+14,2
4.80977E+14,2
4.80977E+14,2
4.80977E+14,2
4.80977E+14,2
4.80977E+14,2
4.88021E+14,2
4.88021E+14,2
4.88021E+14,2
4.88021E+14,2
4.88021E+14,2
4.88021E+14,2
4.88021E+14,3
4.88021E+14,2
4.88021E+14,2
4.88021E+14,2
4.88021E+14,2
4.88021E+14,2
4.88021E+14,2
4.88021E+14,2
4.88021E+14,2
4.88021E+14,2
4.88021E+14,2
4.88021E+14,2
4.88021E+14,2
4.88021E+14,3
4.88021E+14,3
4.88021E+14,3
4.88021E+14,2
4.88021E+14,2
4.88021E+14,2
4.88021E+14,2
4.88021E+14,2
4.88021E+14,3
4.88021E+14,2
4.88021E+14,2
4.88021E+14,2
4.88021E+14,2
4.88021E+14,2
4.88021E+14,2
4.88021E+14,2
4.88021E+14,2
4.88021E+14,2
4.88021E+14,2
4.88021E+14,2
4.88021E+14,2
4.88021E+14,2
4.88021E+14,3
4.88021E+14,2
4.88021E+14,2
4.88021E+14,2
4.88021E+14,3
4.88021E+14,3
4.88021E+14,2
4.88021E+14,2
4.88021E+14,2
4.88021E+14,2
4.88021E+14,2
4.88021E+14,2
4.88021E+14,2
4.88021E+14,2
4.88021E+14,2
4.88021E+14,2
4.88021E+14,2
4.88021E+14,2
4.88021E+14,2
4.88021E+14,2
4.88021E+14,2
4.88021E+14,2
4.88021E+14,2
4.88021E+14,2
4.88021E+14,2
4.88021E+14,2
4.88021E+14,2
4.88021E+14,3
4.88021E+14,3
4.88021E+14,3
4.88021E+14,2
4.88021E+14,2
4.88021E+14,2
4.88021E+14,2
4.88021E+14,3
4.88021E+14,2
4.88021E+14,3
4.88021E+14,2
4.88021E+14,2
4.88021E+14,2
4.88021E+14,2
4.88021E+14,2
4.88021E+14,2
4.88021E+14,2
4.88021E+14,2
4.88021E+14,2
4.88021E+14,2
4.88021E+14,2
4.88021E+14,2
4.88021E+14,2
4.88021E+14,2
4.88021E+14,2
4.88021E+14,2
4.88021E+14,2
4.88021E+14,2
4.88021E+14,2
4.88021E+14,2
4.88021E+14,2
4.88021E+14,2
4.88021E+14,2
4.88021E+14,2
4.88021E+14,2
4.88021E+14,2
4.88021E+14,2
4.88021E+14,2
4.88021E+14,2
4.88021E+14,2
4.88021E+14,2
4.88021E+14,2
4.88021E+14,3
4.88021E+14,2
4.88021E+14,2
4.88021E+14,2
4.88021E+14,2
4.88021E+14,2
4.88021E+14,2
4.88021E+14,2
4.88021E+14,2
4.88021E+14,2
4.88021E+14,2
4.88021E+14,2
4.88021E+14,2
4.88021E+14,2
4.88021E+14,2
4.88021E+14,2
4.88021E+14,2
4.88021E+14,2
4.88021E+14,2
4.88021E+14,2
4.88021E+14,3
4.88021E+14,2
4.88021E+14,2
4.88021E+14,2
4.88021E+14,2
4.88021E+14,3
4.88021E+14,3
4.88021E+14,3
4.88021E+14,3
4.88021E+14,3
4.88021E+14,2
4.88021E+14,2
4.88021E+14,2
4.88021E+14,2
4.88021E+14,2
4.88021E+14,2
4.88021E+14,2
4.88021E+14,2
4.88021E+14,2
4.88021E+14,2
4.88021E+14,2
4.88021E+14,2
4.88021E+14,2
4.88021E+14,2
4.88021E+14,2
4.88021E+14,2
4.88021E+14,2
4.88021E+14,2
4.88021E+14,2
4.88021E+14,2
4.88022E+14,2
4.88022E+14,2
4.88022E+14,3
4.88022E+14,2
4.88022E+14,2
4.88022E+14,3
4.88022E+14,3
4.88022E+14,3
4.88022E+14,2
4.88022E+14,2
4.88022E+14,2
4.88022E+14,2
4.88022E+14,2
4.88022E+14,3
4.88023E+14,1
4.88023E+14,2
4.88023E+14,2
4.88023E+14,2
4.88023E+14,2
4.88023E+14,3
4.88023E+14,3
4.88023E+14,3
4.88023E+14,3
4.88023E+14,3
4.88023E+14,3
4.88023E+14,3
4.88023E+14,3
4.88023E+14,2
4.88023E+14,1
4.88023E+14,3
4.88023E+14,3
4.88023E+14,1
4.88023E+14,3
4.88023E+14,3
4.88023E+14,3
4.88023E+14,3
4.88023E+14,3
4.88023E+14,3
4.88023E+14,2
4.88023E+14,2
4.88023E+14,3
4.88023E+14,2
4.88023E+14,2
4.88023E+14,2
4.88023E+14,2
4.88023E+14,3
4.88023E+14,3
4.93303E+14,2
4.93303E+14,2
4.93303E+14,2
4.93303E+14,3
4.93303E+14,2
4.93303E+14,2
4.93303E+14,2
4.93303E+14,2
4.93303E+14,2
4.93303E+14,2
4.93303E+14,2
4.93303E+14,2
4.93303E+14,2
4.93303E+14,2
4.93303E+14,2
4.93303E+14,2
4.93303E+14,2
4.93303E+14,2
4.93303E+14,2
4.93303E+14,2
4.93303E+14,3
4.93303E+14,2
4.93303E+14,2
4.93303E+14,2
4.93303E+14,2
4.93303E+14,2
4.93303E+14,2
4.93303E+14,2
4.93303E+14,2
4.93303E+14,2
4.93303E+14,3
4.93303E+14,3
4.93303E+14,2
4.93303E+14,2
4.93303E+14,2
4.93303E+14,2
4.93303E+14,2
4.93303E+14,2
4.93303E+14,2
4.93303E+14,2
4.93303E+14,2
4.93303E+14,2
4.93303E+14,2
4.93303E+14,2
4.93303E+14,2
4.93303E+14,3
4.93303E+14,3
4.93303E+14,3
4.93303E+14,2
4.93303E+14,2
4.93303E+14,2
4.93303E+14,2
4.93303E+14,2
4.93303E+14,2
4.93303E+14,2
4.93303E+14,2
4.93303E+14,2
4.93303E+14,2
4.93303E+14,2
4.93303E+14,2
4.93303E+14,2
4.93303E+14,2
4.93303E+14,2
4.93303E+14,2
4.93303E+14,2
4.93303E+14,2
4.93303E+14,2
4.93303E+14,2
4.93303E+14,2
4.93303E+14,2
4.93303E+14,2
4.93303E+14,2
4.93303E+14,2
4.93303E+14,2
4.93303E+14,2
4.93303E+14,2
4.93303E+14,2
4.93303E+14,2
4.93303E+14,2
4.93303E+14,2
4.93303E+14,2
4.93303E+14,2
4.93303E+14,2
4.93303E+14,2
4.93303E+14,2
4.93303E+14,2
4.93303E+14,2
4.93303E+14,2
4.93303E+14,2
4.93304E+14,2
4.93304E+14,2
4.93304E+14,2
4.93304E+14,2
4.93304E+14,2
4.93304E+14,2
4.93304E+14,2
5.09642E+14,2
5.09642E+14,2
5.09642E+14,1
5.09642E+14,2
5.09642E+14,1
5.09642E+14,2
5.09642E+14,2
5.09642E+14,2
5.09642E+14,1
5.09642E+14,1
5.09642E+14,2
5.09642E+14,2
5.09642E+14,1
5.09642E+14,2
5.09642E+14,1
5.09642E+14,2
5.09642E+14,2
5.09642E+14,1
5.09642E+14,1
5.09642E+14,1
5.09642E+14,1
5.09642E+14,1
5.09642E+14,2
5.09642E+14,2
5.09642E+14,2
5.09642E+14,1
5.09642E+14,1
5.09642E+14,1
5.09642E+14,1
5.09642E+14,1
5.09642E+14,2
5.09642E+14,1
5.09642E+14,2
5.09642E+14,1
5.09642E+14,2
5.09642E+14,2
5.09642E+14,2
5.09642E+14,2
5.09642E+14,1
5.09642E+14,1
5.09642E+14,1
5.09642E+14,1
5.09642E+14,1
5.09642E+14,1
5.09642E+14,1
5.09642E+14,1
5.09642E+14,1
5.09642E+14,1
5.09642E+14,1
5.09642E+14,2
5.09642E+14,1
5.09642E+14,2
5.09642E+14,2
5.09642E+14,2
5.09642E+14,2
5.09642E+14,1
5.09642E+14,1
5.09642E+14,1
5.09642E+14,1
5.09642E+14,1
5.09642E+14,1
5.09642E+14,2
5.09642E+14,2
5.09642E+14,2
5.09642E+14,1
5.09642E+14,1
5.09642E+14,1
5.09642E+14,1
5.09642E+14,1
5.09642E+14,1
5.09642E+14,1
5.09642E+14,1
5.09642E+14,1
5.09642E+14,1
5.09642E+14,1
5.09642E+14,1
5.09642E+14,1
5.09642E+14,1
5.09642E+14,1
5.09642E+14,1
5.09642E+14,1
5.09642E+14,1
5.09642E+14,2
5.09642E+14,1
5.09642E+14,1
5.09642E+14,1
5.09642E+14,1
5.09642E+14,1
5.09642E+14,1
5.09642E+14,1
5.09642E+14,1
5.09642E+14,1
5.09642E+14,1
5.09642E+14,1
5.09642E+14,1
5.09642E+14,1
5.09642E+14,1
5.09642E+14,1
5.09642E+14,1
5.09642E+14,1
5.09642E+14,1
5.09642E+14,1
5.09642E+14,1
5.09642E+14,1
5.09642E+14,1
5.09642E+14,1
5.09642E+14,1
5.09642E+14,1
5.09642E+14,1
5.09642E+14,1
5.09642E+14,1
5.09642E+14,1
5.09642E+14,1
5.09642E+14,1
5.09642E+14,1
5.09642E+14,1
5.09642E+14,1
5.09642E+14,1
5.09642E+14,1
5.09642E+14,1
5.09642E+14,1
5.09642E+14,1
5.09642E+14,1
5.09642E+14,1
5.09642E+14,1
5.09642E+14,1
5.09642E+14,1
5.09642E+14,1
5.09642E+14,1
5.09642E+14,1
5.09643E+14,1
5.09643E+14,1
5.09643E+14,1
5.09643E+14,1
5.09643E+14,1
5.09643E+14,1
5.09643E+14,1
5.09643E+14,1
5.09643E+14,1
5.09643E+14,1
5.09643E+14,1
5.09643E+14,1
5.09643E+14,1
5.09643E+14,1
5.09643E+14,1
5.09643E+14,1
5.09643E+14,1
5.09643E+14,1
5.09643E+14,1
5.09643E+14,1
5.09643E+14,1
5.09643E+14,1
5.09643E+14,1
5.09643E+14,1
5.09643E+14,1
5.09643E+14,1
5.09643E+14,1
5.09643E+14,1
5.09643E+14,1
5.09643E+14,1
5.09643E+14,1
5.09643E+14,1
5.09643E+14,1
5.09643E+14,1
5.09643E+14,1
5.09643E+14,1
5.09643E+14,1
5.09643E+14,1
5.09643E+14,1
5.09643E+14,1
5.09643E+14,1
5.09643E+14,1
5.09643E+14,1
5.09643E+14,1
5.09643E+14,1
5.11305E+14,2
5.11305E+14,1
5.11305E+14,1
5.11305E+14,1
5.11305E+14,1
5.11305E+14,1
5.11305E+14,2
5.11305E+14,2
5.11305E+14,2
5.11305E+14,2
5.11305E+14,2
5.11305E+14,2
5.11305E+14,2
5.11305E+14,2
5.11305E+14,2
5.11305E+14,1
5.11305E+14,1
5.11305E+14,1
5.11305E+14,1
5.11305E+14,1
5.11305E+14,1
5.11305E+14,1
5.23738E+14,2
5.23738E+14,2
5.23738E+14,2
5.23738E+14,2
5.23738E+14,2
5.23738E+14,2
5.23738E+14,2
5.23738E+14,2
5.23738E+14,2
5.23738E+14,1
5.23738E+14,1
5.23738E+14,1
5.23738E+14,1
5.23738E+14,1
5.23738E+14,1
5.23738E+14,1
5.23738E+14,1
5.23738E+14,1
5.23738E+14,1
5.23738E+14,1
5.23738E+14,1
5.23738E+14,1
5.23738E+14,1
5.23738E+14,1
5.23738E+14,1
5.23738E+14,1
5.23738E+14,1
5.23738E+14,2
5.23738E+14,2
5.23738E+14,2
5.23738E+14,2
5.23738E+14,2
5.23738E+14,2
5.23738E+14,2
5.23738E+14,2
5.23738E+14,2
5.23738E+14,1
5.23738E+14,2
5.23738E+14,2
5.23738E+14,2
5.23738E+14,2
5.23738E+14,1
5.23738E+14,2
5.23738E+14,1
5.23738E+14,1
5.23738E+14,1
5.23738E+14,1
5.23738E+14,1
5.23738E+14,1
5.23738E+14,2
5.23738E+14,1
5.23738E+14,2
5.23738E+14,2
5.23738E+14,2
5.23738E+14,2
5.23738E+14,2
5.23738E+14,2
5.23738E+14,2
5.23738E+14,2
5.23738E+14,2
5.23738E+14,2
5.23738E+14,2
5.23738E+14,2
5.23738E+14,2
5.23738E+14,2
5.23738E+14,2
5.23738E+14,2
5.23738E+14,1
5.23738E+14,1
5.23738E+14,2
5.23738E+14,2
5.23738E+14,1
5.23738E+14,1
5.23738E+14,1
5.23738E+14,1
5.23738E+14,1
5.23738E+14,1
5.23738E+14,1
5.23738E+14,1
5.23738E+14,2
5.23738E+14,2
5.23738E+14,2
5.23738E+14,2
5.23738E+14,2
5.23738E+14,2
5.23738E+14,2
5.23738E+14,2
5.23738E+14,2
5.23739E+14,2
5.23739E+14,2
5.23739E+14,2
5.23739E+14,2
5.23739E+14,1
5.23739E+14,1
5.23739E+14,1
5.23739E+14,1
5.23739E+14,2
5.23739E+14,2
5.23739E+14,1
5.23739E+14,2
5.23739E+14,1
5.23739E+14,1
5.23739E+14,1
5.23739E+14,1
5.23739E+14,1
5.23739E+14,1
5.23739E+14,2
5.23739E+14,2
5.23739E+14,1
5.23739E+14,1
5.23739E+14,1
5.23739E+14,2
5.23739E+14,2
5.23739E+14,2
5.23739E+14,1
5.23739E+14,2
5.23739E+14,2
5.23739E+14,2
5.23739E+14,2
5.23739E+14,2
5.23739E+14,1
5.33664E+14,3
5.33664E+14,3
5.33664E+14,3
5.33664E+14,1
5.33664E+14,3
5.33664E+14,3
5.33664E+14,3
5.33664E+14,2
5.33664E+14,2
5.33664E+14,2
5.33664E+14,2
5.33664E+14,2
5.33664E+14,2
5.33664E+14,2
5.33664E+14,3
5.33664E+14,2
5.33664E+14,3
5.33664E+14,2
5.33664E+14,1
5.33664E+14,2
5.33664E+14,3
5.33664E+14,2
5.33664E+14,2
5.33664E+14,2
5.33664E+14,2
5.33664E+14,2
5.33664E+14,2
5.33664E+14,2
5.33664E+14,2
5.33664E+14,2
5.33664E+14,3
5.33664E+14,3
5.33664E+14,3
5.33664E+14,3
5.33664E+14,3
5.33664E+14,2
5.33664E+14,1
5.33664E+14,2
5.33664E+14,2
5.33664E+14,2
5.33664E+14,1
5.33664E+14,1
5.33665E+14,2
5.33665E+14,2
5.33665E+14,1
5.33665E+14,1
5.33665E+14,1
5.33665E+14,1
5.33665E+14,2
5.33665E+14,2
5.33665E+14,2
5.33665E+14,2
5.33665E+14,3
5.33665E+14,3
5.33665E+14,3
5.33665E+14,3
5.33665E+14,3
5.33665E+14,1
5.33665E+14,1
5.33665E+14,2
5.33665E+14,2
5.33665E+14,3
5.33665E+14,3
5.33665E+14,3
5.33665E+14,3
5.33665E+14,3
5.33665E+14,1
5.33665E+14,2
5.33665E+14,1
5.33665E+14,1
5.33665E+14,1
5.33665E+14,1
5.33665E+14,2
5.33665E+14,1
5.33665E+14,1
5.33665E+14,1
5.33665E+14,1
5.33665E+14,1
5.33665E+14,2
5.33665E+14,3
5.33665E+14,3
5.33665E+14,3
5.33665E+14,3
5.33665E+14,2
5.33665E+14,2
5.33665E+14,2
5.33665E+14,2
5.33665E+14,3
5.33665E+14,3
5.33665E+14,3
5.33665E+14,3
5.33665E+14,3
5.33665E+14,3
5.33665E+14,2
5.33665E+14,2
5.33665E+14,2
5.33665E+14,2
5.33665E+14,2
5.33665E+14,1
5.33665E+14,2
5.33665E+14,2
5.33665E+14,3
5.33665E+14,3
5.33665E+14,3
5.33665E+14,3
5.33665E+14,2
5.33665E+14,2
5.33665E+14,3
5.33665E+14,3
5.33665E+14,3
5.33665E+14,2
5.33665E+14,3
5.33665E+14,2
5.33665E+14,2
5.33665E+14,2
5.33665E+14,2
5.33665E+14,2
5.33665E+14,3
5.33665E+14,3
5.33665E+14,3
5.33665E+14,3
5.33665E+14,3
5.33665E+14,3
5.33665E+14,3
5.33665E+14,3
5.33665E+14,3
5.33665E+14,2
5.33665E+14,3
5.33665E+14,3
5.33665E+14,2
5.33665E+14,2
5.33665E+14,2
5.33665E+14,2
5.33665E+14,3
5.33665E+14,3
5.33665E+14,3
5.33665E+14,3
5.33665E+14,3
5.33665E+14,3
5.33665E+14,2
5.33665E+14,2
5.33665E+14,2
5.33665E+14,2
5.33665E+14,2
5.33665E+14,3
5.33665E+14,3
5.33665E+14,3
5.33665E+14,3
5.33665E+14,3
5.35844E+14,2
5.35844E+14,2
5.35844E+14,2
5.35844E+14,2
5.35844E+14,1
5.35844E+14,2
5.35844E+14,2
5.35844E+14,2
5.35844E+14,2
5.35844E+14,1
5.35844E+14,2
5.35844E+14,1
5.35844E+14,1
5.35844E+14,1
5.35844E+14,2
5.35844E+14,2
5.35844E+14,1
5.35844E+14,2
5.35844E+14,2
5.35844E+14,2
5.35844E+14,2
5.35844E+14,1
5.35844E+14,2
5.35844E+14,2
5.35844E+14,1
5.35844E+14,2
5.35844E+14,2
5.35844E+14,2
5.35844E+14,1
5.35844E+14,1
5.35844E+14,1
5.35844E+14,2
5.35844E+14,2
5.35844E+14,2
5.35844E+14,2
5.35844E+14,2
5.35844E+14,2
5.35844E+14,2
5.35844E+14,2
5.35844E+14,2
5.35844E+14,2
5.35844E+14,2
5.35844E+14,2
5.35844E+14,2
5.35844E+14,2
5.35844E+14,2
5.35844E+14,2
5.35844E+14,2
5.35844E+14,2
5.35844E+14,2
5.35844E+14,2
5.35844E+14,2
5.35844E+14,2
5.35844E+14,2
5.35844E+14,2
5.35844E+14,2
5.35844E+14,2
5.35844E+14,2
5.35844E+14,2
5.35844E+14,2
5.35844E+14,2
5.35844E+14,2
5.35844E+14,2
5.35844E+14,2
5.35844E+14,1
5.35844E+14,1
5.35844E+14,1
5.35844E+14,1
5.35844E+14,1
5.35844E+14,1
5.35844E+14,2
5.35844E+14,2
5.35844E+14,2
5.35844E+14,2
5.35844E+14,2
5.35844E+14,2
5.35844E+14,1
5.35844E+14,1
5.35844E+14,1
5.35844E+14,2
5.35844E+14,1
5.35844E+14,2
5.35844E+14,2
5.35844E+14,2
5.35844E+14,1
5.35844E+14,2
5.35844E+14,1
5.35844E+14,2
5.35844E+14,1
5.35844E+14,1
5.35844E+14,2
5.35844E+14,2
5.35844E+14,1
5.35844E+14,1
5.35844E+14,1
5.35844E+14,1
5.35844E+14,1
5.35844E+14,1
5.35844E+14,2
5.35844E+14,2
5.35844E+14,2
5.35844E+14,2
5.35844E+14,2
5.35844E+14,2
5.35844E+14,2
5.35844E+14,2
5.35844E+14,1
5.35844E+14,1
5.35844E+14,1
5.35844E+14,1
5.35844E+14,1
5.35844E+14,2
5.35844E+14,2
5.35844E+14,2
5.35844E+14,2
5.35844E+14,2
5.35844E+14,2
5.35844E+14,2
5.35844E+14,2
5.35844E+14,2
5.35844E+14,1
5.35844E+14,2
5.35844E+14,2
5.35844E+14,2
5.35844E+14,2
5.35844E+14,2
5.35844E+14,2
5.35844E+14,1
5.35844E+14,2
5.35844E+14,2
5.35844E+14,2
5.35844E+14,2
5.35844E+14,2
5.35844E+14,2
5.35844E+14,2
5.35844E+14,2
5.35844E+14,2
5.35844E+14,2
5.35844E+14,2
5.35844E+14,2
5.35844E+14,2
5.35844E+14,2
5.35844E+14,3
5.35844E+14,1
5.35844E+14,1
5.35844E+14,1
5.35844E+14,1
5.35844E+14,1
5.35844E+14,2
5.35844E+14,1
5.35844E+14,1
5.35844E+14,1
5.35844E+14,1
5.35844E+14,1
5.35844E+14,2
5.35844E+14,1
5.35844E+14,2
5.35844E+14,2
5.35844E+14,2
5.35844E+14,2
5.35844E+14,1
5.35844E+14,2
5.35844E+14,1
5.35844E+14,1
5.35844E+14,1
5.35844E+14,2
5.35844E+14,2
5.35844E+14,1
5.35844E+14,2
5.35844E+14,1
5.35844E+14,2
5.35844E+14,2
5.35844E+14,2
5.35844E+14,2
5.35844E+14,2
5.35844E+14,2
5.35844E+14,2
5.35844E+14,2
5.35844E+14,2
5.35844E+14,2
5.35844E+14,2
5.35844E+14,2
5.35844E+14,2
5.35844E+14,2
5.35844E+14,2
5.48083E+14,2
5.48083E+14,2
5.48083E+14,2
5.48083E+14,2
5.48083E+14,2
5.48083E+14,2
5.48083E+14,2
5.48083E+14,2
5.48083E+14,3
5.48083E+14,2
5.48083E+14,2
5.48083E+14,3
5.48083E+14,3
5.48083E+14,2
5.48083E+14,3
5.48083E+14,2
5.48083E+14,2
5.48083E+14,3
5.48083E+14,3
5.48083E+14,2
5.48083E+14,2
5.48083E+14,2
5.48083E+14,2
5.48083E+14,2
5.48083E+14,2
5.48084E+14,2
5.48084E+14,2
5.48084E+14,2
5.48084E+14,2
5.48084E+14,2
5.48084E+14,2
5.48084E+14,2
5.48084E+14,2
5.48084E+14,2
5.48084E+14,2
5.48084E+14,2
5.49072E+14,2
5.49072E+14,2
5.49072E+14,2
5.49072E+14,2
5.49072E+14,2
5.49072E+14,2
5.49072E+14,2
5.49072E+14,2
5.49072E+14,2
5.49072E+14,2
5.49072E+14,2
5.49072E+14,2
5.49072E+14,2
5.49072E+14,2
5.49072E+14,2
5.49072E+14,2
5.49072E+14,2
5.49072E+14,2
5.49072E+14,2
5.49072E+14,2
5.49072E+14,2
5.49072E+14,3
5.49072E+14,3
5.49072E+14,2
5.49072E+14,3
5.49072E+14,3
5.49072E+14,2
5.49072E+14,3
5.49072E+14,3
5.49072E+14,2
5.49072E+14,2
5.49072E+14,2
5.49072E+14,3
5.49072E+14,2
5.49072E+14,2
5.49072E+14,2
5.49072E+14,2
5.49072E+14,2
5.49072E+14,2
5.49072E+14,2
5.49072E+14,2
5.49072E+14,2
5.49072E+14,2
5.49072E+14,2
5.49072E+14,2
5.49072E+14,2
5.49072E+14,2
5.49072E+14,2
5.49072E+14,2
5.49072E+14,2
5.49072E+14,2
5.49072E+14,2
5.49072E+14,2
5.49072E+14,2
5.49072E+14,2
5.49072E+14,2
5.49072E+14,2
5.49072E+14,2
5.49072E+14,2
5.49072E+14,2
5.49072E+14,2
5.49072E+14,2
5.49072E+14,2
5.49072E+14,2
5.49072E+14,3
5.49072E+14,2
5.49072E+14,2
5.49072E+14,2
5.49072E+14,2
5.49072E+14,2
5.49072E+14,2
5.49072E+14,2
5.49072E+14,2
5.49072E+14,2
5.49072E+14,3
5.49072E+14,3
5.49072E+14,3
5.49072E+14,3
5.49072E+14,3
5.49072E+14,3
5.49072E+14,3
5.49072E+14,2
5.49072E+14,2
5.49072E+14,2
5.49072E+14,2
5.49072E+14,2
5.49072E+14,2
5.49072E+14,2
5.49072E+14,2
5.49073E+14,2
5.49073E+14,2
5.49073E+14,2
5.49073E+14,2
5.49073E+14,2
5.49073E+14,2
5.49073E+14,3
5.49073E+14,2
5.49073E+14,2
5.49073E+14,2
5.49073E+14,2
5.49073E+14,2
5.49073E+14,2
5.49073E+14,2
5.49073E+14,2
5.49073E+14,2
5.49073E+14,2
5.49073E+14,2
5.49073E+14,2
5.49073E+14,2
5.49073E+14,2
5.49073E+14,3
5.49073E+14,3
5.49073E+14,2
5.49073E+14,2
5.49073E+14,2
5.49073E+14,2
5.49073E+14,2
5.49073E+14,2
5.49073E+14,3
5.49073E+14,3
5.49073E+14,2
5.49073E+14,2
5.49073E+14,2
5.49073E+14,2
5.49073E+14,2
5.49073E+14,2
5.49073E+14,2
5.49073E+14,2
5.49073E+14,2
5.49073E+14,2
5.49073E+14,2
5.49073E+14,2
5.49073E+14,2
5.49073E+14,2
5.49073E+14,2
5.49073E+14,2
5.49073E+14,2
5.49073E+14,2
5.49073E+14,2
5.49073E+14,2
5.49073E+14,2
5.49073E+14,2
5.49073E+14,3
5.49073E+14,2
5.49073E+14,2
5.49073E+14,2
5.49073E+14,2
5.49073E+14,2
5.49073E+14,3
5.49073E+14,3
5.49073E+14,2
5.49073E+14,3
5.49073E+14,3
5.49073E+14,3
5.49073E+14,2
5.49073E+14,2
5.49073E+14,2
5.49073E+14,2
5.49073E+14,2
5.49073E+14,2
5.49073E+14,2
5.49073E+14,2
5.49073E+14,2
5.49073E+14,2
5.49073E+14,3
5.49073E+14,2
5.49073E+14,2
5.49073E+14,3
5.49073E+14,2
5.49073E+14,2
5.49073E+14,2
5.49073E+14,2
5.49073E+14,2
5.49073E+14,2
5.49073E+14,2
5.49073E+14,2
5.49073E+14,2
5.49073E+14,2
5.49073E+14,3
5.49073E+14,3
5.49073E+14,3
5.49073E+14,3
5.49073E+14,3
5.49073E+14,3
5.49073E+14,3
5.49073E+14,3
5.49073E+14,2
5.49073E+14,2
5.49073E+14,2
5.49073E+14,2
5.49073E+14,2
5.49073E+14,3
5.49073E+14,2
5.49073E+14,3
6.78976E+14,1
6.78976E+14,1
6.78976E+14,1
6.78976E+14,1
6.78976E+14,2
6.78976E+14,2
6.78976E+14,2
6.78976E+14,2
6.78977E+14,1
6.78977E+14,2
6.78977E+14,2
6.78977E+14,2
6.78977E+14,2
6.78977E+14,2
6.78977E+14,1
6.78977E+14,1
6.78977E+14,2
6.78977E+14,2
6.78977E+14,2
6.78977E+14,2
6.78977E+14,2
6.78977E+14,2
6.78977E+14,2
6.78977E+14,2
6.78977E+14,1
6.78977E+14,1
6.78977E+14,2
